# OpenClinXR Anny source mesh (stub)
mtllib anny_stub.mtl
v 0.000000 0.524103 0.000000
vt 0.000000 0.000000
v 0.060413 0.537048 0.000000
vt 0.000000 0.024000
v 0.114912 0.574618 0.000000
vt 0.000000 0.048000
v 0.158163 0.633134 0.000000
vt 0.000000 0.072000
v 0.185932 0.706868 0.000000
vt 0.000000 0.096000
v 0.195500 0.788603 0.000000
vt 0.000000 0.120000
v 0.185932 0.870338 0.000000
vt 0.000000 0.144000
v 0.158163 0.944072 0.000000
vt 0.000000 0.168000
v 0.114912 1.002588 0.000000
vt 0.000000 0.192000
v 0.060413 1.040157 0.000000
vt 0.000000 0.216000
v 0.000000 1.053103 0.000000
vt 0.000000 0.240000
v 0.000000 0.524103 0.000000
vt 0.010000 0.000000
v 0.056769 0.537048 0.018232
vt 0.010000 0.024000
v 0.107982 0.574618 0.034678
vt 0.010000 0.048000
v 0.148624 0.633134 0.047731
vt 0.010000 0.072000
v 0.174719 0.706868 0.056111
vt 0.010000 0.096000
v 0.183710 0.788603 0.058998
vt 0.010000 0.120000
v 0.174719 0.870338 0.056111
vt 0.010000 0.144000
v 0.148624 0.944072 0.047731
vt 0.010000 0.168000
v 0.107982 1.002588 0.034678
vt 0.010000 0.192000
v 0.056769 1.040157 0.018232
vt 0.010000 0.216000
v 0.000000 1.053103 0.000000
vt 0.010000 0.240000
v 0.000000 0.524103 0.000000
vt 0.020000 0.000000
v 0.046279 0.537048 0.034264
vt 0.020000 0.024000
v 0.088028 0.574618 0.065174
vt 0.020000 0.048000
v 0.121160 0.633134 0.089705
vt 0.020000 0.072000
v 0.142432 0.706868 0.105454
vt 0.020000 0.096000
v 0.149762 0.788603 0.110881
vt 0.020000 0.120000
v 0.142432 0.870338 0.105454
vt 0.020000 0.144000
v 0.121160 0.944072 0.089705
vt 0.020000 0.168000
v 0.088028 1.002588 0.065174
vt 0.020000 0.192000
v 0.046279 1.040157 0.034264
vt 0.020000 0.216000
v 0.000000 1.053103 0.000000
vt 0.020000 0.240000
v 0.000000 0.524103 0.000000
vt 0.030000 0.000000
v 0.030206 0.537048 0.046164
vt 0.030000 0.024000
v 0.057456 0.574618 0.087809
vt 0.030000 0.048000
v 0.079081 0.633134 0.120859
vt 0.030000 0.072000
v 0.092966 0.706868 0.142078
vt 0.030000 0.096000
v 0.097750 0.788603 0.149389
vt 0.030000 0.120000
v 0.092966 0.870338 0.142078
vt 0.030000 0.144000
v 0.079081 0.944072 0.120859
vt 0.030000 0.168000
v 0.057456 1.002588 0.087809
vt 0.030000 0.192000
v 0.030206 1.040157 0.046164
vt 0.030000 0.216000
v 0.000000 1.053103 0.000000
vt 0.030000 0.240000
v 0.000000 0.524103 0.000000
vt 0.040000 0.000000
v 0.010491 0.537048 0.052496
vt 0.040000 0.024000
v 0.019954 0.574618 0.099853
vt 0.040000 0.048000
v 0.027465 0.633134 0.137435
vt 0.040000 0.072000
v 0.032287 0.706868 0.161565
vt 0.040000 0.096000
v 0.033948 0.788603 0.169879
vt 0.040000 0.120000
v 0.032287 0.870338 0.161565
vt 0.040000 0.144000
v 0.027465 0.944072 0.137435
vt 0.040000 0.168000
v 0.019954 1.002588 0.099853
vt 0.040000 0.192000
v 0.010491 1.040157 0.052496
vt 0.040000 0.216000
v 0.000000 1.053103 0.000000
vt 0.040000 0.240000
v -0.000000 0.524103 0.000000
vt 0.050000 0.000000
v -0.010491 0.537048 0.052496
vt 0.050000 0.024000
v -0.019954 0.574618 0.099853
vt 0.050000 0.048000
v -0.027465 0.633134 0.137435
vt 0.050000 0.072000
v -0.032287 0.706868 0.161565
vt 0.050000 0.096000
v -0.033948 0.788603 0.169879
vt 0.050000 0.120000
v -0.032287 0.870338 0.161565
vt 0.050000 0.144000
v -0.027465 0.944072 0.137435
vt 0.050000 0.168000
v -0.019954 1.002588 0.099853
vt 0.050000 0.192000
v -0.010491 1.040157 0.052496
vt 0.050000 0.216000
v -0.000000 1.053103 0.000000
vt 0.050000 0.240000
v -0.000000 0.524103 0.000000
vt 0.060000 0.000000
v -0.030206 0.537048 0.046164
vt 0.060000 0.024000
v -0.057456 0.574618 0.087809
vt 0.060000 0.048000
v -0.079081 0.633134 0.120859
vt 0.060000 0.072000
v -0.092966 0.706868 0.142078
vt 0.060000 0.096000
v -0.097750 0.788603 0.149389
vt 0.060000 0.120000
v -0.092966 0.870338 0.142078
vt 0.060000 0.144000
v -0.079081 0.944072 0.120859
vt 0.060000 0.168000
v -0.057456 1.002588 0.087809
vt 0.060000 0.192000
v -0.030206 1.040157 0.046164
vt 0.060000 0.216000
v -0.000000 1.053103 0.000000
vt 0.060000 0.240000
v -0.000000 0.524103 0.000000
vt 0.070000 0.000000
v -0.046279 0.537048 0.034264
vt 0.070000 0.024000
v -0.088028 0.574618 0.065174
vt 0.070000 0.048000
v -0.121160 0.633134 0.089705
vt 0.070000 0.072000
v -0.142432 0.706868 0.105454
vt 0.070000 0.096000
v -0.149762 0.788603 0.110881
vt 0.070000 0.120000
v -0.142432 0.870338 0.105454
vt 0.070000 0.144000
v -0.121160 0.944072 0.089705
vt 0.070000 0.168000
v -0.088028 1.002588 0.065174
vt 0.070000 0.192000
v -0.046279 1.040157 0.034264
vt 0.070000 0.216000
v -0.000000 1.053103 0.000000
vt 0.070000 0.240000
v -0.000000 0.524103 0.000000
vt 0.080000 0.000000
v -0.056769 0.537048 0.018232
vt 0.080000 0.024000
v -0.107982 0.574618 0.034678
vt 0.080000 0.048000
v -0.148624 0.633134 0.047731
vt 0.080000 0.072000
v -0.174719 0.706868 0.056111
vt 0.080000 0.096000
v -0.183710 0.788603 0.058998
vt 0.080000 0.120000
v -0.174719 0.870338 0.056111
vt 0.080000 0.144000
v -0.148624 0.944072 0.047731
vt 0.080000 0.168000
v -0.107982 1.002588 0.034678
vt 0.080000 0.192000
v -0.056769 1.040157 0.018232
vt 0.080000 0.216000
v -0.000000 1.053103 0.000000
vt 0.080000 0.240000
v -0.000000 0.524103 0.000000
vt 0.090000 0.000000
v -0.060413 0.537048 0.000000
vt 0.090000 0.024000
v -0.114912 0.574618 0.000000
vt 0.090000 0.048000
v -0.158163 0.633134 0.000000
vt 0.090000 0.072000
v -0.185932 0.706868 0.000000
vt 0.090000 0.096000
v -0.195500 0.788603 0.000000
vt 0.090000 0.120000
v -0.185932 0.870338 0.000000
vt 0.090000 0.144000
v -0.158163 0.944072 0.000000
vt 0.090000 0.168000
v -0.114912 1.002588 0.000000
vt 0.090000 0.192000
v -0.060413 1.040157 0.000000
vt 0.090000 0.216000
v -0.000000 1.053103 0.000000
vt 0.090000 0.240000
v -0.000000 0.524103 -0.000000
vt 0.100000 0.000000
v -0.056769 0.537048 -0.018232
vt 0.100000 0.024000
v -0.107982 0.574618 -0.034678
vt 0.100000 0.048000
v -0.148624 0.633134 -0.047731
vt 0.100000 0.072000
v -0.174719 0.706868 -0.056111
vt 0.100000 0.096000
v -0.183710 0.788603 -0.058998
vt 0.100000 0.120000
v -0.174719 0.870338 -0.056111
vt 0.100000 0.144000
v -0.148624 0.944072 -0.047731
vt 0.100000 0.168000
v -0.107982 1.002588 -0.034678
vt 0.100000 0.192000
v -0.056769 1.040157 -0.018232
vt 0.100000 0.216000
v -0.000000 1.053103 -0.000000
vt 0.100000 0.240000
v -0.000000 0.524103 -0.000000
vt 0.110000 0.000000
v -0.046279 0.537048 -0.034264
vt 0.110000 0.024000
v -0.088028 0.574618 -0.065174
vt 0.110000 0.048000
v -0.121160 0.633134 -0.089705
vt 0.110000 0.072000
v -0.142432 0.706868 -0.105454
vt 0.110000 0.096000
v -0.149762 0.788603 -0.110881
vt 0.110000 0.120000
v -0.142432 0.870338 -0.105454
vt 0.110000 0.144000
v -0.121160 0.944072 -0.089705
vt 0.110000 0.168000
v -0.088028 1.002588 -0.065174
vt 0.110000 0.192000
v -0.046279 1.040157 -0.034264
vt 0.110000 0.216000
v -0.000000 1.053103 -0.000000
vt 0.110000 0.240000
v -0.000000 0.524103 -0.000000
vt 0.120000 0.000000
v -0.030206 0.537048 -0.046164
vt 0.120000 0.024000
v -0.057456 0.574618 -0.087809
vt 0.120000 0.048000
v -0.079081 0.633134 -0.120859
vt 0.120000 0.072000
v -0.092966 0.706868 -0.142078
vt 0.120000 0.096000
v -0.097750 0.788603 -0.149389
vt 0.120000 0.120000
v -0.092966 0.870338 -0.142078
vt 0.120000 0.144000
v -0.079081 0.944072 -0.120859
vt 0.120000 0.168000
v -0.057456 1.002588 -0.087809
vt 0.120000 0.192000
v -0.030206 1.040157 -0.046164
vt 0.120000 0.216000
v -0.000000 1.053103 -0.000000
vt 0.120000 0.240000
v -0.000000 0.524103 -0.000000
vt 0.130000 0.000000
v -0.010491 0.537048 -0.052496
vt 0.130000 0.024000
v -0.019954 0.574618 -0.099853
vt 0.130000 0.048000
v -0.027465 0.633134 -0.137435
vt 0.130000 0.072000
v -0.032287 0.706868 -0.161565
vt 0.130000 0.096000
v -0.033948 0.788603 -0.169879
vt 0.130000 0.120000
v -0.032287 0.870338 -0.161565
vt 0.130000 0.144000
v -0.027465 0.944072 -0.137435
vt 0.130000 0.168000
v -0.019954 1.002588 -0.099853
vt 0.130000 0.192000
v -0.010491 1.040157 -0.052496
vt 0.130000 0.216000
v -0.000000 1.053103 -0.000000
vt 0.130000 0.240000
v 0.000000 0.524103 -0.000000
vt 0.140000 0.000000
v 0.010491 0.537048 -0.052496
vt 0.140000 0.024000
v 0.019954 0.574618 -0.099853
vt 0.140000 0.048000
v 0.027465 0.633134 -0.137435
vt 0.140000 0.072000
v 0.032287 0.706868 -0.161565
vt 0.140000 0.096000
v 0.033948 0.788603 -0.169879
vt 0.140000 0.120000
v 0.032287 0.870338 -0.161565
vt 0.140000 0.144000
v 0.027465 0.944072 -0.137435
vt 0.140000 0.168000
v 0.019954 1.002588 -0.099853
vt 0.140000 0.192000
v 0.010491 1.040157 -0.052496
vt 0.140000 0.216000
v 0.000000 1.053103 -0.000000
vt 0.140000 0.240000
v 0.000000 0.524103 -0.000000
vt 0.150000 0.000000
v 0.030206 0.537048 -0.046164
vt 0.150000 0.024000
v 0.057456 0.574618 -0.087809
vt 0.150000 0.048000
v 0.079081 0.633134 -0.120859
vt 0.150000 0.072000
v 0.092966 0.706868 -0.142078
vt 0.150000 0.096000
v 0.097750 0.788603 -0.149389
vt 0.150000 0.120000
v 0.092966 0.870338 -0.142078
vt 0.150000 0.144000
v 0.079081 0.944072 -0.120859
vt 0.150000 0.168000
v 0.057456 1.002588 -0.087809
vt 0.150000 0.192000
v 0.030206 1.040157 -0.046164
vt 0.150000 0.216000
v 0.000000 1.053103 -0.000000
vt 0.150000 0.240000
v 0.000000 0.524103 -0.000000
vt 0.160000 0.000000
v 0.046279 0.537048 -0.034264
vt 0.160000 0.024000
v 0.088028 0.574618 -0.065174
vt 0.160000 0.048000
v 0.121160 0.633134 -0.089705
vt 0.160000 0.072000
v 0.142432 0.706868 -0.105454
vt 0.160000 0.096000
v 0.149762 0.788603 -0.110881
vt 0.160000 0.120000
v 0.142432 0.870338 -0.105454
vt 0.160000 0.144000
v 0.121160 0.944072 -0.089705
vt 0.160000 0.168000
v 0.088028 1.002588 -0.065174
vt 0.160000 0.192000
v 0.046279 1.040157 -0.034264
vt 0.160000 0.216000
v 0.000000 1.053103 -0.000000
vt 0.160000 0.240000
v 0.000000 0.524103 -0.000000
vt 0.170000 0.000000
v 0.056769 0.537048 -0.018232
vt 0.170000 0.024000
v 0.107982 0.574618 -0.034678
vt 0.170000 0.048000
v 0.148624 0.633134 -0.047731
vt 0.170000 0.072000
v 0.174719 0.706868 -0.056111
vt 0.170000 0.096000
v 0.183710 0.788603 -0.058998
vt 0.170000 0.120000
v 0.174719 0.870338 -0.056111
vt 0.170000 0.144000
v 0.148624 0.944072 -0.047731
vt 0.170000 0.168000
v 0.107982 1.002588 -0.034678
vt 0.170000 0.192000
v 0.056769 1.040157 -0.018232
vt 0.170000 0.216000
v 0.000000 1.053103 -0.000000
vt 0.170000 0.240000
v 0.000000 0.524103 -0.000000
vt 0.180000 0.000000
v 0.060413 0.537048 -0.000000
vt 0.180000 0.024000
v 0.114912 0.574618 -0.000000
vt 0.180000 0.048000
v 0.158163 0.633134 -0.000000
vt 0.180000 0.072000
v 0.185932 0.706868 -0.000000
vt 0.180000 0.096000
v 0.195500 0.788603 -0.000000
vt 0.180000 0.120000
v 0.185932 0.870338 -0.000000
vt 0.180000 0.144000
v 0.158163 0.944072 -0.000000
vt 0.180000 0.168000
v 0.114912 1.002588 -0.000000
vt 0.180000 0.192000
v 0.060413 1.040157 -0.000000
vt 0.180000 0.216000
v 0.000000 1.053103 -0.000000
vt 0.180000 0.240000
v 0.000000 0.274474 0.000000
vt 0.200000 0.040000
v 0.059990 0.281600 0.000000
vt 0.200000 0.072000
v 0.114108 0.302281 0.000000
vt 0.200000 0.104000
v 0.157057 0.334492 0.000000
vt 0.200000 0.136000
v 0.184631 0.375081 0.000000
vt 0.200000 0.168000
v 0.194133 0.420074 0.000000
vt 0.200000 0.200000
v 0.184631 0.465066 0.000000
vt 0.200000 0.232000
v 0.157057 0.505655 0.000000
vt 0.200000 0.264000
v 0.114108 0.537866 0.000000
vt 0.200000 0.296000
v 0.059990 0.558547 0.000000
vt 0.200000 0.328000
v 0.000000 0.565674 0.000000
vt 0.200000 0.360000
v 0.000000 0.274474 0.000000
vt 0.210000 0.040000
v 0.056373 0.281600 0.013740
vt 0.210000 0.072000
v 0.107227 0.302281 0.026134
vt 0.210000 0.104000
v 0.147585 0.334492 0.035971
vt 0.210000 0.136000
v 0.173497 0.375081 0.042286
vt 0.210000 0.168000
v 0.182425 0.420074 0.044463
vt 0.210000 0.200000
v 0.173497 0.465066 0.042286
vt 0.210000 0.232000
v 0.147585 0.505655 0.035971
vt 0.210000 0.264000
v 0.107227 0.537866 0.026134
vt 0.210000 0.296000
v 0.056373 0.558547 0.013740
vt 0.210000 0.328000
v 0.000000 0.565674 0.000000
vt 0.210000 0.360000
v 0.000000 0.274474 0.000000
vt 0.220000 0.040000
v 0.045955 0.281600 0.025822
vt 0.220000 0.072000
v 0.087412 0.302281 0.049117
vt 0.220000 0.104000
v 0.120313 0.334492 0.067603
vt 0.220000 0.136000
v 0.141436 0.375081 0.079473
vt 0.220000 0.168000
v 0.148714 0.420074 0.083562
vt 0.220000 0.200000
v 0.141436 0.465066 0.079473
vt 0.220000 0.232000
v 0.120313 0.505655 0.067603
vt 0.220000 0.264000
v 0.087412 0.537866 0.049117
vt 0.220000 0.296000
v 0.045955 0.558547 0.025822
vt 0.220000 0.328000
v 0.000000 0.565674 0.000000
vt 0.220000 0.360000
v 0.000000 0.274474 0.000000
vt 0.230000 0.040000
v 0.029995 0.281600 0.034790
vt 0.230000 0.072000
v 0.057054 0.302281 0.066175
vt 0.230000 0.104000
v 0.078528 0.334492 0.091082
vt 0.230000 0.136000
v 0.092316 0.375081 0.107073
vt 0.230000 0.168000
v 0.097066 0.420074 0.112583
vt 0.230000 0.200000
v 0.092316 0.465066 0.107073
vt 0.230000 0.232000
v 0.078528 0.505655 0.091082
vt 0.230000 0.264000
v 0.057054 0.537866 0.066175
vt 0.230000 0.296000
v 0.029995 0.558547 0.034790
vt 0.230000 0.328000
v 0.000000 0.565674 0.000000
vt 0.230000 0.360000
v 0.000000 0.274474 0.000000
vt 0.240000 0.040000
v 0.010417 0.281600 0.039562
vt 0.240000 0.072000
v 0.019815 0.302281 0.075251
vt 0.240000 0.104000
v 0.027273 0.334492 0.103574
vt 0.240000 0.136000
v 0.032061 0.375081 0.121759
vt 0.240000 0.168000
v 0.033711 0.420074 0.128025
vt 0.240000 0.200000
v 0.032061 0.465066 0.121759
vt 0.240000 0.232000
v 0.027273 0.505655 0.103574
vt 0.240000 0.264000
v 0.019815 0.537866 0.075251
vt 0.240000 0.296000
v 0.010417 0.558547 0.039562
vt 0.240000 0.328000
v 0.000000 0.565674 0.000000
vt 0.240000 0.360000
v -0.000000 0.274474 0.000000
vt 0.250000 0.040000
v -0.010417 0.281600 0.039562
vt 0.250000 0.072000
v -0.019815 0.302281 0.075251
vt 0.250000 0.104000
v -0.027273 0.334492 0.103574
vt 0.250000 0.136000
v -0.032061 0.375081 0.121759
vt 0.250000 0.168000
v -0.033711 0.420074 0.128025
vt 0.250000 0.200000
v -0.032061 0.465066 0.121759
vt 0.250000 0.232000
v -0.027273 0.505655 0.103574
vt 0.250000 0.264000
v -0.019815 0.537866 0.075251
vt 0.250000 0.296000
v -0.010417 0.558547 0.039562
vt 0.250000 0.328000
v -0.000000 0.565674 0.000000
vt 0.250000 0.360000
v -0.000000 0.274474 0.000000
vt 0.260000 0.040000
v -0.029995 0.281600 0.034790
vt 0.260000 0.072000
v -0.057054 0.302281 0.066175
vt 0.260000 0.104000
v -0.078528 0.334492 0.091082
vt 0.260000 0.136000
v -0.092316 0.375081 0.107073
vt 0.260000 0.168000
v -0.097066 0.420074 0.112583
vt 0.260000 0.200000
v -0.092316 0.465066 0.107073
vt 0.260000 0.232000
v -0.078528 0.505655 0.091082
vt 0.260000 0.264000
v -0.057054 0.537866 0.066175
vt 0.260000 0.296000
v -0.029995 0.558547 0.034790
vt 0.260000 0.328000
v -0.000000 0.565674 0.000000
vt 0.260000 0.360000
v -0.000000 0.274474 0.000000
vt 0.270000 0.040000
v -0.045955 0.281600 0.025822
vt 0.270000 0.072000
v -0.087412 0.302281 0.049117
vt 0.270000 0.104000
v -0.120313 0.334492 0.067603
vt 0.270000 0.136000
v -0.141436 0.375081 0.079473
vt 0.270000 0.168000
v -0.148714 0.420074 0.083562
vt 0.270000 0.200000
v -0.141436 0.465066 0.079473
vt 0.270000 0.232000
v -0.120313 0.505655 0.067603
vt 0.270000 0.264000
v -0.087412 0.537866 0.049117
vt 0.270000 0.296000
v -0.045955 0.558547 0.025822
vt 0.270000 0.328000
v -0.000000 0.565674 0.000000
vt 0.270000 0.360000
v -0.000000 0.274474 0.000000
vt 0.280000 0.040000
v -0.056373 0.281600 0.013740
vt 0.280000 0.072000
v -0.107227 0.302281 0.026134
vt 0.280000 0.104000
v -0.147585 0.334492 0.035971
vt 0.280000 0.136000
v -0.173497 0.375081 0.042286
vt 0.280000 0.168000
v -0.182425 0.420074 0.044463
vt 0.280000 0.200000
v -0.173497 0.465066 0.042286
vt 0.280000 0.232000
v -0.147585 0.505655 0.035971
vt 0.280000 0.264000
v -0.107227 0.537866 0.026134
vt 0.280000 0.296000
v -0.056373 0.558547 0.013740
vt 0.280000 0.328000
v -0.000000 0.565674 0.000000
vt 0.280000 0.360000
v -0.000000 0.274474 0.000000
vt 0.290000 0.040000
v -0.059990 0.281600 0.000000
vt 0.290000 0.072000
v -0.114108 0.302281 0.000000
vt 0.290000 0.104000
v -0.157057 0.334492 0.000000
vt 0.290000 0.136000
v -0.184631 0.375081 0.000000
vt 0.290000 0.168000
v -0.194133 0.420074 0.000000
vt 0.290000 0.200000
v -0.184631 0.465066 0.000000
vt 0.290000 0.232000
v -0.157057 0.505655 0.000000
vt 0.290000 0.264000
v -0.114108 0.537866 0.000000
vt 0.290000 0.296000
v -0.059990 0.558547 0.000000
vt 0.290000 0.328000
v -0.000000 0.565674 0.000000
vt 0.290000 0.360000
v -0.000000 0.274474 -0.000000
vt 0.300000 0.040000
v -0.056373 0.281600 -0.013740
vt 0.300000 0.072000
v -0.107227 0.302281 -0.026134
vt 0.300000 0.104000
v -0.147585 0.334492 -0.035971
vt 0.300000 0.136000
v -0.173497 0.375081 -0.042286
vt 0.300000 0.168000
v -0.182425 0.420074 -0.044463
vt 0.300000 0.200000
v -0.173497 0.465066 -0.042286
vt 0.300000 0.232000
v -0.147585 0.505655 -0.035971
vt 0.300000 0.264000
v -0.107227 0.537866 -0.026134
vt 0.300000 0.296000
v -0.056373 0.558547 -0.013740
vt 0.300000 0.328000
v -0.000000 0.565674 -0.000000
vt 0.300000 0.360000
v -0.000000 0.274474 -0.000000
vt 0.310000 0.040000
v -0.045955 0.281600 -0.025822
vt 0.310000 0.072000
v -0.087412 0.302281 -0.049117
vt 0.310000 0.104000
v -0.120313 0.334492 -0.067603
vt 0.310000 0.136000
v -0.141436 0.375081 -0.079473
vt 0.310000 0.168000
v -0.148714 0.420074 -0.083562
vt 0.310000 0.200000
v -0.141436 0.465066 -0.079473
vt 0.310000 0.232000
v -0.120313 0.505655 -0.067603
vt 0.310000 0.264000
v -0.087412 0.537866 -0.049117
vt 0.310000 0.296000
v -0.045955 0.558547 -0.025822
vt 0.310000 0.328000
v -0.000000 0.565674 -0.000000
vt 0.310000 0.360000
v -0.000000 0.274474 -0.000000
vt 0.320000 0.040000
v -0.029995 0.281600 -0.034790
vt 0.320000 0.072000
v -0.057054 0.302281 -0.066175
vt 0.320000 0.104000
v -0.078528 0.334492 -0.091082
vt 0.320000 0.136000
v -0.092316 0.375081 -0.107073
vt 0.320000 0.168000
v -0.097066 0.420074 -0.112583
vt 0.320000 0.200000
v -0.092316 0.465066 -0.107073
vt 0.320000 0.232000
v -0.078528 0.505655 -0.091082
vt 0.320000 0.264000
v -0.057054 0.537866 -0.066175
vt 0.320000 0.296000
v -0.029995 0.558547 -0.034790
vt 0.320000 0.328000
v -0.000000 0.565674 -0.000000
vt 0.320000 0.360000
v -0.000000 0.274474 -0.000000
vt 0.330000 0.040000
v -0.010417 0.281600 -0.039562
vt 0.330000 0.072000
v -0.019815 0.302281 -0.075251
vt 0.330000 0.104000
v -0.027273 0.334492 -0.103574
vt 0.330000 0.136000
v -0.032061 0.375081 -0.121759
vt 0.330000 0.168000
v -0.033711 0.420074 -0.128025
vt 0.330000 0.200000
v -0.032061 0.465066 -0.121759
vt 0.330000 0.232000
v -0.027273 0.505655 -0.103574
vt 0.330000 0.264000
v -0.019815 0.537866 -0.075251
vt 0.330000 0.296000
v -0.010417 0.558547 -0.039562
vt 0.330000 0.328000
v -0.000000 0.565674 -0.000000
vt 0.330000 0.360000
v 0.000000 0.274474 -0.000000
vt 0.340000 0.040000
v 0.010417 0.281600 -0.039562
vt 0.340000 0.072000
v 0.019815 0.302281 -0.075251
vt 0.340000 0.104000
v 0.027273 0.334492 -0.103574
vt 0.340000 0.136000
v 0.032061 0.375081 -0.121759
vt 0.340000 0.168000
v 0.033711 0.420074 -0.128025
vt 0.340000 0.200000
v 0.032061 0.465066 -0.121759
vt 0.340000 0.232000
v 0.027273 0.505655 -0.103574
vt 0.340000 0.264000
v 0.019815 0.537866 -0.075251
vt 0.340000 0.296000
v 0.010417 0.558547 -0.039562
vt 0.340000 0.328000
v 0.000000 0.565674 -0.000000
vt 0.340000 0.360000
v 0.000000 0.274474 -0.000000
vt 0.350000 0.040000
v 0.029995 0.281600 -0.034790
vt 0.350000 0.072000
v 0.057054 0.302281 -0.066175
vt 0.350000 0.104000
v 0.078528 0.334492 -0.091082
vt 0.350000 0.136000
v 0.092316 0.375081 -0.107073
vt 0.350000 0.168000
v 0.097066 0.420074 -0.112583
vt 0.350000 0.200000
v 0.092316 0.465066 -0.107073
vt 0.350000 0.232000
v 0.078528 0.505655 -0.091082
vt 0.350000 0.264000
v 0.057054 0.537866 -0.066175
vt 0.350000 0.296000
v 0.029995 0.558547 -0.034790
vt 0.350000 0.328000
v 0.000000 0.565674 -0.000000
vt 0.350000 0.360000
v 0.000000 0.274474 -0.000000
vt 0.360000 0.040000
v 0.045955 0.281600 -0.025822
vt 0.360000 0.072000
v 0.087412 0.302281 -0.049117
vt 0.360000 0.104000
v 0.120313 0.334492 -0.067603
vt 0.360000 0.136000
v 0.141436 0.375081 -0.079473
vt 0.360000 0.168000
v 0.148714 0.420074 -0.083562
vt 0.360000 0.200000
v 0.141436 0.465066 -0.079473
vt 0.360000 0.232000
v 0.120313 0.505655 -0.067603
vt 0.360000 0.264000
v 0.087412 0.537866 -0.049117
vt 0.360000 0.296000
v 0.045955 0.558547 -0.025822
vt 0.360000 0.328000
v 0.000000 0.565674 -0.000000
vt 0.360000 0.360000
v 0.000000 0.274474 -0.000000
vt 0.370000 0.040000
v 0.056373 0.281600 -0.013740
vt 0.370000 0.072000
v 0.107227 0.302281 -0.026134
vt 0.370000 0.104000
v 0.147585 0.334492 -0.035971
vt 0.370000 0.136000
v 0.173497 0.375081 -0.042286
vt 0.370000 0.168000
v 0.182425 0.420074 -0.044463
vt 0.370000 0.200000
v 0.173497 0.465066 -0.042286
vt 0.370000 0.232000
v 0.147585 0.505655 -0.035971
vt 0.370000 0.264000
v 0.107227 0.537866 -0.026134
vt 0.370000 0.296000
v 0.056373 0.558547 -0.013740
vt 0.370000 0.328000
v 0.000000 0.565674 -0.000000
vt 0.370000 0.360000
v 0.000000 0.274474 -0.000000
vt 0.380000 0.040000
v 0.059990 0.281600 -0.000000
vt 0.380000 0.072000
v 0.114108 0.302281 -0.000000
vt 0.380000 0.104000
v 0.157057 0.334492 -0.000000
vt 0.380000 0.136000
v 0.184631 0.375081 -0.000000
vt 0.380000 0.168000
v 0.194133 0.420074 -0.000000
vt 0.380000 0.200000
v 0.184631 0.465066 -0.000000
vt 0.380000 0.232000
v 0.157057 0.505655 -0.000000
vt 0.380000 0.264000
v 0.114108 0.537866 -0.000000
vt 0.380000 0.296000
v 0.059990 0.558547 -0.000000
vt 0.380000 0.328000
v 0.000000 0.565674 -0.000000
vt 0.380000 0.360000
v 0.037818 0.371103 0.000000
vt 0.400000 0.020000
v 0.032751 0.371103 0.015505
vt 0.406667 0.020000
v 0.018909 0.371103 0.026856
vt 0.413333 0.020000
v 0.000000 0.371103 0.031011
vt 0.420000 0.020000
v -0.018909 0.371103 0.026856
vt 0.426667 0.020000
v -0.032751 0.371103 0.015505
vt 0.433333 0.020000
v -0.037818 0.371103 0.000000
vt 0.440000 0.020000
v -0.032751 0.371103 -0.015505
vt 0.446667 0.020000
v -0.018909 0.371103 -0.026856
vt 0.453333 0.020000
v -0.000000 0.371103 -0.031011
vt 0.460000 0.020000
v 0.018909 0.371103 -0.026856
vt 0.466667 0.020000
v 0.032751 0.371103 -0.015505
vt 0.473333 0.020000
v 0.037818 0.371103 -0.000000
vt 0.480000 0.020000
v 0.036347 0.421255 0.000000
vt 0.400000 0.050000
v 0.031478 0.421255 0.014902
vt 0.406667 0.050000
v 0.018174 0.421255 0.025812
vt 0.413333 0.050000
v 0.000000 0.421255 0.029805
vt 0.420000 0.050000
v -0.018174 0.421255 0.025812
vt 0.426667 0.050000
v -0.031478 0.421255 0.014902
vt 0.433333 0.050000
v -0.036347 0.421255 0.000000
vt 0.440000 0.050000
v -0.031478 0.421255 -0.014902
vt 0.446667 0.050000
v -0.018174 0.421255 -0.025812
vt 0.453333 0.050000
v -0.000000 0.421255 -0.029805
vt 0.460000 0.050000
v 0.018174 0.421255 -0.025812
vt 0.466667 0.050000
v 0.031478 0.421255 -0.014902
vt 0.473333 0.050000
v 0.036347 0.421255 -0.000000
vt 0.480000 0.050000
v 0.034877 0.471408 0.000000
vt 0.400000 0.080000
v 0.030204 0.471408 0.014299
vt 0.406667 0.080000
v 0.017438 0.471408 0.024767
vt 0.413333 0.080000
v 0.000000 0.471408 0.028599
vt 0.420000 0.080000
v -0.017438 0.471408 0.024767
vt 0.426667 0.080000
v -0.030204 0.471408 0.014299
vt 0.433333 0.080000
v -0.034877 0.471408 0.000000
vt 0.440000 0.080000
v -0.030204 0.471408 -0.014299
vt 0.446667 0.080000
v -0.017438 0.471408 -0.024767
vt 0.453333 0.080000
v -0.000000 0.471408 -0.028599
vt 0.460000 0.080000
v 0.017438 0.471408 -0.024767
vt 0.466667 0.080000
v 0.030204 0.471408 -0.014299
vt 0.473333 0.080000
v 0.034877 0.471408 -0.000000
vt 0.480000 0.080000
v 0.033406 0.521560 0.000000
vt 0.400000 0.110000
v 0.028930 0.521560 0.013696
vt 0.406667 0.110000
v 0.016703 0.521560 0.023723
vt 0.413333 0.110000
v 0.000000 0.521560 0.027393
vt 0.420000 0.110000
v -0.016703 0.521560 0.023723
vt 0.426667 0.110000
v -0.028930 0.521560 0.013696
vt 0.433333 0.110000
v -0.033406 0.521560 0.000000
vt 0.440000 0.110000
v -0.028930 0.521560 -0.013696
vt 0.446667 0.110000
v -0.016703 0.521560 -0.023723
vt 0.453333 0.110000
v -0.000000 0.521560 -0.027393
vt 0.460000 0.110000
v 0.016703 0.521560 -0.023723
vt 0.466667 0.110000
v 0.028930 0.521560 -0.013696
vt 0.473333 0.110000
v 0.033406 0.521560 -0.000000
vt 0.480000 0.110000
v 0.031935 0.571713 0.000000
vt 0.400000 0.140000
v 0.027657 0.571713 0.013093
vt 0.406667 0.140000
v 0.015968 0.571713 0.022679
vt 0.413333 0.140000
v 0.000000 0.571713 0.026187
vt 0.420000 0.140000
v -0.015968 0.571713 0.022679
vt 0.426667 0.140000
v -0.027657 0.571713 0.013093
vt 0.433333 0.140000
v -0.031935 0.571713 0.000000
vt 0.440000 0.140000
v -0.027657 0.571713 -0.013093
vt 0.446667 0.140000
v -0.015968 0.571713 -0.022679
vt 0.453333 0.140000
v -0.000000 0.571713 -0.026187
vt 0.460000 0.140000
v 0.015968 0.571713 -0.022679
vt 0.466667 0.140000
v 0.027657 0.571713 -0.013093
vt 0.473333 0.140000
v 0.031935 0.571713 -0.000000
vt 0.480000 0.140000
v -0.149628 0.357426 0.000000
vt 0.460000 0.100000
v -0.153120 0.357426 0.012545
vt 0.467143 0.100000
v -0.162904 0.357426 0.022605
vt 0.474286 0.100000
v -0.177042 0.357426 0.028188
vt 0.481429 0.100000
v -0.192735 0.357426 0.028188
vt 0.488571 0.100000
v -0.206873 0.357426 0.022605
vt 0.495714 0.100000
v -0.216657 0.357426 0.012545
vt 0.502857 0.100000
v -0.220148 0.357426 0.000000
vt 0.510000 0.100000
v -0.216657 0.357426 -0.012545
vt 0.517143 0.100000
v -0.206873 0.357426 -0.022605
vt 0.524286 0.100000
v -0.192735 0.357426 -0.028188
vt 0.531429 0.100000
v -0.177042 0.357426 -0.028188
vt 0.538571 0.100000
v -0.162904 0.357426 -0.022605
vt 0.545714 0.100000
v -0.153120 0.357426 -0.012545
vt 0.552857 0.100000
v -0.149628 0.357426 -0.000000
vt 0.560000 0.100000
v -0.169864 0.301985 0.000000
vt 0.460000 0.160000
v -0.173135 0.301985 0.011749
vt 0.467143 0.160000
v -0.182298 0.301985 0.021172
vt 0.474286 0.160000
v -0.195540 0.301985 0.026401
vt 0.481429 0.160000
v -0.210237 0.301985 0.026401
vt 0.488571 0.160000
v -0.223479 0.301985 0.021172
vt 0.495714 0.160000
v -0.232642 0.301985 0.011749
vt 0.502857 0.160000
v -0.235912 0.301985 0.000000
vt 0.510000 0.160000
v -0.232642 0.301985 -0.011749
vt 0.517143 0.160000
v -0.223479 0.301985 -0.021172
vt 0.524286 0.160000
v -0.210237 0.301985 -0.026401
vt 0.531429 0.160000
v -0.195540 0.301985 -0.026401
vt 0.538571 0.160000
v -0.182298 0.301985 -0.021172
vt 0.545714 0.160000
v -0.173135 0.301985 -0.011749
vt 0.552857 0.160000
v -0.169864 0.301985 -0.000000
vt 0.560000 0.160000
v -0.190100 0.246544 0.000000
vt 0.460000 0.220000
v -0.193149 0.246544 0.010954
vt 0.467143 0.220000
v -0.201692 0.246544 0.019738
vt 0.474286 0.220000
v -0.214038 0.246544 0.024613
vt 0.481429 0.220000
v -0.227739 0.246544 0.024613
vt 0.488571 0.220000
v -0.240084 0.246544 0.019738
vt 0.495714 0.220000
v -0.248628 0.246544 0.010954
vt 0.502857 0.220000
v -0.251676 0.246544 0.000000
vt 0.510000 0.220000
v -0.248628 0.246544 -0.010954
vt 0.517143 0.220000
v -0.240084 0.246544 -0.019738
vt 0.524286 0.220000
v -0.227739 0.246544 -0.024613
vt 0.531429 0.220000
v -0.214038 0.246544 -0.024613
vt 0.538571 0.220000
v -0.201692 0.246544 -0.019738
vt 0.545714 0.220000
v -0.193149 0.246544 -0.010954
vt 0.552857 0.220000
v -0.190100 0.246544 -0.000000
vt 0.560000 0.220000
v -0.210336 0.191103 0.000000
vt 0.460000 0.280000
v -0.213164 0.191103 0.010158
vt 0.467143 0.280000
v -0.221087 0.191103 0.018305
vt 0.474286 0.280000
v -0.232535 0.191103 0.022826
vt 0.481429 0.280000
v -0.245242 0.191103 0.022826
vt 0.488571 0.280000
v -0.256690 0.191103 0.018305
vt 0.495714 0.280000
v -0.264613 0.191103 0.010158
vt 0.502857 0.280000
v -0.267440 0.191103 0.000000
vt 0.510000 0.280000
v -0.264613 0.191103 -0.010158
vt 0.517143 0.280000
v -0.256690 0.191103 -0.018305
vt 0.524286 0.280000
v -0.245242 0.191103 -0.022826
vt 0.531429 0.280000
v -0.232535 0.191103 -0.022826
vt 0.538571 0.280000
v -0.221087 0.191103 -0.018305
vt 0.545714 0.280000
v -0.213164 0.191103 -0.010158
vt 0.552857 0.280000
v -0.210336 0.191103 -0.000000
vt 0.560000 0.280000
v -0.230572 0.135662 0.000000
vt 0.460000 0.340000
v -0.233179 0.135662 0.009363
vt 0.467143 0.340000
v -0.240481 0.135662 0.016871
vt 0.474286 0.340000
v -0.251033 0.135662 0.021038
vt 0.481429 0.340000
v -0.262744 0.135662 0.021038
vt 0.488571 0.340000
v -0.273296 0.135662 0.016871
vt 0.495714 0.340000
v -0.280598 0.135662 0.009363
vt 0.502857 0.340000
v -0.283204 0.135662 0.000000
vt 0.510000 0.340000
v -0.280598 0.135662 -0.009363
vt 0.517143 0.340000
v -0.273296 0.135662 -0.016871
vt 0.524286 0.340000
v -0.262744 0.135662 -0.021038
vt 0.531429 0.340000
v -0.251033 0.135662 -0.021038
vt 0.538571 0.340000
v -0.240481 0.135662 -0.016871
vt 0.545714 0.340000
v -0.233179 0.135662 -0.009363
vt 0.552857 0.340000
v -0.230572 0.135662 -0.000000
vt 0.560000 0.340000
v -0.250808 0.080221 0.000000
vt 0.460000 0.400000
v -0.253193 0.080221 0.008567
vt 0.467143 0.400000
v -0.259875 0.080221 0.015438
vt 0.474286 0.400000
v -0.269530 0.080221 0.019251
vt 0.481429 0.400000
v -0.280247 0.080221 0.019251
vt 0.488571 0.400000
v -0.289902 0.080221 0.015438
vt 0.495714 0.400000
v -0.296584 0.080221 0.008567
vt 0.502857 0.400000
v -0.298968 0.080221 0.000000
vt 0.510000 0.400000
v -0.296584 0.080221 -0.008567
vt 0.517143 0.400000
v -0.289902 0.080221 -0.015438
vt 0.524286 0.400000
v -0.280247 0.080221 -0.019251
vt 0.531429 0.400000
v -0.269530 0.080221 -0.019251
vt 0.538571 0.400000
v -0.259875 0.080221 -0.015438
vt 0.545714 0.400000
v -0.253193 0.080221 -0.008567
vt 0.552857 0.400000
v -0.250808 0.080221 -0.000000
vt 0.560000 0.400000
v -0.284888 0.015121 0.000000
vt 0.480000 0.420000
v -0.270229 0.020869 0.000000
vt 0.480000 0.436000
v -0.261169 0.035919 0.000000
vt 0.480000 0.452000
v -0.261169 0.054522 0.000000
vt 0.480000 0.468000
v -0.270229 0.069572 0.000000
vt 0.480000 0.484000
v -0.284888 0.075321 0.000000
vt 0.480000 0.500000
v -0.284888 0.015121 0.000000
vt 0.486000 0.420000
v -0.273029 0.020869 0.006685
vt 0.486000 0.436000
v -0.265699 0.035919 0.010817
vt 0.486000 0.452000
v -0.265699 0.054522 0.010817
vt 0.486000 0.468000
v -0.273029 0.069572 0.006685
vt 0.486000 0.484000
v -0.284888 0.075321 0.000000
vt 0.486000 0.500000
v -0.284888 0.015121 0.000000
vt 0.492000 0.420000
v -0.280359 0.020869 0.010817
vt 0.492000 0.436000
v -0.277559 0.035919 0.017502
vt 0.492000 0.452000
v -0.277559 0.054522 0.017502
vt 0.492000 0.468000
v -0.280359 0.069572 0.010817
vt 0.492000 0.484000
v -0.284888 0.075321 0.000000
vt 0.492000 0.500000
v -0.284888 0.015121 0.000000
vt 0.498000 0.420000
v -0.289418 0.020869 0.010817
vt 0.498000 0.436000
v -0.292218 0.035919 0.017502
vt 0.498000 0.452000
v -0.292218 0.054522 0.017502
vt 0.498000 0.468000
v -0.289418 0.069572 0.010817
vt 0.498000 0.484000
v -0.284888 0.075321 0.000000
vt 0.498000 0.500000
v -0.284888 0.015121 0.000000
vt 0.504000 0.420000
v -0.296748 0.020869 0.006685
vt 0.504000 0.436000
v -0.304078 0.035919 0.010817
vt 0.504000 0.452000
v -0.304078 0.054522 0.010817
vt 0.504000 0.468000
v -0.296748 0.069572 0.006685
vt 0.504000 0.484000
v -0.284888 0.075321 0.000000
vt 0.504000 0.500000
v -0.284888 0.015121 0.000000
vt 0.510000 0.420000
v -0.299548 0.020869 0.000000
vt 0.510000 0.436000
v -0.308608 0.035919 0.000000
vt 0.510000 0.452000
v -0.308608 0.054522 0.000000
vt 0.510000 0.468000
v -0.299548 0.069572 0.000000
vt 0.510000 0.484000
v -0.284888 0.075321 0.000000
vt 0.510000 0.500000
v -0.284888 0.015121 -0.000000
vt 0.516000 0.420000
v -0.296748 0.020869 -0.006685
vt 0.516000 0.436000
v -0.304078 0.035919 -0.010817
vt 0.516000 0.452000
v -0.304078 0.054522 -0.010817
vt 0.516000 0.468000
v -0.296748 0.069572 -0.006685
vt 0.516000 0.484000
v -0.284888 0.075321 -0.000000
vt 0.516000 0.500000
v -0.284888 0.015121 -0.000000
vt 0.522000 0.420000
v -0.289418 0.020869 -0.010817
vt 0.522000 0.436000
v -0.292218 0.035919 -0.017502
vt 0.522000 0.452000
v -0.292218 0.054522 -0.017502
vt 0.522000 0.468000
v -0.289418 0.069572 -0.010817
vt 0.522000 0.484000
v -0.284888 0.075321 -0.000000
vt 0.522000 0.500000
v -0.284888 0.015121 -0.000000
vt 0.528000 0.420000
v -0.280359 0.020869 -0.010817
vt 0.528000 0.436000
v -0.277559 0.035919 -0.017502
vt 0.528000 0.452000
v -0.277559 0.054522 -0.017502
vt 0.528000 0.468000
v -0.280359 0.069572 -0.010817
vt 0.528000 0.484000
v -0.284888 0.075321 -0.000000
vt 0.528000 0.500000
v -0.284888 0.015121 -0.000000
vt 0.534000 0.420000
v -0.273029 0.020869 -0.006685
vt 0.534000 0.436000
v -0.265699 0.035919 -0.010817
vt 0.534000 0.452000
v -0.265699 0.054522 -0.010817
vt 0.534000 0.468000
v -0.273029 0.069572 -0.006685
vt 0.534000 0.484000
v -0.284888 0.075321 -0.000000
vt 0.534000 0.500000
v -0.284888 0.015121 -0.000000
vt 0.540000 0.420000
v -0.270229 0.020869 -0.000000
vt 0.540000 0.436000
v -0.261169 0.035919 -0.000000
vt 0.540000 0.452000
v -0.261169 0.054522 -0.000000
vt 0.540000 0.468000
v -0.270229 0.069572 -0.000000
vt 0.540000 0.484000
v -0.284888 0.075321 -0.000000
vt 0.540000 0.500000
v 0.220148 0.357426 0.000000
vt 0.580000 0.100000
v 0.216657 0.357426 0.012545
vt 0.587143 0.100000
v 0.206873 0.357426 0.022605
vt 0.594286 0.100000
v 0.192735 0.357426 0.028188
vt 0.601429 0.100000
v 0.177042 0.357426 0.028188
vt 0.608571 0.100000
v 0.162904 0.357426 0.022605
vt 0.615714 0.100000
v 0.153120 0.357426 0.012545
vt 0.622857 0.100000
v 0.149628 0.357426 0.000000
vt 0.630000 0.100000
v 0.153120 0.357426 -0.012545
vt 0.637143 0.100000
v 0.162904 0.357426 -0.022605
vt 0.644286 0.100000
v 0.177042 0.357426 -0.028188
vt 0.651429 0.100000
v 0.192735 0.357426 -0.028188
vt 0.658571 0.100000
v 0.206873 0.357426 -0.022605
vt 0.665714 0.100000
v 0.216657 0.357426 -0.012545
vt 0.672857 0.100000
v 0.220148 0.357426 -0.000000
vt 0.680000 0.100000
v 0.235912 0.301985 0.000000
vt 0.580000 0.160000
v 0.232642 0.301985 0.011749
vt 0.587143 0.160000
v 0.223479 0.301985 0.021172
vt 0.594286 0.160000
v 0.210237 0.301985 0.026401
vt 0.601429 0.160000
v 0.195540 0.301985 0.026401
vt 0.608571 0.160000
v 0.182298 0.301985 0.021172
vt 0.615714 0.160000
v 0.173135 0.301985 0.011749
vt 0.622857 0.160000
v 0.169864 0.301985 0.000000
vt 0.630000 0.160000
v 0.173135 0.301985 -0.011749
vt 0.637143 0.160000
v 0.182298 0.301985 -0.021172
vt 0.644286 0.160000
v 0.195540 0.301985 -0.026401
vt 0.651429 0.160000
v 0.210237 0.301985 -0.026401
vt 0.658571 0.160000
v 0.223479 0.301985 -0.021172
vt 0.665714 0.160000
v 0.232642 0.301985 -0.011749
vt 0.672857 0.160000
v 0.235912 0.301985 -0.000000
vt 0.680000 0.160000
v 0.251676 0.246544 0.000000
vt 0.580000 0.220000
v 0.248628 0.246544 0.010954
vt 0.587143 0.220000
v 0.240084 0.246544 0.019738
vt 0.594286 0.220000
v 0.227739 0.246544 0.024613
vt 0.601429 0.220000
v 0.214038 0.246544 0.024613
vt 0.608571 0.220000
v 0.201692 0.246544 0.019738
vt 0.615714 0.220000
v 0.193149 0.246544 0.010954
vt 0.622857 0.220000
v 0.190100 0.246544 0.000000
vt 0.630000 0.220000
v 0.193149 0.246544 -0.010954
vt 0.637143 0.220000
v 0.201692 0.246544 -0.019738
vt 0.644286 0.220000
v 0.214038 0.246544 -0.024613
vt 0.651429 0.220000
v 0.227739 0.246544 -0.024613
vt 0.658571 0.220000
v 0.240084 0.246544 -0.019738
vt 0.665714 0.220000
v 0.248628 0.246544 -0.010954
vt 0.672857 0.220000
v 0.251676 0.246544 -0.000000
vt 0.680000 0.220000
v 0.267440 0.191103 0.000000
vt 0.580000 0.280000
v 0.264613 0.191103 0.010158
vt 0.587143 0.280000
v 0.256690 0.191103 0.018305
vt 0.594286 0.280000
v 0.245242 0.191103 0.022826
vt 0.601429 0.280000
v 0.232535 0.191103 0.022826
vt 0.608571 0.280000
v 0.221087 0.191103 0.018305
vt 0.615714 0.280000
v 0.213164 0.191103 0.010158
vt 0.622857 0.280000
v 0.210336 0.191103 0.000000
vt 0.630000 0.280000
v 0.213164 0.191103 -0.010158
vt 0.637143 0.280000
v 0.221087 0.191103 -0.018305
vt 0.644286 0.280000
v 0.232535 0.191103 -0.022826
vt 0.651429 0.280000
v 0.245242 0.191103 -0.022826
vt 0.658571 0.280000
v 0.256690 0.191103 -0.018305
vt 0.665714 0.280000
v 0.264613 0.191103 -0.010158
vt 0.672857 0.280000
v 0.267440 0.191103 -0.000000
vt 0.680000 0.280000
v 0.283204 0.135662 0.000000
vt 0.580000 0.340000
v 0.280598 0.135662 0.009363
vt 0.587143 0.340000
v 0.273296 0.135662 0.016871
vt 0.594286 0.340000
v 0.262744 0.135662 0.021038
vt 0.601429 0.340000
v 0.251033 0.135662 0.021038
vt 0.608571 0.340000
v 0.240481 0.135662 0.016871
vt 0.615714 0.340000
v 0.233179 0.135662 0.009363
vt 0.622857 0.340000
v 0.230572 0.135662 0.000000
vt 0.630000 0.340000
v 0.233179 0.135662 -0.009363
vt 0.637143 0.340000
v 0.240481 0.135662 -0.016871
vt 0.644286 0.340000
v 0.251033 0.135662 -0.021038
vt 0.651429 0.340000
v 0.262744 0.135662 -0.021038
vt 0.658571 0.340000
v 0.273296 0.135662 -0.016871
vt 0.665714 0.340000
v 0.280598 0.135662 -0.009363
vt 0.672857 0.340000
v 0.283204 0.135662 -0.000000
vt 0.680000 0.340000
v 0.298968 0.080221 0.000000
vt 0.580000 0.400000
v 0.296584 0.080221 0.008567
vt 0.587143 0.400000
v 0.289902 0.080221 0.015438
vt 0.594286 0.400000
v 0.280247 0.080221 0.019251
vt 0.601429 0.400000
v 0.269530 0.080221 0.019251
vt 0.608571 0.400000
v 0.259875 0.080221 0.015438
vt 0.615714 0.400000
v 0.253193 0.080221 0.008567
vt 0.622857 0.400000
v 0.250808 0.080221 0.000000
vt 0.630000 0.400000
v 0.253193 0.080221 -0.008567
vt 0.637143 0.400000
v 0.259875 0.080221 -0.015438
vt 0.644286 0.400000
v 0.269530 0.080221 -0.019251
vt 0.651429 0.400000
v 0.280247 0.080221 -0.019251
vt 0.658571 0.400000
v 0.289902 0.080221 -0.015438
vt 0.665714 0.400000
v 0.296584 0.080221 -0.008567
vt 0.672857 0.400000
v 0.298968 0.080221 -0.000000
vt 0.680000 0.400000
v 0.284888 0.015121 0.000000
vt 0.600000 0.420000
v 0.299548 0.020869 0.000000
vt 0.600000 0.436000
v 0.308608 0.035919 0.000000
vt 0.600000 0.452000
v 0.308608 0.054522 0.000000
vt 0.600000 0.468000
v 0.299548 0.069572 0.000000
vt 0.600000 0.484000
v 0.284888 0.075321 0.000000
vt 0.600000 0.500000
v 0.284888 0.015121 0.000000
vt 0.606000 0.420000
v 0.296748 0.020869 0.006685
vt 0.606000 0.436000
v 0.304078 0.035919 0.010817
vt 0.606000 0.452000
v 0.304078 0.054522 0.010817
vt 0.606000 0.468000
v 0.296748 0.069572 0.006685
vt 0.606000 0.484000
v 0.284888 0.075321 0.000000
vt 0.606000 0.500000
v 0.284888 0.015121 0.000000
vt 0.612000 0.420000
v 0.289418 0.020869 0.010817
vt 0.612000 0.436000
v 0.292218 0.035919 0.017502
vt 0.612000 0.452000
v 0.292218 0.054522 0.017502
vt 0.612000 0.468000
v 0.289418 0.069572 0.010817
vt 0.612000 0.484000
v 0.284888 0.075321 0.000000
vt 0.612000 0.500000
v 0.284888 0.015121 0.000000
vt 0.618000 0.420000
v 0.280359 0.020869 0.010817
vt 0.618000 0.436000
v 0.277559 0.035919 0.017502
vt 0.618000 0.452000
v 0.277559 0.054522 0.017502
vt 0.618000 0.468000
v 0.280359 0.069572 0.010817
vt 0.618000 0.484000
v 0.284888 0.075321 0.000000
vt 0.618000 0.500000
v 0.284888 0.015121 0.000000
vt 0.624000 0.420000
v 0.273029 0.020869 0.006685
vt 0.624000 0.436000
v 0.265699 0.035919 0.010817
vt 0.624000 0.452000
v 0.265699 0.054522 0.010817
vt 0.624000 0.468000
v 0.273029 0.069572 0.006685
vt 0.624000 0.484000
v 0.284888 0.075321 0.000000
vt 0.624000 0.500000
v 0.284888 0.015121 0.000000
vt 0.630000 0.420000
v 0.270229 0.020869 0.000000
vt 0.630000 0.436000
v 0.261169 0.035919 0.000000
vt 0.630000 0.452000
v 0.261169 0.054522 0.000000
vt 0.630000 0.468000
v 0.270229 0.069572 0.000000
vt 0.630000 0.484000
v 0.284888 0.075321 0.000000
vt 0.630000 0.500000
v 0.284888 0.015121 -0.000000
vt 0.636000 0.420000
v 0.273029 0.020869 -0.006685
vt 0.636000 0.436000
v 0.265699 0.035919 -0.010817
vt 0.636000 0.452000
v 0.265699 0.054522 -0.010817
vt 0.636000 0.468000
v 0.273029 0.069572 -0.006685
vt 0.636000 0.484000
v 0.284888 0.075321 -0.000000
vt 0.636000 0.500000
v 0.284888 0.015121 -0.000000
vt 0.642000 0.420000
v 0.280359 0.020869 -0.010817
vt 0.642000 0.436000
v 0.277559 0.035919 -0.017502
vt 0.642000 0.452000
v 0.277559 0.054522 -0.017502
vt 0.642000 0.468000
v 0.280359 0.069572 -0.010817
vt 0.642000 0.484000
v 0.284888 0.075321 -0.000000
vt 0.642000 0.500000
v 0.284888 0.015121 -0.000000
vt 0.648000 0.420000
v 0.289418 0.020869 -0.010817
vt 0.648000 0.436000
v 0.292218 0.035919 -0.017502
vt 0.648000 0.452000
v 0.292218 0.054522 -0.017502
vt 0.648000 0.468000
v 0.289418 0.069572 -0.010817
vt 0.648000 0.484000
v 0.284888 0.075321 -0.000000
vt 0.648000 0.500000
v 0.284888 0.015121 -0.000000
vt 0.654000 0.420000
v 0.296748 0.020869 -0.006685
vt 0.654000 0.436000
v 0.304078 0.035919 -0.010817
vt 0.654000 0.452000
v 0.304078 0.054522 -0.010817
vt 0.654000 0.468000
v 0.296748 0.069572 -0.006685
vt 0.654000 0.484000
v 0.284888 0.075321 -0.000000
vt 0.654000 0.500000
v 0.284888 0.015121 -0.000000
vt 0.660000 0.420000
v 0.299548 0.020869 -0.000000
vt 0.660000 0.436000
v 0.308608 0.035919 -0.000000
vt 0.660000 0.452000
v 0.308608 0.054522 -0.000000
vt 0.660000 0.468000
v 0.299548 0.069572 -0.000000
vt 0.660000 0.484000
v 0.284888 0.075321 -0.000000
vt 0.660000 0.500000
v -0.079150 0.434926 0.000000
vt 0.700000 0.080000
v -0.083195 0.434926 0.014534
vt 0.707143 0.080000
v -0.094530 0.434926 0.026189
vt 0.714286 0.080000
v -0.110910 0.434926 0.032657
vt 0.721429 0.080000
v -0.129090 0.434926 0.032657
vt 0.728571 0.080000
v -0.145470 0.434926 0.026189
vt 0.735714 0.080000
v -0.156805 0.434926 0.014534
vt 0.742857 0.080000
v -0.160850 0.434926 0.000000
vt 0.750000 0.080000
v -0.156805 0.434926 -0.014534
vt 0.757143 0.080000
v -0.145470 0.434926 -0.026189
vt 0.764286 0.080000
v -0.129090 0.434926 -0.032657
vt 0.771429 0.080000
v -0.110910 0.434926 -0.032657
vt 0.778571 0.080000
v -0.094530 0.434926 -0.026189
vt 0.785714 0.080000
v -0.083195 0.434926 -0.014534
vt 0.792857 0.080000
v -0.079150 0.434926 -0.000000
vt 0.800000 0.080000
v -0.086085 0.368015 0.000000
vt 0.700000 0.136667
v -0.089939 0.368015 0.013845
vt 0.707143 0.136667
v -0.100737 0.368015 0.024948
vt 0.714286 0.136667
v -0.116341 0.368015 0.031110
vt 0.721429 0.136667
v -0.133659 0.368015 0.031110
vt 0.728571 0.136667
v -0.149263 0.368015 0.024948
vt 0.735714 0.136667
v -0.160061 0.368015 0.013845
vt 0.742857 0.136667
v -0.163915 0.368015 0.000000
vt 0.750000 0.136667
v -0.160061 0.368015 -0.013845
vt 0.757143 0.136667
v -0.149263 0.368015 -0.024948
vt 0.764286 0.136667
v -0.133659 0.368015 -0.031110
vt 0.771429 0.136667
v -0.116341 0.368015 -0.031110
vt 0.778571 0.136667
v -0.100737 0.368015 -0.024948
vt 0.785714 0.136667
v -0.089939 0.368015 -0.013845
vt 0.792857 0.136667
v -0.086085 0.368015 -0.000000
vt 0.800000 0.136667
v -0.093020 0.301103 0.000000
vt 0.700000 0.193333
v -0.096682 0.301103 0.013157
vt 0.707143 0.193333
v -0.106943 0.301103 0.023708
vt 0.714286 0.193333
v -0.121771 0.301103 0.029563
vt 0.721429 0.193333
v -0.138229 0.301103 0.029563
vt 0.728571 0.193333
v -0.153057 0.301103 0.023708
vt 0.735714 0.193333
v -0.163318 0.301103 0.013157
vt 0.742857 0.193333
v -0.166980 0.301103 0.000000
vt 0.750000 0.193333
v -0.163318 0.301103 -0.013157
vt 0.757143 0.193333
v -0.153057 0.301103 -0.023708
vt 0.764286 0.193333
v -0.138229 0.301103 -0.029563
vt 0.771429 0.193333
v -0.121771 0.301103 -0.029563
vt 0.778571 0.193333
v -0.106943 0.301103 -0.023708
vt 0.785714 0.193333
v -0.096682 0.301103 -0.013157
vt 0.792857 0.193333
v -0.093020 0.301103 -0.000000
vt 0.800000 0.193333
v -0.099955 0.234191 0.000000
vt 0.700000 0.250000
v -0.103426 0.234191 0.012468
vt 0.707143 0.250000
v -0.113150 0.234191 0.022467
vt 0.714286 0.250000
v -0.127202 0.234191 0.028016
vt 0.721429 0.250000
v -0.142798 0.234191 0.028016
vt 0.728571 0.250000
v -0.156850 0.234191 0.022467
vt 0.735714 0.250000
v -0.166574 0.234191 0.012468
vt 0.742857 0.250000
v -0.170045 0.234191 0.000000
vt 0.750000 0.250000
v -0.166574 0.234191 -0.012468
vt 0.757143 0.250000
v -0.156850 0.234191 -0.022467
vt 0.764286 0.250000
v -0.142798 0.234191 -0.028016
vt 0.771429 0.250000
v -0.127202 0.234191 -0.028016
vt 0.778571 0.250000
v -0.113150 0.234191 -0.022467
vt 0.785714 0.250000
v -0.103426 0.234191 -0.012468
vt 0.792857 0.250000
v -0.099955 0.234191 -0.000000
vt 0.800000 0.250000
v -0.106890 0.167279 0.000000
vt 0.700000 0.306667
v -0.110169 0.167279 0.011780
vt 0.707143 0.306667
v -0.119356 0.167279 0.021227
vt 0.714286 0.306667
v -0.132632 0.167279 0.026469
vt 0.721429 0.306667
v -0.147368 0.167279 0.026469
vt 0.728571 0.306667
v -0.160644 0.167279 0.021227
vt 0.735714 0.306667
v -0.169831 0.167279 0.011780
vt 0.742857 0.306667
v -0.173110 0.167279 0.000000
vt 0.750000 0.306667
v -0.169831 0.167279 -0.011780
vt 0.757143 0.306667
v -0.160644 0.167279 -0.021227
vt 0.764286 0.306667
v -0.147368 0.167279 -0.026469
vt 0.771429 0.306667
v -0.132632 0.167279 -0.026469
vt 0.778571 0.306667
v -0.119356 0.167279 -0.021227
vt 0.785714 0.306667
v -0.110169 0.167279 -0.011780
vt 0.792857 0.306667
v -0.106890 0.167279 -0.000000
vt 0.800000 0.306667
v -0.113825 0.100368 0.000000
vt 0.700000 0.363333
v -0.116912 0.100368 0.011092
vt 0.707143 0.363333
v -0.125563 0.100368 0.019986
vt 0.714286 0.363333
v -0.138063 0.100368 0.024923
vt 0.721429 0.363333
v -0.151937 0.100368 0.024923
vt 0.728571 0.363333
v -0.164437 0.100368 0.019986
vt 0.735714 0.363333
v -0.173088 0.100368 0.011092
vt 0.742857 0.363333
v -0.176175 0.100368 0.000000
vt 0.750000 0.363333
v -0.173088 0.100368 -0.011092
vt 0.757143 0.363333
v -0.164437 0.100368 -0.019986
vt 0.764286 0.363333
v -0.151937 0.100368 -0.024923
vt 0.771429 0.363333
v -0.138063 0.100368 -0.024923
vt 0.778571 0.363333
v -0.125563 0.100368 -0.019986
vt 0.785714 0.363333
v -0.116912 0.100368 -0.011092
vt 0.792857 0.363333
v -0.113825 0.100368 -0.000000
vt 0.800000 0.363333
v -0.120760 0.033456 0.000000
vt 0.700000 0.420000
v -0.123656 0.033456 0.010403
vt 0.707143 0.420000
v -0.131769 0.033456 0.018746
vt 0.714286 0.420000
v -0.143493 0.033456 0.023376
vt 0.721429 0.420000
v -0.156507 0.033456 0.023376
vt 0.728571 0.420000
v -0.168231 0.033456 0.018746
vt 0.735714 0.420000
v -0.176344 0.033456 0.010403
vt 0.742857 0.420000
v -0.179240 0.033456 0.000000
vt 0.750000 0.420000
v -0.176344 0.033456 -0.010403
vt 0.757143 0.420000
v -0.168231 0.033456 -0.018746
vt 0.764286 0.420000
v -0.156507 0.033456 -0.023376
vt 0.771429 0.420000
v -0.143493 0.033456 -0.023376
vt 0.778571 0.420000
v -0.131769 0.033456 -0.018746
vt 0.785714 0.420000
v -0.123656 0.033456 -0.010403
vt 0.792857 0.420000
v -0.120760 0.033456 -0.000000
vt 0.800000 0.420000
v -0.170000 -0.020464 0.070000
vt 0.760000 0.440000
v -0.145989 -0.016851 0.070000
vt 0.760000 0.456000
v -0.131149 -0.007391 0.070000
vt 0.760000 0.472000
v -0.131149 0.004302 0.070000
vt 0.760000 0.488000
v -0.145989 0.013762 0.070000
vt 0.760000 0.504000
v -0.170000 0.017376 0.070000
vt 0.760000 0.520000
v -0.170000 -0.020464 0.070000
vt 0.768333 0.440000
v -0.149206 -0.016851 0.105267
vt 0.768333 0.456000
v -0.136354 -0.007391 0.127063
vt 0.768333 0.472000
v -0.136354 0.004302 0.127063
vt 0.768333 0.488000
v -0.149206 0.013762 0.105267
vt 0.768333 0.504000
v -0.170000 0.017376 0.070000
vt 0.768333 0.520000
v -0.170000 -0.020464 0.070000
vt 0.776667 0.440000
v -0.157994 -0.016851 0.131084
vt 0.776667 0.456000
v -0.150575 -0.007391 0.168837
vt 0.776667 0.472000
v -0.150575 0.004302 0.168837
vt 0.776667 0.488000
v -0.157994 0.013762 0.131084
vt 0.776667 0.504000
v -0.170000 0.017376 0.070000
vt 0.776667 0.520000
v -0.170000 -0.020464 0.070000
vt 0.785000 0.440000
v -0.170000 -0.016851 0.140534
vt 0.785000 0.456000
v -0.170000 -0.007391 0.184127
vt 0.785000 0.472000
v -0.170000 0.004302 0.184127
vt 0.785000 0.488000
v -0.170000 0.013762 0.140534
vt 0.785000 0.504000
v -0.170000 0.017376 0.070000
vt 0.785000 0.520000
v -0.170000 -0.020464 0.070000
vt 0.793333 0.440000
v -0.182006 -0.016851 0.131084
vt 0.793333 0.456000
v -0.189425 -0.007391 0.168837
vt 0.793333 0.472000
v -0.189425 0.004302 0.168837
vt 0.793333 0.488000
v -0.182006 0.013762 0.131084
vt 0.793333 0.504000
v -0.170000 0.017376 0.070000
vt 0.793333 0.520000
v -0.170000 -0.020464 0.070000
vt 0.801667 0.440000
v -0.190794 -0.016851 0.105267
vt 0.801667 0.456000
v -0.203646 -0.007391 0.127063
vt 0.801667 0.472000
v -0.203646 0.004302 0.127063
vt 0.801667 0.488000
v -0.190794 0.013762 0.105267
vt 0.801667 0.504000
v -0.170000 0.017376 0.070000
vt 0.801667 0.520000
v -0.170000 -0.020464 0.070000
vt 0.810000 0.440000
v -0.194011 -0.016851 0.070000
vt 0.810000 0.456000
v -0.208851 -0.007391 0.070000
vt 0.810000 0.472000
v -0.208851 0.004302 0.070000
vt 0.810000 0.488000
v -0.194011 0.013762 0.070000
vt 0.810000 0.504000
v -0.170000 0.017376 0.070000
vt 0.810000 0.520000
v -0.170000 -0.020464 0.070000
vt 0.818333 0.440000
v -0.190794 -0.016851 0.034733
vt 0.818333 0.456000
v -0.203646 -0.007391 0.012937
vt 0.818333 0.472000
v -0.203646 0.004302 0.012937
vt 0.818333 0.488000
v -0.190794 0.013762 0.034733
vt 0.818333 0.504000
v -0.170000 0.017376 0.070000
vt 0.818333 0.520000
v -0.170000 -0.020464 0.070000
vt 0.826667 0.440000
v -0.182006 -0.016851 0.008916
vt 0.826667 0.456000
v -0.189425 -0.007391 -0.028837
vt 0.826667 0.472000
v -0.189425 0.004302 -0.028837
vt 0.826667 0.488000
v -0.182006 0.013762 0.008916
vt 0.826667 0.504000
v -0.170000 0.017376 0.070000
vt 0.826667 0.520000
v -0.170000 -0.020464 0.070000
vt 0.835000 0.440000
v -0.170000 -0.016851 -0.000534
vt 0.835000 0.456000
v -0.170000 -0.007391 -0.044127
vt 0.835000 0.472000
v -0.170000 0.004302 -0.044127
vt 0.835000 0.488000
v -0.170000 0.013762 -0.000534
vt 0.835000 0.504000
v -0.170000 0.017376 0.070000
vt 0.835000 0.520000
v -0.170000 -0.020464 0.070000
vt 0.843333 0.440000
v -0.157994 -0.016851 0.008916
vt 0.843333 0.456000
v -0.150575 -0.007391 -0.028837
vt 0.843333 0.472000
v -0.150575 0.004302 -0.028837
vt 0.843333 0.488000
v -0.157994 0.013762 0.008916
vt 0.843333 0.504000
v -0.170000 0.017376 0.070000
vt 0.843333 0.520000
v -0.170000 -0.020464 0.070000
vt 0.851667 0.440000
v -0.149206 -0.016851 0.034733
vt 0.851667 0.456000
v -0.136354 -0.007391 0.012937
vt 0.851667 0.472000
v -0.136354 0.004302 0.012937
vt 0.851667 0.488000
v -0.149206 0.013762 0.034733
vt 0.851667 0.504000
v -0.170000 0.017376 0.070000
vt 0.851667 0.520000
v -0.170000 -0.020464 0.070000
vt 0.860000 0.440000
v -0.145989 -0.016851 0.070000
vt 0.860000 0.456000
v -0.131149 -0.007391 0.070000
vt 0.860000 0.472000
v -0.131149 0.004302 0.070000
vt 0.860000 0.488000
v -0.145989 0.013762 0.070000
vt 0.860000 0.504000
v -0.170000 0.017376 0.070000
vt 0.860000 0.520000
v 0.160850 0.434926 0.000000
vt 0.820000 0.080000
v 0.156805 0.434926 0.014534
vt 0.827143 0.080000
v 0.145470 0.434926 0.026189
vt 0.834286 0.080000
v 0.129090 0.434926 0.032657
vt 0.841429 0.080000
v 0.110910 0.434926 0.032657
vt 0.848571 0.080000
v 0.094530 0.434926 0.026189
vt 0.855714 0.080000
v 0.083195 0.434926 0.014534
vt 0.862857 0.080000
v 0.079150 0.434926 0.000000
vt 0.870000 0.080000
v 0.083195 0.434926 -0.014534
vt 0.877143 0.080000
v 0.094530 0.434926 -0.026189
vt 0.884286 0.080000
v 0.110910 0.434926 -0.032657
vt 0.891429 0.080000
v 0.129090 0.434926 -0.032657
vt 0.898571 0.080000
v 0.145470 0.434926 -0.026189
vt 0.905714 0.080000
v 0.156805 0.434926 -0.014534
vt 0.912857 0.080000
v 0.160850 0.434926 -0.000000
vt 0.920000 0.080000
v 0.163915 0.368015 0.000000
vt 0.820000 0.136667
v 0.160061 0.368015 0.013845
vt 0.827143 0.136667
v 0.149263 0.368015 0.024948
vt 0.834286 0.136667
v 0.133659 0.368015 0.031110
vt 0.841429 0.136667
v 0.116341 0.368015 0.031110
vt 0.848571 0.136667
v 0.100737 0.368015 0.024948
vt 0.855714 0.136667
v 0.089939 0.368015 0.013845
vt 0.862857 0.136667
v 0.086085 0.368015 0.000000
vt 0.870000 0.136667
v 0.089939 0.368015 -0.013845
vt 0.877143 0.136667
v 0.100737 0.368015 -0.024948
vt 0.884286 0.136667
v 0.116341 0.368015 -0.031110
vt 0.891429 0.136667
v 0.133659 0.368015 -0.031110
vt 0.898571 0.136667
v 0.149263 0.368015 -0.024948
vt 0.905714 0.136667
v 0.160061 0.368015 -0.013845
vt 0.912857 0.136667
v 0.163915 0.368015 -0.000000
vt 0.920000 0.136667
v 0.166980 0.301103 0.000000
vt 0.820000 0.193333
v 0.163318 0.301103 0.013157
vt 0.827143 0.193333
v 0.153057 0.301103 0.023708
vt 0.834286 0.193333
v 0.138229 0.301103 0.029563
vt 0.841429 0.193333
v 0.121771 0.301103 0.029563
vt 0.848571 0.193333
v 0.106943 0.301103 0.023708
vt 0.855714 0.193333
v 0.096682 0.301103 0.013157
vt 0.862857 0.193333
v 0.093020 0.301103 0.000000
vt 0.870000 0.193333
v 0.096682 0.301103 -0.013157
vt 0.877143 0.193333
v 0.106943 0.301103 -0.023708
vt 0.884286 0.193333
v 0.121771 0.301103 -0.029563
vt 0.891429 0.193333
v 0.138229 0.301103 -0.029563
vt 0.898571 0.193333
v 0.153057 0.301103 -0.023708
vt 0.905714 0.193333
v 0.163318 0.301103 -0.013157
vt 0.912857 0.193333
v 0.166980 0.301103 -0.000000
vt 0.920000 0.193333
v 0.170045 0.234191 0.000000
vt 0.820000 0.250000
v 0.166574 0.234191 0.012468
vt 0.827143 0.250000
v 0.156850 0.234191 0.022467
vt 0.834286 0.250000
v 0.142798 0.234191 0.028016
vt 0.841429 0.250000
v 0.127202 0.234191 0.028016
vt 0.848571 0.250000
v 0.113150 0.234191 0.022467
vt 0.855714 0.250000
v 0.103426 0.234191 0.012468
vt 0.862857 0.250000
v 0.099955 0.234191 0.000000
vt 0.870000 0.250000
v 0.103426 0.234191 -0.012468
vt 0.877143 0.250000
v 0.113150 0.234191 -0.022467
vt 0.884286 0.250000
v 0.127202 0.234191 -0.028016
vt 0.891429 0.250000
v 0.142798 0.234191 -0.028016
vt 0.898571 0.250000
v 0.156850 0.234191 -0.022467
vt 0.905714 0.250000
v 0.166574 0.234191 -0.012468
vt 0.912857 0.250000
v 0.170045 0.234191 -0.000000
vt 0.920000 0.250000
v 0.173110 0.167279 0.000000
vt 0.820000 0.306667
v 0.169831 0.167279 0.011780
vt 0.827143 0.306667
v 0.160644 0.167279 0.021227
vt 0.834286 0.306667
v 0.147368 0.167279 0.026469
vt 0.841429 0.306667
v 0.132632 0.167279 0.026469
vt 0.848571 0.306667
v 0.119356 0.167279 0.021227
vt 0.855714 0.306667
v 0.110169 0.167279 0.011780
vt 0.862857 0.306667
v 0.106890 0.167279 0.000000
vt 0.870000 0.306667
v 0.110169 0.167279 -0.011780
vt 0.877143 0.306667
v 0.119356 0.167279 -0.021227
vt 0.884286 0.306667
v 0.132632 0.167279 -0.026469
vt 0.891429 0.306667
v 0.147368 0.167279 -0.026469
vt 0.898571 0.306667
v 0.160644 0.167279 -0.021227
vt 0.905714 0.306667
v 0.169831 0.167279 -0.011780
vt 0.912857 0.306667
v 0.173110 0.167279 -0.000000
vt 0.920000 0.306667
v 0.176175 0.100368 0.000000
vt 0.820000 0.363333
v 0.173088 0.100368 0.011092
vt 0.827143 0.363333
v 0.164437 0.100368 0.019986
vt 0.834286 0.363333
v 0.151937 0.100368 0.024923
vt 0.841429 0.363333
v 0.138063 0.100368 0.024923
vt 0.848571 0.363333
v 0.125563 0.100368 0.019986
vt 0.855714 0.363333
v 0.116912 0.100368 0.011092
vt 0.862857 0.363333
v 0.113825 0.100368 0.000000
vt 0.870000 0.363333
v 0.116912 0.100368 -0.011092
vt 0.877143 0.363333
v 0.125563 0.100368 -0.019986
vt 0.884286 0.363333
v 0.138063 0.100368 -0.024923
vt 0.891429 0.363333
v 0.151937 0.100368 -0.024923
vt 0.898571 0.363333
v 0.164437 0.100368 -0.019986
vt 0.905714 0.363333
v 0.173088 0.100368 -0.011092
vt 0.912857 0.363333
v 0.176175 0.100368 -0.000000
vt 0.920000 0.363333
v 0.179240 0.033456 0.000000
vt 0.820000 0.420000
v 0.176344 0.033456 0.010403
vt 0.827143 0.420000
v 0.168231 0.033456 0.018746
vt 0.834286 0.420000
v 0.156507 0.033456 0.023376
vt 0.841429 0.420000
v 0.143493 0.033456 0.023376
vt 0.848571 0.420000
v 0.131769 0.033456 0.018746
vt 0.855714 0.420000
v 0.123656 0.033456 0.010403
vt 0.862857 0.420000
v 0.120760 0.033456 0.000000
vt 0.870000 0.420000
v 0.123656 0.033456 -0.010403
vt 0.877143 0.420000
v 0.131769 0.033456 -0.018746
vt 0.884286 0.420000
v 0.143493 0.033456 -0.023376
vt 0.891429 0.420000
v 0.156507 0.033456 -0.023376
vt 0.898571 0.420000
v 0.168231 0.033456 -0.018746
vt 0.905714 0.420000
v 0.176344 0.033456 -0.010403
vt 0.912857 0.420000
v 0.179240 0.033456 -0.000000
vt 0.920000 0.420000
v 0.170000 -0.020464 0.070000
vt 0.880000 0.440000
v 0.194011 -0.016851 0.070000
vt 0.880000 0.456000
v 0.208851 -0.007391 0.070000
vt 0.880000 0.472000
v 0.208851 0.004302 0.070000
vt 0.880000 0.488000
v 0.194011 0.013762 0.070000
vt 0.880000 0.504000
v 0.170000 0.017376 0.070000
vt 0.880000 0.520000
v 0.170000 -0.020464 0.070000
vt 0.888333 0.440000
v 0.190794 -0.016851 0.105267
vt 0.888333 0.456000
v 0.203646 -0.007391 0.127063
vt 0.888333 0.472000
v 0.203646 0.004302 0.127063
vt 0.888333 0.488000
v 0.190794 0.013762 0.105267
vt 0.888333 0.504000
v 0.170000 0.017376 0.070000
vt 0.888333 0.520000
v 0.170000 -0.020464 0.070000
vt 0.896667 0.440000
v 0.182006 -0.016851 0.131084
vt 0.896667 0.456000
v 0.189425 -0.007391 0.168837
vt 0.896667 0.472000
v 0.189425 0.004302 0.168837
vt 0.896667 0.488000
v 0.182006 0.013762 0.131084
vt 0.896667 0.504000
v 0.170000 0.017376 0.070000
vt 0.896667 0.520000
v 0.170000 -0.020464 0.070000
vt 0.905000 0.440000
v 0.170000 -0.016851 0.140534
vt 0.905000 0.456000
v 0.170000 -0.007391 0.184127
vt 0.905000 0.472000
v 0.170000 0.004302 0.184127
vt 0.905000 0.488000
v 0.170000 0.013762 0.140534
vt 0.905000 0.504000
v 0.170000 0.017376 0.070000
vt 0.905000 0.520000
v 0.170000 -0.020464 0.070000
vt 0.913333 0.440000
v 0.157994 -0.016851 0.131084
vt 0.913333 0.456000
v 0.150575 -0.007391 0.168837
vt 0.913333 0.472000
v 0.150575 0.004302 0.168837
vt 0.913333 0.488000
v 0.157994 0.013762 0.131084
vt 0.913333 0.504000
v 0.170000 0.017376 0.070000
vt 0.913333 0.520000
v 0.170000 -0.020464 0.070000
vt 0.921667 0.440000
v 0.149206 -0.016851 0.105267
vt 0.921667 0.456000
v 0.136354 -0.007391 0.127063
vt 0.921667 0.472000
v 0.136354 0.004302 0.127063
vt 0.921667 0.488000
v 0.149206 0.013762 0.105267
vt 0.921667 0.504000
v 0.170000 0.017376 0.070000
vt 0.921667 0.520000
v 0.170000 -0.020464 0.070000
vt 0.930000 0.440000
v 0.145989 -0.016851 0.070000
vt 0.930000 0.456000
v 0.131149 -0.007391 0.070000
vt 0.930000 0.472000
v 0.131149 0.004302 0.070000
vt 0.930000 0.488000
v 0.145989 0.013762 0.070000
vt 0.930000 0.504000
v 0.170000 0.017376 0.070000
vt 0.930000 0.520000
v 0.170000 -0.020464 0.070000
vt 0.938333 0.440000
v 0.149206 -0.016851 0.034733
vt 0.938333 0.456000
v 0.136354 -0.007391 0.012937
vt 0.938333 0.472000
v 0.136354 0.004302 0.012937
vt 0.938333 0.488000
v 0.149206 0.013762 0.034733
vt 0.938333 0.504000
v 0.170000 0.017376 0.070000
vt 0.938333 0.520000
v 0.170000 -0.020464 0.070000
vt 0.946667 0.440000
v 0.157994 -0.016851 0.008916
vt 0.946667 0.456000
v 0.150575 -0.007391 -0.028837
vt 0.946667 0.472000
v 0.150575 0.004302 -0.028837
vt 0.946667 0.488000
v 0.157994 0.013762 0.008916
vt 0.946667 0.504000
v 0.170000 0.017376 0.070000
vt 0.946667 0.520000
v 0.170000 -0.020464 0.070000
vt 0.955000 0.440000
v 0.170000 -0.016851 -0.000534
vt 0.955000 0.456000
v 0.170000 -0.007391 -0.044127
vt 0.955000 0.472000
v 0.170000 0.004302 -0.044127
vt 0.955000 0.488000
v 0.170000 0.013762 -0.000534
vt 0.955000 0.504000
v 0.170000 0.017376 0.070000
vt 0.955000 0.520000
v 0.170000 -0.020464 0.070000
vt 0.963333 0.440000
v 0.182006 -0.016851 0.008916
vt 0.963333 0.456000
v 0.189425 -0.007391 -0.028837
vt 0.963333 0.472000
v 0.189425 0.004302 -0.028837
vt 0.963333 0.488000
v 0.182006 0.013762 0.008916
vt 0.963333 0.504000
v 0.170000 0.017376 0.070000
vt 0.963333 0.520000
v 0.170000 -0.020464 0.070000
vt 0.971667 0.440000
v 0.190794 -0.016851 0.034733
vt 0.971667 0.456000
v 0.203646 -0.007391 0.012937
vt 0.971667 0.472000
v 0.203646 0.004302 0.012937
vt 0.971667 0.488000
v 0.190794 0.013762 0.034733
vt 0.971667 0.504000
v 0.170000 0.017376 0.070000
vt 0.971667 0.520000
v 0.170000 -0.020464 0.070000
vt 0.980000 0.440000
v 0.194011 -0.016851 0.070000
vt 0.980000 0.456000
v 0.208851 -0.007391 0.070000
vt 0.980000 0.472000
v 0.208851 0.004302 0.070000
vt 0.980000 0.488000
v 0.194011 0.013762 0.070000
vt 0.980000 0.504000
v 0.170000 0.017376 0.070000
vt 0.980000 0.520000
usemtl skin
f 1/1 2/2 13/13
f 1/1 13/13 12/12
f 2/2 3/3 14/14
f 2/2 14/14 13/13
f 3/3 4/4 15/15
f 3/3 15/15 14/14
f 4/4 5/5 16/16
f 4/4 16/16 15/15
f 5/5 6/6 17/17
f 5/5 17/17 16/16
f 6/6 7/7 18/18
f 6/6 18/18 17/17
f 7/7 8/8 19/19
f 7/7 19/19 18/18
f 8/8 9/9 20/20
f 8/8 20/20 19/19
f 9/9 10/10 21/21
f 9/9 21/21 20/20
f 10/10 11/11 22/22
f 10/10 22/22 21/21
f 12/12 13/13 24/24
f 12/12 24/24 23/23
f 13/13 14/14 25/25
f 13/13 25/25 24/24
f 14/14 15/15 26/26
f 14/14 26/26 25/25
f 15/15 16/16 27/27
f 15/15 27/27 26/26
f 16/16 17/17 28/28
f 16/16 28/28 27/27
f 17/17 18/18 29/29
f 17/17 29/29 28/28
f 18/18 19/19 30/30
f 18/18 30/30 29/29
f 19/19 20/20 31/31
f 19/19 31/31 30/30
f 20/20 21/21 32/32
f 20/20 32/32 31/31
f 21/21 22/22 33/33
f 21/21 33/33 32/32
f 23/23 24/24 35/35
f 23/23 35/35 34/34
f 24/24 25/25 36/36
f 24/24 36/36 35/35
f 25/25 26/26 37/37
f 25/25 37/37 36/36
f 26/26 27/27 38/38
f 26/26 38/38 37/37
f 27/27 28/28 39/39
f 27/27 39/39 38/38
f 28/28 29/29 40/40
f 28/28 40/40 39/39
f 29/29 30/30 41/41
f 29/29 41/41 40/40
f 30/30 31/31 42/42
f 30/30 42/42 41/41
f 31/31 32/32 43/43
f 31/31 43/43 42/42
f 32/32 33/33 44/44
f 32/32 44/44 43/43
f 34/34 35/35 46/46
f 34/34 46/46 45/45
f 35/35 36/36 47/47
f 35/35 47/47 46/46
f 36/36 37/37 48/48
f 36/36 48/48 47/47
f 37/37 38/38 49/49
f 37/37 49/49 48/48
f 38/38 39/39 50/50
f 38/38 50/50 49/49
f 39/39 40/40 51/51
f 39/39 51/51 50/50
f 40/40 41/41 52/52
f 40/40 52/52 51/51
f 41/41 42/42 53/53
f 41/41 53/53 52/52
f 42/42 43/43 54/54
f 42/42 54/54 53/53
f 43/43 44/44 55/55
f 43/43 55/55 54/54
f 45/45 46/46 57/57
f 45/45 57/57 56/56
f 46/46 47/47 58/58
f 46/46 58/58 57/57
f 47/47 48/48 59/59
f 47/47 59/59 58/58
f 48/48 49/49 60/60
f 48/48 60/60 59/59
f 49/49 50/50 61/61
f 49/49 61/61 60/60
f 50/50 51/51 62/62
f 50/50 62/62 61/61
f 51/51 52/52 63/63
f 51/51 63/63 62/62
f 52/52 53/53 64/64
f 52/52 64/64 63/63
f 53/53 54/54 65/65
f 53/53 65/65 64/64
f 54/54 55/55 66/66
f 54/54 66/66 65/65
f 56/56 57/57 68/68
f 56/56 68/68 67/67
f 57/57 58/58 69/69
f 57/57 69/69 68/68
f 58/58 59/59 70/70
f 58/58 70/70 69/69
f 59/59 60/60 71/71
f 59/59 71/71 70/70
f 60/60 61/61 72/72
f 60/60 72/72 71/71
f 61/61 62/62 73/73
f 61/61 73/73 72/72
f 62/62 63/63 74/74
f 62/62 74/74 73/73
f 63/63 64/64 75/75
f 63/63 75/75 74/74
f 64/64 65/65 76/76
f 64/64 76/76 75/75
f 65/65 66/66 77/77
f 65/65 77/77 76/76
f 67/67 68/68 79/79
f 67/67 79/79 78/78
f 68/68 69/69 80/80
f 68/68 80/80 79/79
f 69/69 70/70 81/81
f 69/69 81/81 80/80
f 70/70 71/71 82/82
f 70/70 82/82 81/81
f 71/71 72/72 83/83
f 71/71 83/83 82/82
f 72/72 73/73 84/84
f 72/72 84/84 83/83
f 73/73 74/74 85/85
f 73/73 85/85 84/84
f 74/74 75/75 86/86
f 74/74 86/86 85/85
f 75/75 76/76 87/87
f 75/75 87/87 86/86
f 76/76 77/77 88/88
f 76/76 88/88 87/87
f 78/78 79/79 90/90
f 78/78 90/90 89/89
f 79/79 80/80 91/91
f 79/79 91/91 90/90
f 80/80 81/81 92/92
f 80/80 92/92 91/91
f 81/81 82/82 93/93
f 81/81 93/93 92/92
f 82/82 83/83 94/94
f 82/82 94/94 93/93
f 83/83 84/84 95/95
f 83/83 95/95 94/94
f 84/84 85/85 96/96
f 84/84 96/96 95/95
f 85/85 86/86 97/97
f 85/85 97/97 96/96
f 86/86 87/87 98/98
f 86/86 98/98 97/97
f 87/87 88/88 99/99
f 87/87 99/99 98/98
f 89/89 90/90 101/101
f 89/89 101/101 100/100
f 90/90 91/91 102/102
f 90/90 102/102 101/101
f 91/91 92/92 103/103
f 91/91 103/103 102/102
f 92/92 93/93 104/104
f 92/92 104/104 103/103
f 93/93 94/94 105/105
f 93/93 105/105 104/104
f 94/94 95/95 106/106
f 94/94 106/106 105/105
f 95/95 96/96 107/107
f 95/95 107/107 106/106
f 96/96 97/97 108/108
f 96/96 108/108 107/107
f 97/97 98/98 109/109
f 97/97 109/109 108/108
f 98/98 99/99 110/110
f 98/98 110/110 109/109
f 100/100 101/101 112/112
f 100/100 112/112 111/111
f 101/101 102/102 113/113
f 101/101 113/113 112/112
f 102/102 103/103 114/114
f 102/102 114/114 113/113
f 103/103 104/104 115/115
f 103/103 115/115 114/114
f 104/104 105/105 116/116
f 104/104 116/116 115/115
f 105/105 106/106 117/117
f 105/105 117/117 116/116
f 106/106 107/107 118/118
f 106/106 118/118 117/117
f 107/107 108/108 119/119
f 107/107 119/119 118/118
f 108/108 109/109 120/120
f 108/108 120/120 119/119
f 109/109 110/110 121/121
f 109/109 121/121 120/120
f 111/111 112/112 123/123
f 111/111 123/123 122/122
f 112/112 113/113 124/124
f 112/112 124/124 123/123
f 113/113 114/114 125/125
f 113/113 125/125 124/124
f 114/114 115/115 126/126
f 114/114 126/126 125/125
f 115/115 116/116 127/127
f 115/115 127/127 126/126
f 116/116 117/117 128/128
f 116/116 128/128 127/127
f 117/117 118/118 129/129
f 117/117 129/129 128/128
f 118/118 119/119 130/130
f 118/118 130/130 129/129
f 119/119 120/120 131/131
f 119/119 131/131 130/130
f 120/120 121/121 132/132
f 120/120 132/132 131/131
f 122/122 123/123 134/134
f 122/122 134/134 133/133
f 123/123 124/124 135/135
f 123/123 135/135 134/134
f 124/124 125/125 136/136
f 124/124 136/136 135/135
f 125/125 126/126 137/137
f 125/125 137/137 136/136
f 126/126 127/127 138/138
f 126/126 138/138 137/137
f 127/127 128/128 139/139
f 127/127 139/139 138/138
f 128/128 129/129 140/140
f 128/128 140/140 139/139
f 129/129 130/130 141/141
f 129/129 141/141 140/140
f 130/130 131/131 142/142
f 130/130 142/142 141/141
f 131/131 132/132 143/143
f 131/131 143/143 142/142
f 133/133 134/134 145/145
f 133/133 145/145 144/144
f 134/134 135/135 146/146
f 134/134 146/146 145/145
f 135/135 136/136 147/147
f 135/135 147/147 146/146
f 136/136 137/137 148/148
f 136/136 148/148 147/147
f 137/137 138/138 149/149
f 137/137 149/149 148/148
f 138/138 139/139 150/150
f 138/138 150/150 149/149
f 139/139 140/140 151/151
f 139/139 151/151 150/150
f 140/140 141/141 152/152
f 140/140 152/152 151/151
f 141/141 142/142 153/153
f 141/141 153/153 152/152
f 142/142 143/143 154/154
f 142/142 154/154 153/153
f 144/144 145/145 156/156
f 144/144 156/156 155/155
f 145/145 146/146 157/157
f 145/145 157/157 156/156
f 146/146 147/147 158/158
f 146/146 158/158 157/157
f 147/147 148/148 159/159
f 147/147 159/159 158/158
f 148/148 149/149 160/160
f 148/148 160/160 159/159
f 149/149 150/150 161/161
f 149/149 161/161 160/160
f 150/150 151/151 162/162
f 150/150 162/162 161/161
f 151/151 152/152 163/163
f 151/151 163/163 162/162
f 152/152 153/153 164/164
f 152/152 164/164 163/163
f 153/153 154/154 165/165
f 153/153 165/165 164/164
f 155/155 156/156 167/167
f 155/155 167/167 166/166
f 156/156 157/157 168/168
f 156/156 168/168 167/167
f 157/157 158/158 169/169
f 157/157 169/169 168/168
f 158/158 159/159 170/170
f 158/158 170/170 169/169
f 159/159 160/160 171/171
f 159/159 171/171 170/170
f 160/160 161/161 172/172
f 160/160 172/172 171/171
f 161/161 162/162 173/173
f 161/161 173/173 172/172
f 162/162 163/163 174/174
f 162/162 174/174 173/173
f 163/163 164/164 175/175
f 163/163 175/175 174/174
f 164/164 165/165 176/176
f 164/164 176/176 175/175
f 166/166 167/167 178/178
f 166/166 178/178 177/177
f 167/167 168/168 179/179
f 167/167 179/179 178/178
f 168/168 169/169 180/180
f 168/168 180/180 179/179
f 169/169 170/170 181/181
f 169/169 181/181 180/180
f 170/170 171/171 182/182
f 170/170 182/182 181/181
f 171/171 172/172 183/183
f 171/171 183/183 182/182
f 172/172 173/173 184/184
f 172/172 184/184 183/183
f 173/173 174/174 185/185
f 173/173 185/185 184/184
f 174/174 175/175 186/186
f 174/174 186/186 185/185
f 175/175 176/176 187/187
f 175/175 187/187 186/186
f 177/177 178/178 189/189
f 177/177 189/189 188/188
f 178/178 179/179 190/190
f 178/178 190/190 189/189
f 179/179 180/180 191/191
f 179/179 191/191 190/190
f 180/180 181/181 192/192
f 180/180 192/192 191/191
f 181/181 182/182 193/193
f 181/181 193/193 192/192
f 182/182 183/183 194/194
f 182/182 194/194 193/193
f 183/183 184/184 195/195
f 183/183 195/195 194/194
f 184/184 185/185 196/196
f 184/184 196/196 195/195
f 185/185 186/186 197/197
f 185/185 197/197 196/196
f 186/186 187/187 198/198
f 186/186 198/198 197/197
f 188/188 189/189 200/200
f 188/188 200/200 199/199
f 189/189 190/190 201/201
f 189/189 201/201 200/200
f 190/190 191/191 202/202
f 190/190 202/202 201/201
f 191/191 192/192 203/203
f 191/191 203/203 202/202
f 192/192 193/193 204/204
f 192/192 204/204 203/203
f 193/193 194/194 205/205
f 193/193 205/205 204/204
f 194/194 195/195 206/206
f 194/194 206/206 205/205
f 195/195 196/196 207/207
f 195/195 207/207 206/206
f 196/196 197/197 208/208
f 196/196 208/208 207/207
f 197/197 198/198 209/209
f 197/197 209/209 208/208
f 210/210 211/211 222/222
f 210/210 222/222 221/221
f 211/211 212/212 223/223
f 211/211 223/223 222/222
f 212/212 213/213 224/224
f 212/212 224/224 223/223
f 213/213 214/214 225/225
f 213/213 225/225 224/224
f 214/214 215/215 226/226
f 214/214 226/226 225/225
f 215/215 216/216 227/227
f 215/215 227/227 226/226
f 216/216 217/217 228/228
f 216/216 228/228 227/227
f 217/217 218/218 229/229
f 217/217 229/229 228/228
f 218/218 219/219 230/230
f 218/218 230/230 229/229
f 219/219 220/220 231/231
f 219/219 231/231 230/230
f 221/221 222/222 233/233
f 221/221 233/233 232/232
f 222/222 223/223 234/234
f 222/222 234/234 233/233
f 223/223 224/224 235/235
f 223/223 235/235 234/234
f 224/224 225/225 236/236
f 224/224 236/236 235/235
f 225/225 226/226 237/237
f 225/225 237/237 236/236
f 226/226 227/227 238/238
f 226/226 238/238 237/237
f 227/227 228/228 239/239
f 227/227 239/239 238/238
f 228/228 229/229 240/240
f 228/228 240/240 239/239
f 229/229 230/230 241/241
f 229/229 241/241 240/240
f 230/230 231/231 242/242
f 230/230 242/242 241/241
f 232/232 233/233 244/244
f 232/232 244/244 243/243
f 233/233 234/234 245/245
f 233/233 245/245 244/244
f 234/234 235/235 246/246
f 234/234 246/246 245/245
f 235/235 236/236 247/247
f 235/235 247/247 246/246
f 236/236 237/237 248/248
f 236/236 248/248 247/247
f 237/237 238/238 249/249
f 237/237 249/249 248/248
f 238/238 239/239 250/250
f 238/238 250/250 249/249
f 239/239 240/240 251/251
f 239/239 251/251 250/250
f 240/240 241/241 252/252
f 240/240 252/252 251/251
f 241/241 242/242 253/253
f 241/241 253/253 252/252
f 243/243 244/244 255/255
f 243/243 255/255 254/254
f 244/244 245/245 256/256
f 244/244 256/256 255/255
f 245/245 246/246 257/257
f 245/245 257/257 256/256
f 246/246 247/247 258/258
f 246/246 258/258 257/257
f 247/247 248/248 259/259
f 247/247 259/259 258/258
f 248/248 249/249 260/260
f 248/248 260/260 259/259
f 249/249 250/250 261/261
f 249/249 261/261 260/260
f 250/250 251/251 262/262
f 250/250 262/262 261/261
f 251/251 252/252 263/263
f 251/251 263/263 262/262
f 252/252 253/253 264/264
f 252/252 264/264 263/263
f 254/254 255/255 266/266
f 254/254 266/266 265/265
f 255/255 256/256 267/267
f 255/255 267/267 266/266
f 256/256 257/257 268/268
f 256/256 268/268 267/267
f 257/257 258/258 269/269
f 257/257 269/269 268/268
f 258/258 259/259 270/270
f 258/258 270/270 269/269
f 259/259 260/260 271/271
f 259/259 271/271 270/270
f 260/260 261/261 272/272
f 260/260 272/272 271/271
f 261/261 262/262 273/273
f 261/261 273/273 272/272
f 262/262 263/263 274/274
f 262/262 274/274 273/273
f 263/263 264/264 275/275
f 263/263 275/275 274/274
f 265/265 266/266 277/277
f 265/265 277/277 276/276
f 266/266 267/267 278/278
f 266/266 278/278 277/277
f 267/267 268/268 279/279
f 267/267 279/279 278/278
f 268/268 269/269 280/280
f 268/268 280/280 279/279
f 269/269 270/270 281/281
f 269/269 281/281 280/280
f 270/270 271/271 282/282
f 270/270 282/282 281/281
f 271/271 272/272 283/283
f 271/271 283/283 282/282
f 272/272 273/273 284/284
f 272/272 284/284 283/283
f 273/273 274/274 285/285
f 273/273 285/285 284/284
f 274/274 275/275 286/286
f 274/274 286/286 285/285
f 276/276 277/277 288/288
f 276/276 288/288 287/287
f 277/277 278/278 289/289
f 277/277 289/289 288/288
f 278/278 279/279 290/290
f 278/278 290/290 289/289
f 279/279 280/280 291/291
f 279/279 291/291 290/290
f 280/280 281/281 292/292
f 280/280 292/292 291/291
f 281/281 282/282 293/293
f 281/281 293/293 292/292
f 282/282 283/283 294/294
f 282/282 294/294 293/293
f 283/283 284/284 295/295
f 283/283 295/295 294/294
f 284/284 285/285 296/296
f 284/284 296/296 295/295
f 285/285 286/286 297/297
f 285/285 297/297 296/296
f 287/287 288/288 299/299
f 287/287 299/299 298/298
f 288/288 289/289 300/300
f 288/288 300/300 299/299
f 289/289 290/290 301/301
f 289/289 301/301 300/300
f 290/290 291/291 302/302
f 290/290 302/302 301/301
f 291/291 292/292 303/303
f 291/291 303/303 302/302
f 292/292 293/293 304/304
f 292/292 304/304 303/303
f 293/293 294/294 305/305
f 293/293 305/305 304/304
f 294/294 295/295 306/306
f 294/294 306/306 305/305
f 295/295 296/296 307/307
f 295/295 307/307 306/306
f 296/296 297/297 308/308
f 296/296 308/308 307/307
f 298/298 299/299 310/310
f 298/298 310/310 309/309
f 299/299 300/300 311/311
f 299/299 311/311 310/310
f 300/300 301/301 312/312
f 300/300 312/312 311/311
f 301/301 302/302 313/313
f 301/301 313/313 312/312
f 302/302 303/303 314/314
f 302/302 314/314 313/313
f 303/303 304/304 315/315
f 303/303 315/315 314/314
f 304/304 305/305 316/316
f 304/304 316/316 315/315
f 305/305 306/306 317/317
f 305/305 317/317 316/316
f 306/306 307/307 318/318
f 306/306 318/318 317/317
f 307/307 308/308 319/319
f 307/307 319/319 318/318
f 309/309 310/310 321/321
f 309/309 321/321 320/320
f 310/310 311/311 322/322
f 310/310 322/322 321/321
f 311/311 312/312 323/323
f 311/311 323/323 322/322
f 312/312 313/313 324/324
f 312/312 324/324 323/323
f 313/313 314/314 325/325
f 313/313 325/325 324/324
f 314/314 315/315 326/326
f 314/314 326/326 325/325
f 315/315 316/316 327/327
f 315/315 327/327 326/326
f 316/316 317/317 328/328
f 316/316 328/328 327/327
f 317/317 318/318 329/329
f 317/317 329/329 328/328
f 318/318 319/319 330/330
f 318/318 330/330 329/329
f 320/320 321/321 332/332
f 320/320 332/332 331/331
f 321/321 322/322 333/333
f 321/321 333/333 332/332
f 322/322 323/323 334/334
f 322/322 334/334 333/333
f 323/323 324/324 335/335
f 323/323 335/335 334/334
f 324/324 325/325 336/336
f 324/324 336/336 335/335
f 325/325 326/326 337/337
f 325/325 337/337 336/336
f 326/326 327/327 338/338
f 326/326 338/338 337/337
f 327/327 328/328 339/339
f 327/327 339/339 338/338
f 328/328 329/329 340/340
f 328/328 340/340 339/339
f 329/329 330/330 341/341
f 329/329 341/341 340/340
f 331/331 332/332 343/343
f 331/331 343/343 342/342
f 332/332 333/333 344/344
f 332/332 344/344 343/343
f 333/333 334/334 345/345
f 333/333 345/345 344/344
f 334/334 335/335 346/346
f 334/334 346/346 345/345
f 335/335 336/336 347/347
f 335/335 347/347 346/346
f 336/336 337/337 348/348
f 336/336 348/348 347/347
f 337/337 338/338 349/349
f 337/337 349/349 348/348
f 338/338 339/339 350/350
f 338/338 350/350 349/349
f 339/339 340/340 351/351
f 339/339 351/351 350/350
f 340/340 341/341 352/352
f 340/340 352/352 351/351
f 342/342 343/343 354/354
f 342/342 354/354 353/353
f 343/343 344/344 355/355
f 343/343 355/355 354/354
f 344/344 345/345 356/356
f 344/344 356/356 355/355
f 345/345 346/346 357/357
f 345/345 357/357 356/356
f 346/346 347/347 358/358
f 346/346 358/358 357/357
f 347/347 348/348 359/359
f 347/347 359/359 358/358
f 348/348 349/349 360/360
f 348/348 360/360 359/359
f 349/349 350/350 361/361
f 349/349 361/361 360/360
f 350/350 351/351 362/362
f 350/350 362/362 361/361
f 351/351 352/352 363/363
f 351/351 363/363 362/362
f 353/353 354/354 365/365
f 353/353 365/365 364/364
f 354/354 355/355 366/366
f 354/354 366/366 365/365
f 355/355 356/356 367/367
f 355/355 367/367 366/366
f 356/356 357/357 368/368
f 356/356 368/368 367/367
f 357/357 358/358 369/369
f 357/357 369/369 368/368
f 358/358 359/359 370/370
f 358/358 370/370 369/369
f 359/359 360/360 371/371
f 359/359 371/371 370/370
f 360/360 361/361 372/372
f 360/360 372/372 371/371
f 361/361 362/362 373/373
f 361/361 373/373 372/372
f 362/362 363/363 374/374
f 362/362 374/374 373/373
f 364/364 365/365 376/376
f 364/364 376/376 375/375
f 365/365 366/366 377/377
f 365/365 377/377 376/376
f 366/366 367/367 378/378
f 366/366 378/378 377/377
f 367/367 368/368 379/379
f 367/367 379/379 378/378
f 368/368 369/369 380/380
f 368/368 380/380 379/379
f 369/369 370/370 381/381
f 369/369 381/381 380/380
f 370/370 371/371 382/382
f 370/370 382/382 381/381
f 371/371 372/372 383/383
f 371/371 383/383 382/382
f 372/372 373/373 384/384
f 372/372 384/384 383/383
f 373/373 374/374 385/385
f 373/373 385/385 384/384
f 375/375 376/376 387/387
f 375/375 387/387 386/386
f 376/376 377/377 388/388
f 376/376 388/388 387/387
f 377/377 378/378 389/389
f 377/377 389/389 388/388
f 378/378 379/379 390/390
f 378/378 390/390 389/389
f 379/379 380/380 391/391
f 379/379 391/391 390/390
f 380/380 381/381 392/392
f 380/380 392/392 391/391
f 381/381 382/382 393/393
f 381/381 393/393 392/392
f 382/382 383/383 394/394
f 382/382 394/394 393/393
f 383/383 384/384 395/395
f 383/383 395/395 394/394
f 384/384 385/385 396/396
f 384/384 396/396 395/395
f 386/386 387/387 398/398
f 386/386 398/398 397/397
f 387/387 388/388 399/399
f 387/387 399/399 398/398
f 388/388 389/389 400/400
f 388/388 400/400 399/399
f 389/389 390/390 401/401
f 389/389 401/401 400/400
f 390/390 391/391 402/402
f 390/390 402/402 401/401
f 391/391 392/392 403/403
f 391/391 403/403 402/402
f 392/392 393/393 404/404
f 392/392 404/404 403/403
f 393/393 394/394 405/405
f 393/393 405/405 404/404
f 394/394 395/395 406/406
f 394/394 406/406 405/405
f 395/395 396/396 407/407
f 395/395 407/407 406/406
f 397/397 398/398 409/409
f 397/397 409/409 408/408
f 398/398 399/399 410/410
f 398/398 410/410 409/409
f 399/399 400/400 411/411
f 399/399 411/411 410/410
f 400/400 401/401 412/412
f 400/400 412/412 411/411
f 401/401 402/402 413/413
f 401/401 413/413 412/412
f 402/402 403/403 414/414
f 402/402 414/414 413/413
f 403/403 404/404 415/415
f 403/403 415/415 414/414
f 404/404 405/405 416/416
f 404/404 416/416 415/415
f 405/405 406/406 417/417
f 405/405 417/417 416/416
f 406/406 407/407 418/418
f 406/406 418/418 417/417
f 419/419 432/432 433/433
f 419/419 433/433 420/420
f 420/420 433/433 434/434
f 420/420 434/434 421/421
f 421/421 434/434 435/435
f 421/421 435/435 422/422
f 422/422 435/435 436/436
f 422/422 436/436 423/423
f 423/423 436/436 437/437
f 423/423 437/437 424/424
f 424/424 437/437 438/438
f 424/424 438/438 425/425
f 425/425 438/438 439/439
f 425/425 439/439 426/426
f 426/426 439/439 440/440
f 426/426 440/440 427/427
f 427/427 440/440 441/441
f 427/427 441/441 428/428
f 428/428 441/441 442/442
f 428/428 442/442 429/429
f 429/429 442/442 443/443
f 429/429 443/443 430/430
f 430/430 443/443 444/444
f 430/430 444/444 431/431
f 432/432 445/445 446/446
f 432/432 446/446 433/433
f 433/433 446/446 447/447
f 433/433 447/447 434/434
f 434/434 447/447 448/448
f 434/434 448/448 435/435
f 435/435 448/448 449/449
f 435/435 449/449 436/436
f 436/436 449/449 450/450
f 436/436 450/450 437/437
f 437/437 450/450 451/451
f 437/437 451/451 438/438
f 438/438 451/451 452/452
f 438/438 452/452 439/439
f 439/439 452/452 453/453
f 439/439 453/453 440/440
f 440/440 453/453 454/454
f 440/440 454/454 441/441
f 441/441 454/454 455/455
f 441/441 455/455 442/442
f 442/442 455/455 456/456
f 442/442 456/456 443/443
f 443/443 456/456 457/457
f 443/443 457/457 444/444
f 445/445 458/458 459/459
f 445/445 459/459 446/446
f 446/446 459/459 460/460
f 446/446 460/460 447/447
f 447/447 460/460 461/461
f 447/447 461/461 448/448
f 448/448 461/461 462/462
f 448/448 462/462 449/449
f 449/449 462/462 463/463
f 449/449 463/463 450/450
f 450/450 463/463 464/464
f 450/450 464/464 451/451
f 451/451 464/464 465/465
f 451/451 465/465 452/452
f 452/452 465/465 466/466
f 452/452 466/466 453/453
f 453/453 466/466 467/467
f 453/453 467/467 454/454
f 454/454 467/467 468/468
f 454/454 468/468 455/455
f 455/455 468/468 469/469
f 455/455 469/469 456/456
f 456/456 469/469 470/470
f 456/456 470/470 457/457
f 458/458 471/471 472/472
f 458/458 472/472 459/459
f 459/459 472/472 473/473
f 459/459 473/473 460/460
f 460/460 473/473 474/474
f 460/460 474/474 461/461
f 461/461 474/474 475/475
f 461/461 475/475 462/462
f 462/462 475/475 476/476
f 462/462 476/476 463/463
f 463/463 476/476 477/477
f 463/463 477/477 464/464
f 464/464 477/477 478/478
f 464/464 478/478 465/465
f 465/465 478/478 479/479
f 465/465 479/479 466/466
f 466/466 479/479 480/480
f 466/466 480/480 467/467
f 467/467 480/480 481/481
f 467/467 481/481 468/468
f 468/468 481/481 482/482
f 468/468 482/482 469/469
f 469/469 482/482 483/483
f 469/469 483/483 470/470
f 484/484 499/499 500/500
f 484/484 500/500 485/485
f 485/485 500/500 501/501
f 485/485 501/501 486/486
f 486/486 501/501 502/502
f 486/486 502/502 487/487
f 487/487 502/502 503/503
f 487/487 503/503 488/488
f 488/488 503/503 504/504
f 488/488 504/504 489/489
f 489/489 504/504 505/505
f 489/489 505/505 490/490
f 490/490 505/505 506/506
f 490/490 506/506 491/491
f 491/491 506/506 507/507
f 491/491 507/507 492/492
f 492/492 507/507 508/508
f 492/492 508/508 493/493
f 493/493 508/508 509/509
f 493/493 509/509 494/494
f 494/494 509/509 510/510
f 494/494 510/510 495/495
f 495/495 510/510 511/511
f 495/495 511/511 496/496
f 496/496 511/511 512/512
f 496/496 512/512 497/497
f 497/497 512/512 513/513
f 497/497 513/513 498/498
f 499/499 514/514 515/515
f 499/499 515/515 500/500
f 500/500 515/515 516/516
f 500/500 516/516 501/501
f 501/501 516/516 517/517
f 501/501 517/517 502/502
f 502/502 517/517 518/518
f 502/502 518/518 503/503
f 503/503 518/518 519/519
f 503/503 519/519 504/504
f 504/504 519/519 520/520
f 504/504 520/520 505/505
f 505/505 520/520 521/521
f 505/505 521/521 506/506
f 506/506 521/521 522/522
f 506/506 522/522 507/507
f 507/507 522/522 523/523
f 507/507 523/523 508/508
f 508/508 523/523 524/524
f 508/508 524/524 509/509
f 509/509 524/524 525/525
f 509/509 525/525 510/510
f 510/510 525/525 526/526
f 510/510 526/526 511/511
f 511/511 526/526 527/527
f 511/511 527/527 512/512
f 512/512 527/527 528/528
f 512/512 528/528 513/513
f 514/514 529/529 530/530
f 514/514 530/530 515/515
f 515/515 530/530 531/531
f 515/515 531/531 516/516
f 516/516 531/531 532/532
f 516/516 532/532 517/517
f 517/517 532/532 533/533
f 517/517 533/533 518/518
f 518/518 533/533 534/534
f 518/518 534/534 519/519
f 519/519 534/534 535/535
f 519/519 535/535 520/520
f 520/520 535/535 536/536
f 520/520 536/536 521/521
f 521/521 536/536 537/537
f 521/521 537/537 522/522
f 522/522 537/537 538/538
f 522/522 538/538 523/523
f 523/523 538/538 539/539
f 523/523 539/539 524/524
f 524/524 539/539 540/540
f 524/524 540/540 525/525
f 525/525 540/540 541/541
f 525/525 541/541 526/526
f 526/526 541/541 542/542
f 526/526 542/542 527/527
f 527/527 542/542 543/543
f 527/527 543/543 528/528
f 529/529 544/544 545/545
f 529/529 545/545 530/530
f 530/530 545/545 546/546
f 530/530 546/546 531/531
f 531/531 546/546 547/547
f 531/531 547/547 532/532
f 532/532 547/547 548/548
f 532/532 548/548 533/533
f 533/533 548/548 549/549
f 533/533 549/549 534/534
f 534/534 549/549 550/550
f 534/534 550/550 535/535
f 535/535 550/550 551/551
f 535/535 551/551 536/536
f 536/536 551/551 552/552
f 536/536 552/552 537/537
f 537/537 552/552 553/553
f 537/537 553/553 538/538
f 538/538 553/553 554/554
f 538/538 554/554 539/539
f 539/539 554/554 555/555
f 539/539 555/555 540/540
f 540/540 555/555 556/556
f 540/540 556/556 541/541
f 541/541 556/556 557/557
f 541/541 557/557 542/542
f 542/542 557/557 558/558
f 542/542 558/558 543/543
f 544/544 559/559 560/560
f 544/544 560/560 545/545
f 545/545 560/560 561/561
f 545/545 561/561 546/546
f 546/546 561/561 562/562
f 546/546 562/562 547/547
f 547/547 562/562 563/563
f 547/547 563/563 548/548
f 548/548 563/563 564/564
f 548/548 564/564 549/549
f 549/549 564/564 565/565
f 549/549 565/565 550/550
f 550/550 565/565 566/566
f 550/550 566/566 551/551
f 551/551 566/566 567/567
f 551/551 567/567 552/552
f 552/552 567/567 568/568
f 552/552 568/568 553/553
f 553/553 568/568 569/569
f 553/553 569/569 554/554
f 554/554 569/569 570/570
f 554/554 570/570 555/555
f 555/555 570/570 571/571
f 555/555 571/571 556/556
f 556/556 571/571 572/572
f 556/556 572/572 557/557
f 557/557 572/572 573/573
f 557/557 573/573 558/558
f 574/574 575/575 581/581
f 574/574 581/581 580/580
f 575/575 576/576 582/582
f 575/575 582/582 581/581
f 576/576 577/577 583/583
f 576/576 583/583 582/582
f 577/577 578/578 584/584
f 577/577 584/584 583/583
f 578/578 579/579 585/585
f 578/578 585/585 584/584
f 580/580 581/581 587/587
f 580/580 587/587 586/586
f 581/581 582/582 588/588
f 581/581 588/588 587/587
f 582/582 583/583 589/589
f 582/582 589/589 588/588
f 583/583 584/584 590/590
f 583/583 590/590 589/589
f 584/584 585/585 591/591
f 584/584 591/591 590/590
f 586/586 587/587 593/593
f 586/586 593/593 592/592
f 587/587 588/588 594/594
f 587/587 594/594 593/593
f 588/588 589/589 595/595
f 588/588 595/595 594/594
f 589/589 590/590 596/596
f 589/589 596/596 595/595
f 590/590 591/591 597/597
f 590/590 597/597 596/596
f 592/592 593/593 599/599
f 592/592 599/599 598/598
f 593/593 594/594 600/600
f 593/593 600/600 599/599
f 594/594 595/595 601/601
f 594/594 601/601 600/600
f 595/595 596/596 602/602
f 595/595 602/602 601/601
f 596/596 597/597 603/603
f 596/596 603/603 602/602
f 598/598 599/599 605/605
f 598/598 605/605 604/604
f 599/599 600/600 606/606
f 599/599 606/606 605/605
f 600/600 601/601 607/607
f 600/600 607/607 606/606
f 601/601 602/602 608/608
f 601/601 608/608 607/607
f 602/602 603/603 609/609
f 602/602 609/609 608/608
f 604/604 605/605 611/611
f 604/604 611/611 610/610
f 605/605 606/606 612/612
f 605/605 612/612 611/611
f 606/606 607/607 613/613
f 606/606 613/613 612/612
f 607/607 608/608 614/614
f 607/607 614/614 613/613
f 608/608 609/609 615/615
f 608/608 615/615 614/614
f 610/610 611/611 617/617
f 610/610 617/617 616/616
f 611/611 612/612 618/618
f 611/611 618/618 617/617
f 612/612 613/613 619/619
f 612/612 619/619 618/618
f 613/613 614/614 620/620
f 613/613 620/620 619/619
f 614/614 615/615 621/621
f 614/614 621/621 620/620
f 616/616 617/617 623/623
f 616/616 623/623 622/622
f 617/617 618/618 624/624
f 617/617 624/624 623/623
f 618/618 619/619 625/625
f 618/618 625/625 624/624
f 619/619 620/620 626/626
f 619/619 626/626 625/625
f 620/620 621/621 627/627
f 620/620 627/627 626/626
f 622/622 623/623 629/629
f 622/622 629/629 628/628
f 623/623 624/624 630/630
f 623/623 630/630 629/629
f 624/624 625/625 631/631
f 624/624 631/631 630/630
f 625/625 626/626 632/632
f 625/625 632/632 631/631
f 626/626 627/627 633/633
f 626/626 633/633 632/632
f 628/628 629/629 635/635
f 628/628 635/635 634/634
f 629/629 630/630 636/636
f 629/629 636/636 635/635
f 630/630 631/631 637/637
f 630/630 637/637 636/636
f 631/631 632/632 638/638
f 631/631 638/638 637/637
f 632/632 633/633 639/639
f 632/632 639/639 638/638
f 640/640 655/655 656/656
f 640/640 656/656 641/641
f 641/641 656/656 657/657
f 641/641 657/657 642/642
f 642/642 657/657 658/658
f 642/642 658/658 643/643
f 643/643 658/658 659/659
f 643/643 659/659 644/644
f 644/644 659/659 660/660
f 644/644 660/660 645/645
f 645/645 660/660 661/661
f 645/645 661/661 646/646
f 646/646 661/661 662/662
f 646/646 662/662 647/647
f 647/647 662/662 663/663
f 647/647 663/663 648/648
f 648/648 663/663 664/664
f 648/648 664/664 649/649
f 649/649 664/664 665/665
f 649/649 665/665 650/650
f 650/650 665/665 666/666
f 650/650 666/666 651/651
f 651/651 666/666 667/667
f 651/651 667/667 652/652
f 652/652 667/667 668/668
f 652/652 668/668 653/653
f 653/653 668/668 669/669
f 653/653 669/669 654/654
f 655/655 670/670 671/671
f 655/655 671/671 656/656
f 656/656 671/671 672/672
f 656/656 672/672 657/657
f 657/657 672/672 673/673
f 657/657 673/673 658/658
f 658/658 673/673 674/674
f 658/658 674/674 659/659
f 659/659 674/674 675/675
f 659/659 675/675 660/660
f 660/660 675/675 676/676
f 660/660 676/676 661/661
f 661/661 676/676 677/677
f 661/661 677/677 662/662
f 662/662 677/677 678/678
f 662/662 678/678 663/663
f 663/663 678/678 679/679
f 663/663 679/679 664/664
f 664/664 679/679 680/680
f 664/664 680/680 665/665
f 665/665 680/680 681/681
f 665/665 681/681 666/666
f 666/666 681/681 682/682
f 666/666 682/682 667/667
f 667/667 682/682 683/683
f 667/667 683/683 668/668
f 668/668 683/683 684/684
f 668/668 684/684 669/669
f 670/670 685/685 686/686
f 670/670 686/686 671/671
f 671/671 686/686 687/687
f 671/671 687/687 672/672
f 672/672 687/687 688/688
f 672/672 688/688 673/673
f 673/673 688/688 689/689
f 673/673 689/689 674/674
f 674/674 689/689 690/690
f 674/674 690/690 675/675
f 675/675 690/690 691/691
f 675/675 691/691 676/676
f 676/676 691/691 692/692
f 676/676 692/692 677/677
f 677/677 692/692 693/693
f 677/677 693/693 678/678
f 678/678 693/693 694/694
f 678/678 694/694 679/679
f 679/679 694/694 695/695
f 679/679 695/695 680/680
f 680/680 695/695 696/696
f 680/680 696/696 681/681
f 681/681 696/696 697/697
f 681/681 697/697 682/682
f 682/682 697/697 698/698
f 682/682 698/698 683/683
f 683/683 698/698 699/699
f 683/683 699/699 684/684
f 685/685 700/700 701/701
f 685/685 701/701 686/686
f 686/686 701/701 702/702
f 686/686 702/702 687/687
f 687/687 702/702 703/703
f 687/687 703/703 688/688
f 688/688 703/703 704/704
f 688/688 704/704 689/689
f 689/689 704/704 705/705
f 689/689 705/705 690/690
f 690/690 705/705 706/706
f 690/690 706/706 691/691
f 691/691 706/706 707/707
f 691/691 707/707 692/692
f 692/692 707/707 708/708
f 692/692 708/708 693/693
f 693/693 708/708 709/709
f 693/693 709/709 694/694
f 694/694 709/709 710/710
f 694/694 710/710 695/695
f 695/695 710/710 711/711
f 695/695 711/711 696/696
f 696/696 711/711 712/712
f 696/696 712/712 697/697
f 697/697 712/712 713/713
f 697/697 713/713 698/698
f 698/698 713/713 714/714
f 698/698 714/714 699/699
f 700/700 715/715 716/716
f 700/700 716/716 701/701
f 701/701 716/716 717/717
f 701/701 717/717 702/702
f 702/702 717/717 718/718
f 702/702 718/718 703/703
f 703/703 718/718 719/719
f 703/703 719/719 704/704
f 704/704 719/719 720/720
f 704/704 720/720 705/705
f 705/705 720/720 721/721
f 705/705 721/721 706/706
f 706/706 721/721 722/722
f 706/706 722/722 707/707
f 707/707 722/722 723/723
f 707/707 723/723 708/708
f 708/708 723/723 724/724
f 708/708 724/724 709/709
f 709/709 724/724 725/725
f 709/709 725/725 710/710
f 710/710 725/725 726/726
f 710/710 726/726 711/711
f 711/711 726/726 727/727
f 711/711 727/727 712/712
f 712/712 727/727 728/728
f 712/712 728/728 713/713
f 713/713 728/728 729/729
f 713/713 729/729 714/714
f 730/730 731/731 737/737
f 730/730 737/737 736/736
f 731/731 732/732 738/738
f 731/731 738/738 737/737
f 732/732 733/733 739/739
f 732/732 739/739 738/738
f 733/733 734/734 740/740
f 733/733 740/740 739/739
f 734/734 735/735 741/741
f 734/734 741/741 740/740
f 736/736 737/737 743/743
f 736/736 743/743 742/742
f 737/737 738/738 744/744
f 737/737 744/744 743/743
f 738/738 739/739 745/745
f 738/738 745/745 744/744
f 739/739 740/740 746/746
f 739/739 746/746 745/745
f 740/740 741/741 747/747
f 740/740 747/747 746/746
f 742/742 743/743 749/749
f 742/742 749/749 748/748
f 743/743 744/744 750/750
f 743/743 750/750 749/749
f 744/744 745/745 751/751
f 744/744 751/751 750/750
f 745/745 746/746 752/752
f 745/745 752/752 751/751
f 746/746 747/747 753/753
f 746/746 753/753 752/752
f 748/748 749/749 755/755
f 748/748 755/755 754/754
f 749/749 750/750 756/756
f 749/749 756/756 755/755
f 750/750 751/751 757/757
f 750/750 757/757 756/756
f 751/751 752/752 758/758
f 751/751 758/758 757/757
f 752/752 753/753 759/759
f 752/752 759/759 758/758
f 754/754 755/755 761/761
f 754/754 761/761 760/760
f 755/755 756/756 762/762
f 755/755 762/762 761/761
f 756/756 757/757 763/763
f 756/756 763/763 762/762
f 757/757 758/758 764/764
f 757/757 764/764 763/763
f 758/758 759/759 765/765
f 758/758 765/765 764/764
f 760/760 761/761 767/767
f 760/760 767/767 766/766
f 761/761 762/762 768/768
f 761/761 768/768 767/767
f 762/762 763/763 769/769
f 762/762 769/769 768/768
f 763/763 764/764 770/770
f 763/763 770/770 769/769
f 764/764 765/765 771/771
f 764/764 771/771 770/770
f 766/766 767/767 773/773
f 766/766 773/773 772/772
f 767/767 768/768 774/774
f 767/767 774/774 773/773
f 768/768 769/769 775/775
f 768/768 775/775 774/774
f 769/769 770/770 776/776
f 769/769 776/776 775/775
f 770/770 771/771 777/777
f 770/770 777/777 776/776
f 772/772 773/773 779/779
f 772/772 779/779 778/778
f 773/773 774/774 780/780
f 773/773 780/780 779/779
f 774/774 775/775 781/781
f 774/774 781/781 780/780
f 775/775 776/776 782/782
f 775/775 782/782 781/781
f 776/776 777/777 783/783
f 776/776 783/783 782/782
f 778/778 779/779 785/785
f 778/778 785/785 784/784
f 779/779 780/780 786/786
f 779/779 786/786 785/785
f 780/780 781/781 787/787
f 780/780 787/787 786/786
f 781/781 782/782 788/788
f 781/781 788/788 787/787
f 782/782 783/783 789/789
f 782/782 789/789 788/788
f 784/784 785/785 791/791
f 784/784 791/791 790/790
f 785/785 786/786 792/792
f 785/785 792/792 791/791
f 786/786 787/787 793/793
f 786/786 793/793 792/792
f 787/787 788/788 794/794
f 787/787 794/794 793/793
f 788/788 789/789 795/795
f 788/788 795/795 794/794
f 796/796 811/811 812/812
f 796/796 812/812 797/797
f 797/797 812/812 813/813
f 797/797 813/813 798/798
f 798/798 813/813 814/814
f 798/798 814/814 799/799
f 799/799 814/814 815/815
f 799/799 815/815 800/800
f 800/800 815/815 816/816
f 800/800 816/816 801/801
f 801/801 816/816 817/817
f 801/801 817/817 802/802
f 802/802 817/817 818/818
f 802/802 818/818 803/803
f 803/803 818/818 819/819
f 803/803 819/819 804/804
f 804/804 819/819 820/820
f 804/804 820/820 805/805
f 805/805 820/820 821/821
f 805/805 821/821 806/806
f 806/806 821/821 822/822
f 806/806 822/822 807/807
f 807/807 822/822 823/823
f 807/807 823/823 808/808
f 808/808 823/823 824/824
f 808/808 824/824 809/809
f 809/809 824/824 825/825
f 809/809 825/825 810/810
f 811/811 826/826 827/827
f 811/811 827/827 812/812
f 812/812 827/827 828/828
f 812/812 828/828 813/813
f 813/813 828/828 829/829
f 813/813 829/829 814/814
f 814/814 829/829 830/830
f 814/814 830/830 815/815
f 815/815 830/830 831/831
f 815/815 831/831 816/816
f 816/816 831/831 832/832
f 816/816 832/832 817/817
f 817/817 832/832 833/833
f 817/817 833/833 818/818
f 818/818 833/833 834/834
f 818/818 834/834 819/819
f 819/819 834/834 835/835
f 819/819 835/835 820/820
f 820/820 835/835 836/836
f 820/820 836/836 821/821
f 821/821 836/836 837/837
f 821/821 837/837 822/822
f 822/822 837/837 838/838
f 822/822 838/838 823/823
f 823/823 838/838 839/839
f 823/823 839/839 824/824
f 824/824 839/839 840/840
f 824/824 840/840 825/825
f 826/826 841/841 842/842
f 826/826 842/842 827/827
f 827/827 842/842 843/843
f 827/827 843/843 828/828
f 828/828 843/843 844/844
f 828/828 844/844 829/829
f 829/829 844/844 845/845
f 829/829 845/845 830/830
f 830/830 845/845 846/846
f 830/830 846/846 831/831
f 831/831 846/846 847/847
f 831/831 847/847 832/832
f 832/832 847/847 848/848
f 832/832 848/848 833/833
f 833/833 848/848 849/849
f 833/833 849/849 834/834
f 834/834 849/849 850/850
f 834/834 850/850 835/835
f 835/835 850/850 851/851
f 835/835 851/851 836/836
f 836/836 851/851 852/852
f 836/836 852/852 837/837
f 837/837 852/852 853/853
f 837/837 853/853 838/838
f 838/838 853/853 854/854
f 838/838 854/854 839/839
f 839/839 854/854 855/855
f 839/839 855/855 840/840
f 841/841 856/856 857/857
f 841/841 857/857 842/842
f 842/842 857/857 858/858
f 842/842 858/858 843/843
f 843/843 858/858 859/859
f 843/843 859/859 844/844
f 844/844 859/859 860/860
f 844/844 860/860 845/845
f 845/845 860/860 861/861
f 845/845 861/861 846/846
f 846/846 861/861 862/862
f 846/846 862/862 847/847
f 847/847 862/862 863/863
f 847/847 863/863 848/848
f 848/848 863/863 864/864
f 848/848 864/864 849/849
f 849/849 864/864 865/865
f 849/849 865/865 850/850
f 850/850 865/865 866/866
f 850/850 866/866 851/851
f 851/851 866/866 867/867
f 851/851 867/867 852/852
f 852/852 867/867 868/868
f 852/852 868/868 853/853
f 853/853 868/868 869/869
f 853/853 869/869 854/854
f 854/854 869/869 870/870
f 854/854 870/870 855/855
f 856/856 871/871 872/872
f 856/856 872/872 857/857
f 857/857 872/872 873/873
f 857/857 873/873 858/858
f 858/858 873/873 874/874
f 858/858 874/874 859/859
f 859/859 874/874 875/875
f 859/859 875/875 860/860
f 860/860 875/875 876/876
f 860/860 876/876 861/861
f 861/861 876/876 877/877
f 861/861 877/877 862/862
f 862/862 877/877 878/878
f 862/862 878/878 863/863
f 863/863 878/878 879/879
f 863/863 879/879 864/864
f 864/864 879/879 880/880
f 864/864 880/880 865/865
f 865/865 880/880 881/881
f 865/865 881/881 866/866
f 866/866 881/881 882/882
f 866/866 882/882 867/867
f 867/867 882/882 883/883
f 867/867 883/883 868/868
f 868/868 883/883 884/884
f 868/868 884/884 869/869
f 869/869 884/884 885/885
f 869/869 885/885 870/870
f 871/871 886/886 887/887
f 871/871 887/887 872/872
f 872/872 887/887 888/888
f 872/872 888/888 873/873
f 873/873 888/888 889/889
f 873/873 889/889 874/874
f 874/874 889/889 890/890
f 874/874 890/890 875/875
f 875/875 890/890 891/891
f 875/875 891/891 876/876
f 876/876 891/891 892/892
f 876/876 892/892 877/877
f 877/877 892/892 893/893
f 877/877 893/893 878/878
f 878/878 893/893 894/894
f 878/878 894/894 879/879
f 879/879 894/894 895/895
f 879/879 895/895 880/880
f 880/880 895/895 896/896
f 880/880 896/896 881/881
f 881/881 896/896 897/897
f 881/881 897/897 882/882
f 882/882 897/897 898/898
f 882/882 898/898 883/883
f 883/883 898/898 899/899
f 883/883 899/899 884/884
f 884/884 899/899 900/900
f 884/884 900/900 885/885
f 901/901 902/902 908/908
f 901/901 908/908 907/907
f 902/902 903/903 909/909
f 902/902 909/909 908/908
f 903/903 904/904 910/910
f 903/903 910/910 909/909
f 904/904 905/905 911/911
f 904/904 911/911 910/910
f 905/905 906/906 912/912
f 905/905 912/912 911/911
f 907/907 908/908 914/914
f 907/907 914/914 913/913
f 908/908 909/909 915/915
f 908/908 915/915 914/914
f 909/909 910/910 916/916
f 909/909 916/916 915/915
f 910/910 911/911 917/917
f 910/910 917/917 916/916
f 911/911 912/912 918/918
f 911/911 918/918 917/917
f 913/913 914/914 920/920
f 913/913 920/920 919/919
f 914/914 915/915 921/921
f 914/914 921/921 920/920
f 915/915 916/916 922/922
f 915/915 922/922 921/921
f 916/916 917/917 923/923
f 916/916 923/923 922/922
f 917/917 918/918 924/924
f 917/917 924/924 923/923
f 919/919 920/920 926/926
f 919/919 926/926 925/925
f 920/920 921/921 927/927
f 920/920 927/927 926/926
f 921/921 922/922 928/928
f 921/921 928/928 927/927
f 922/922 923/923 929/929
f 922/922 929/929 928/928
f 923/923 924/924 930/930
f 923/923 930/930 929/929
f 925/925 926/926 932/932
f 925/925 932/932 931/931
f 926/926 927/927 933/933
f 926/926 933/933 932/932
f 927/927 928/928 934/934
f 927/927 934/934 933/933
f 928/928 929/929 935/935
f 928/928 935/935 934/934
f 929/929 930/930 936/936
f 929/929 936/936 935/935
f 931/931 932/932 938/938
f 931/931 938/938 937/937
f 932/932 933/933 939/939
f 932/932 939/939 938/938
f 933/933 934/934 940/940
f 933/933 940/940 939/939
f 934/934 935/935 941/941
f 934/934 941/941 940/940
f 935/935 936/936 942/942
f 935/935 942/942 941/941
f 937/937 938/938 944/944
f 937/937 944/944 943/943
f 938/938 939/939 945/945
f 938/938 945/945 944/944
f 939/939 940/940 946/946
f 939/939 946/946 945/945
f 940/940 941/941 947/947
f 940/940 947/947 946/946
f 941/941 942/942 948/948
f 941/941 948/948 947/947
f 943/943 944/944 950/950
f 943/943 950/950 949/949
f 944/944 945/945 951/951
f 944/944 951/951 950/950
f 945/945 946/946 952/952
f 945/945 952/952 951/951
f 946/946 947/947 953/953
f 946/946 953/953 952/952
f 947/947 948/948 954/954
f 947/947 954/954 953/953
f 949/949 950/950 956/956
f 949/949 956/956 955/955
f 950/950 951/951 957/957
f 950/950 957/957 956/956
f 951/951 952/952 958/958
f 951/951 958/958 957/957
f 952/952 953/953 959/959
f 952/952 959/959 958/958
f 953/953 954/954 960/960
f 953/953 960/960 959/959
f 955/955 956/956 962/962
f 955/955 962/962 961/961
f 956/956 957/957 963/963
f 956/956 963/963 962/962
f 957/957 958/958 964/964
f 957/957 964/964 963/963
f 958/958 959/959 965/965
f 958/958 965/965 964/964
f 959/959 960/960 966/966
f 959/959 966/966 965/965
f 961/961 962/962 968/968
f 961/961 968/968 967/967
f 962/962 963/963 969/969
f 962/962 969/969 968/968
f 963/963 964/964 970/970
f 963/963 970/970 969/969
f 964/964 965/965 971/971
f 964/964 971/971 970/970
f 965/965 966/966 972/972
f 965/965 972/972 971/971
f 967/967 968/968 974/974
f 967/967 974/974 973/973
f 968/968 969/969 975/975
f 968/968 975/975 974/974
f 969/969 970/970 976/976
f 969/969 976/976 975/975
f 970/970 971/971 977/977
f 970/970 977/977 976/976
f 971/971 972/972 978/978
f 971/971 978/978 977/977
f 979/979 994/994 995/995
f 979/979 995/995 980/980
f 980/980 995/995 996/996
f 980/980 996/996 981/981
f 981/981 996/996 997/997
f 981/981 997/997 982/982
f 982/982 997/997 998/998
f 982/982 998/998 983/983
f 983/983 998/998 999/999
f 983/983 999/999 984/984
f 984/984 999/999 1000/1000
f 984/984 1000/1000 985/985
f 985/985 1000/1000 1001/1001
f 985/985 1001/1001 986/986
f 986/986 1001/1001 1002/1002
f 986/986 1002/1002 987/987
f 987/987 1002/1002 1003/1003
f 987/987 1003/1003 988/988
f 988/988 1003/1003 1004/1004
f 988/988 1004/1004 989/989
f 989/989 1004/1004 1005/1005
f 989/989 1005/1005 990/990
f 990/990 1005/1005 1006/1006
f 990/990 1006/1006 991/991
f 991/991 1006/1006 1007/1007
f 991/991 1007/1007 992/992
f 992/992 1007/1007 1008/1008
f 992/992 1008/1008 993/993
f 994/994 1009/1009 1010/1010
f 994/994 1010/1010 995/995
f 995/995 1010/1010 1011/1011
f 995/995 1011/1011 996/996
f 996/996 1011/1011 1012/1012
f 996/996 1012/1012 997/997
f 997/997 1012/1012 1013/1013
f 997/997 1013/1013 998/998
f 998/998 1013/1013 1014/1014
f 998/998 1014/1014 999/999
f 999/999 1014/1014 1015/1015
f 999/999 1015/1015 1000/1000
f 1000/1000 1015/1015 1016/1016
f 1000/1000 1016/1016 1001/1001
f 1001/1001 1016/1016 1017/1017
f 1001/1001 1017/1017 1002/1002
f 1002/1002 1017/1017 1018/1018
f 1002/1002 1018/1018 1003/1003
f 1003/1003 1018/1018 1019/1019
f 1003/1003 1019/1019 1004/1004
f 1004/1004 1019/1019 1020/1020
f 1004/1004 1020/1020 1005/1005
f 1005/1005 1020/1020 1021/1021
f 1005/1005 1021/1021 1006/1006
f 1006/1006 1021/1021 1022/1022
f 1006/1006 1022/1022 1007/1007
f 1007/1007 1022/1022 1023/1023
f 1007/1007 1023/1023 1008/1008
f 1009/1009 1024/1024 1025/1025
f 1009/1009 1025/1025 1010/1010
f 1010/1010 1025/1025 1026/1026
f 1010/1010 1026/1026 1011/1011
f 1011/1011 1026/1026 1027/1027
f 1011/1011 1027/1027 1012/1012
f 1012/1012 1027/1027 1028/1028
f 1012/1012 1028/1028 1013/1013
f 1013/1013 1028/1028 1029/1029
f 1013/1013 1029/1029 1014/1014
f 1014/1014 1029/1029 1030/1030
f 1014/1014 1030/1030 1015/1015
f 1015/1015 1030/1030 1031/1031
f 1015/1015 1031/1031 1016/1016
f 1016/1016 1031/1031 1032/1032
f 1016/1016 1032/1032 1017/1017
f 1017/1017 1032/1032 1033/1033
f 1017/1017 1033/1033 1018/1018
f 1018/1018 1033/1033 1034/1034
f 1018/1018 1034/1034 1019/1019
f 1019/1019 1034/1034 1035/1035
f 1019/1019 1035/1035 1020/1020
f 1020/1020 1035/1035 1036/1036
f 1020/1020 1036/1036 1021/1021
f 1021/1021 1036/1036 1037/1037
f 1021/1021 1037/1037 1022/1022
f 1022/1022 1037/1037 1038/1038
f 1022/1022 1038/1038 1023/1023
f 1024/1024 1039/1039 1040/1040
f 1024/1024 1040/1040 1025/1025
f 1025/1025 1040/1040 1041/1041
f 1025/1025 1041/1041 1026/1026
f 1026/1026 1041/1041 1042/1042
f 1026/1026 1042/1042 1027/1027
f 1027/1027 1042/1042 1043/1043
f 1027/1027 1043/1043 1028/1028
f 1028/1028 1043/1043 1044/1044
f 1028/1028 1044/1044 1029/1029
f 1029/1029 1044/1044 1045/1045
f 1029/1029 1045/1045 1030/1030
f 1030/1030 1045/1045 1046/1046
f 1030/1030 1046/1046 1031/1031
f 1031/1031 1046/1046 1047/1047
f 1031/1031 1047/1047 1032/1032
f 1032/1032 1047/1047 1048/1048
f 1032/1032 1048/1048 1033/1033
f 1033/1033 1048/1048 1049/1049
f 1033/1033 1049/1049 1034/1034
f 1034/1034 1049/1049 1050/1050
f 1034/1034 1050/1050 1035/1035
f 1035/1035 1050/1050 1051/1051
f 1035/1035 1051/1051 1036/1036
f 1036/1036 1051/1051 1052/1052
f 1036/1036 1052/1052 1037/1037
f 1037/1037 1052/1052 1053/1053
f 1037/1037 1053/1053 1038/1038
f 1039/1039 1054/1054 1055/1055
f 1039/1039 1055/1055 1040/1040
f 1040/1040 1055/1055 1056/1056
f 1040/1040 1056/1056 1041/1041
f 1041/1041 1056/1056 1057/1057
f 1041/1041 1057/1057 1042/1042
f 1042/1042 1057/1057 1058/1058
f 1042/1042 1058/1058 1043/1043
f 1043/1043 1058/1058 1059/1059
f 1043/1043 1059/1059 1044/1044
f 1044/1044 1059/1059 1060/1060
f 1044/1044 1060/1060 1045/1045
f 1045/1045 1060/1060 1061/1061
f 1045/1045 1061/1061 1046/1046
f 1046/1046 1061/1061 1062/1062
f 1046/1046 1062/1062 1047/1047
f 1047/1047 1062/1062 1063/1063
f 1047/1047 1063/1063 1048/1048
f 1048/1048 1063/1063 1064/1064
f 1048/1048 1064/1064 1049/1049
f 1049/1049 1064/1064 1065/1065
f 1049/1049 1065/1065 1050/1050
f 1050/1050 1065/1065 1066/1066
f 1050/1050 1066/1066 1051/1051
f 1051/1051 1066/1066 1067/1067
f 1051/1051 1067/1067 1052/1052
f 1052/1052 1067/1067 1068/1068
f 1052/1052 1068/1068 1053/1053
f 1054/1054 1069/1069 1070/1070
f 1054/1054 1070/1070 1055/1055
f 1055/1055 1070/1070 1071/1071
f 1055/1055 1071/1071 1056/1056
f 1056/1056 1071/1071 1072/1072
f 1056/1056 1072/1072 1057/1057
f 1057/1057 1072/1072 1073/1073
f 1057/1057 1073/1073 1058/1058
f 1058/1058 1073/1073 1074/1074
f 1058/1058 1074/1074 1059/1059
f 1059/1059 1074/1074 1075/1075
f 1059/1059 1075/1075 1060/1060
f 1060/1060 1075/1075 1076/1076
f 1060/1060 1076/1076 1061/1061
f 1061/1061 1076/1076 1077/1077
f 1061/1061 1077/1077 1062/1062
f 1062/1062 1077/1077 1078/1078
f 1062/1062 1078/1078 1063/1063
f 1063/1063 1078/1078 1079/1079
f 1063/1063 1079/1079 1064/1064
f 1064/1064 1079/1079 1080/1080
f 1064/1064 1080/1080 1065/1065
f 1065/1065 1080/1080 1081/1081
f 1065/1065 1081/1081 1066/1066
f 1066/1066 1081/1081 1082/1082
f 1066/1066 1082/1082 1067/1067
f 1067/1067 1082/1082 1083/1083
f 1067/1067 1083/1083 1068/1068
f 1084/1084 1085/1085 1091/1091
f 1084/1084 1091/1091 1090/1090
f 1085/1085 1086/1086 1092/1092
f 1085/1085 1092/1092 1091/1091
f 1086/1086 1087/1087 1093/1093
f 1086/1086 1093/1093 1092/1092
f 1087/1087 1088/1088 1094/1094
f 1087/1087 1094/1094 1093/1093
f 1088/1088 1089/1089 1095/1095
f 1088/1088 1095/1095 1094/1094
f 1090/1090 1091/1091 1097/1097
f 1090/1090 1097/1097 1096/1096
f 1091/1091 1092/1092 1098/1098
f 1091/1091 1098/1098 1097/1097
f 1092/1092 1093/1093 1099/1099
f 1092/1092 1099/1099 1098/1098
f 1093/1093 1094/1094 1100/1100
f 1093/1093 1100/1100 1099/1099
f 1094/1094 1095/1095 1101/1101
f 1094/1094 1101/1101 1100/1100
f 1096/1096 1097/1097 1103/1103
f 1096/1096 1103/1103 1102/1102
f 1097/1097 1098/1098 1104/1104
f 1097/1097 1104/1104 1103/1103
f 1098/1098 1099/1099 1105/1105
f 1098/1098 1105/1105 1104/1104
f 1099/1099 1100/1100 1106/1106
f 1099/1099 1106/1106 1105/1105
f 1100/1100 1101/1101 1107/1107
f 1100/1100 1107/1107 1106/1106
f 1102/1102 1103/1103 1109/1109
f 1102/1102 1109/1109 1108/1108
f 1103/1103 1104/1104 1110/1110
f 1103/1103 1110/1110 1109/1109
f 1104/1104 1105/1105 1111/1111
f 1104/1104 1111/1111 1110/1110
f 1105/1105 1106/1106 1112/1112
f 1105/1105 1112/1112 1111/1111
f 1106/1106 1107/1107 1113/1113
f 1106/1106 1113/1113 1112/1112
f 1108/1108 1109/1109 1115/1115
f 1108/1108 1115/1115 1114/1114
f 1109/1109 1110/1110 1116/1116
f 1109/1109 1116/1116 1115/1115
f 1110/1110 1111/1111 1117/1117
f 1110/1110 1117/1117 1116/1116
f 1111/1111 1112/1112 1118/1118
f 1111/1111 1118/1118 1117/1117
f 1112/1112 1113/1113 1119/1119
f 1112/1112 1119/1119 1118/1118
f 1114/1114 1115/1115 1121/1121
f 1114/1114 1121/1121 1120/1120
f 1115/1115 1116/1116 1122/1122
f 1115/1115 1122/1122 1121/1121
f 1116/1116 1117/1117 1123/1123
f 1116/1116 1123/1123 1122/1122
f 1117/1117 1118/1118 1124/1124
f 1117/1117 1124/1124 1123/1123
f 1118/1118 1119/1119 1125/1125
f 1118/1118 1125/1125 1124/1124
f 1120/1120 1121/1121 1127/1127
f 1120/1120 1127/1127 1126/1126
f 1121/1121 1122/1122 1128/1128
f 1121/1121 1128/1128 1127/1127
f 1122/1122 1123/1123 1129/1129
f 1122/1122 1129/1129 1128/1128
f 1123/1123 1124/1124 1130/1130
f 1123/1123 1130/1130 1129/1129
f 1124/1124 1125/1125 1131/1131
f 1124/1124 1131/1131 1130/1130
f 1126/1126 1127/1127 1133/1133
f 1126/1126 1133/1133 1132/1132
f 1127/1127 1128/1128 1134/1134
f 1127/1127 1134/1134 1133/1133
f 1128/1128 1129/1129 1135/1135
f 1128/1128 1135/1135 1134/1134
f 1129/1129 1130/1130 1136/1136
f 1129/1129 1136/1136 1135/1135
f 1130/1130 1131/1131 1137/1137
f 1130/1130 1137/1137 1136/1136
f 1132/1132 1133/1133 1139/1139
f 1132/1132 1139/1139 1138/1138
f 1133/1133 1134/1134 1140/1140
f 1133/1133 1140/1140 1139/1139
f 1134/1134 1135/1135 1141/1141
f 1134/1134 1141/1141 1140/1140
f 1135/1135 1136/1136 1142/1142
f 1135/1135 1142/1142 1141/1141
f 1136/1136 1137/1137 1143/1143
f 1136/1136 1143/1143 1142/1142
f 1138/1138 1139/1139 1145/1145
f 1138/1138 1145/1145 1144/1144
f 1139/1139 1140/1140 1146/1146
f 1139/1139 1146/1146 1145/1145
f 1140/1140 1141/1141 1147/1147
f 1140/1140 1147/1147 1146/1146
f 1141/1141 1142/1142 1148/1148
f 1141/1141 1148/1148 1147/1147
f 1142/1142 1143/1143 1149/1149
f 1142/1142 1149/1149 1148/1148
f 1144/1144 1145/1145 1151/1151
f 1144/1144 1151/1151 1150/1150
f 1145/1145 1146/1146 1152/1152
f 1145/1145 1152/1152 1151/1151
f 1146/1146 1147/1147 1153/1153
f 1146/1146 1153/1153 1152/1152
f 1147/1147 1148/1148 1154/1154
f 1147/1147 1154/1154 1153/1153
f 1148/1148 1149/1149 1155/1155
f 1148/1148 1155/1155 1154/1154
f 1150/1150 1151/1151 1157/1157
f 1150/1150 1157/1157 1156/1156
f 1151/1151 1152/1152 1158/1158
f 1151/1151 1158/1158 1157/1157
f 1152/1152 1153/1153 1159/1159
f 1152/1152 1159/1159 1158/1158
f 1153/1153 1154/1154 1160/1160
f 1153/1153 1160/1160 1159/1159
f 1154/1154 1155/1155 1161/1161
f 1154/1154 1161/1161 1160/1160
