HIERARCHY
ROOT root
{
	OFFSET 0.000000 0.000000 0.000000
	CHANNELS 6 Xposition Yposition Zposition Xrotation Yrotation Zrotation
	JOINT pelvis
	{
		OFFSET 0.000000 0.050100 0.916700
		CHANNELS 6 Xposition Yposition Zposition Xrotation Yrotation Zrotation
		JOINT spine_01
		{
			OFFSET 0.000000 -0.034500 0.133800
			CHANNELS 6 Xposition Yposition Zposition Xrotation Yrotation Zrotation
			JOINT spine_02
			{
				OFFSET -0.000000 -0.015200 0.123100
				CHANNELS 6 Xposition Yposition Zposition Xrotation Yrotation Zrotation
				JOINT spine_03
				{
					OFFSET -0.000000 0.004500 0.141200
					CHANNELS 6 Xposition Yposition Zposition Xrotation Yrotation Zrotation
					JOINT neck_01
					{
						OFFSET 0.000000 0.035467 0.161600
						CHANNELS 6 Xposition Yposition Zposition Xrotation Yrotation Zrotation
						JOINT head
						{
							OFFSET -0.000000 -0.045467 0.092300
							CHANNELS 6 Xposition Yposition Zposition Xrotation Yrotation Zrotation
							JOINT head_leaf
							{
								OFFSET -0.000000 -0.002685 0.082543
								CHANNELS 6 Xposition Yposition Zposition Xrotation Yrotation Zrotation
								End Site
								{
									OFFSET -0.000000 0.000000 0.082587
								}
							}
						}
					}
					JOINT clavicle_l
					{
						OFFSET 0.018800 -0.076300 0.143100
						CHANNELS 6 Xposition Yposition Zposition Xrotation Yrotation Zrotation
						JOINT upperarm_l
						{
							OFFSET 0.173100 0.136800 -0.017100
							CHANNELS 6 Xposition Yposition Zposition Xrotation Yrotation Zrotation
							JOINT lowerarm_l
							{
								OFFSET 0.274400 0.004700 0.000000
								CHANNELS 6 Xposition Yposition Zposition Xrotation Yrotation Zrotation
								JOINT hand_l
								{
									OFFSET 0.272600 -0.004700 -0.000000
									CHANNELS 6 Xposition Yposition Zposition Xrotation Yrotation Zrotation
									JOINT index_01_l
									{
										OFFSET 0.113505 -0.046028 -0.002000
										CHANNELS 6 Xposition Yposition Zposition Xrotation Yrotation Zrotation
										JOINT index_02_l
										{
											OFFSET 0.037675 -0.006459 -0.000000
											CHANNELS 6 Xposition Yposition Zposition Xrotation Yrotation Zrotation
											JOINT index_03_l
											{
												OFFSET 0.027202 -0.005757 0.000000
												CHANNELS 6 Xposition Yposition Zposition Xrotation Yrotation Zrotation
												JOINT index_04_leaf_l
												{
													OFFSET 0.023662 -0.004705 0.000000
													CHANNELS 6 Xposition Yposition Zposition Xrotation Yrotation Zrotation
													End Site
													{
														OFFSET 0.023793 -0.003991 0.000000
													}
												}
											}
										}
									}
									JOINT middle_01_l
									{
										OFFSET 0.118041 -0.020533 0.000400
										CHANNELS 6 Xposition Yposition Zposition Xrotation Yrotation Zrotation
										JOINT middle_02_l
										{
											OFFSET 0.041479 -0.001286 0.000000
											CHANNELS 6 Xposition Yposition Zposition Xrotation Yrotation Zrotation
											JOINT middle_03_l
											{
												OFFSET 0.033079 -0.003702 0.000000
												CHANNELS 6 Xposition Yposition Zposition Xrotation Yrotation Zrotation
												JOINT middle_04_leaf_l
												{
													OFFSET 0.032483 -0.002781 -0.000000
													CHANNELS 6 Xposition Yposition Zposition Xrotation Yrotation Zrotation
													End Site
													{
														OFFSET 0.032567 0.001515 0.000000
													}
												}
											}
										}
									}
									JOINT pinky_01_l
									{
										OFFSET 0.109890 0.035598 -0.001600
										CHANNELS 6 Xposition Yposition Zposition Xrotation Yrotation Zrotation
										JOINT pinky_02_l
										{
											OFFSET 0.035819 0.001057 0.000000
											CHANNELS 6 Xposition Yposition Zposition Xrotation Yrotation Zrotation
											JOINT pinky_03_l
											{
												OFFSET 0.025683 0.002448 -0.000000
												CHANNELS 6 Xposition Yposition Zposition Xrotation Yrotation Zrotation
												JOINT pinky_04_leaf_l
												{
													OFFSET 0.026731 0.002448 0.000000
													CHANNELS 6 Xposition Yposition Zposition Xrotation Yrotation Zrotation
													End Site
													{
														OFFSET 0.026782 0.001811 0.000000
													}
												}
											}
										}
									}
									JOINT ring_01_l
									{
										OFFSET 0.115267 0.008064 0.000100
										CHANNELS 6 Xposition Yposition Zposition Xrotation Yrotation Zrotation
										JOINT ring_02_l
										{
											OFFSET 0.036562 0.001400 -0.000000
											CHANNELS 6 Xposition Yposition Zposition Xrotation Yrotation Zrotation
											JOINT ring_03_l
											{
												OFFSET 0.033091 0.000552 0.000000
												CHANNELS 6 Xposition Yposition Zposition Xrotation Yrotation Zrotation
												JOINT ring_04_leaf_l
												{
													OFFSET 0.029610 0.000105 0.000000
													CHANNELS 6 Xposition Yposition Zposition Xrotation Yrotation Zrotation
													End Site
													{
														OFFSET 0.029589 0.001117 0.000000
													}
												}
											}
										}
									}
									JOINT thumb_01_l
									{
										OFFSET 0.027300 -0.033600 -0.022800
										CHANNELS 6 Xposition Yposition Zposition Xrotation Yrotation Zrotation
										JOINT thumb_02_l
										{
											OFFSET 0.035686 -0.025978 -0.023293
											CHANNELS 6 Xposition Yposition Zposition Xrotation Yrotation Zrotation
											JOINT thumb_03_l
											{
												OFFSET 0.032562 -0.021217 -0.020255
												CHANNELS 6 Xposition Yposition Zposition Xrotation Yrotation Zrotation
												JOINT thumb_04_leaf_l
												{
													OFFSET 0.022147 -0.013446 -0.013949
													CHANNELS 6 Xposition Yposition Zposition Xrotation Yrotation Zrotation
													End Site
													{
														OFFSET 0.023164 -0.015050 -0.010140
													}
												}
											}
										}
									}
								}
							}
						}
					}
					JOINT clavicle_r
					{
						OFFSET -0.018800 -0.076300 0.143100
						CHANNELS 6 Xposition Yposition Zposition Xrotation Yrotation Zrotation
						JOINT upperarm_r
						{
							OFFSET -0.173100 0.136800 -0.017100
							CHANNELS 6 Xposition Yposition Zposition Xrotation Yrotation Zrotation
							JOINT lowerarm_r
							{
								OFFSET -0.274400 0.004700 -0.000000
								CHANNELS 6 Xposition Yposition Zposition Xrotation Yrotation Zrotation
								JOINT hand_r
								{
									OFFSET -0.272600 -0.004700 -0.000000
									CHANNELS 6 Xposition Yposition Zposition Xrotation Yrotation Zrotation
									JOINT index_01_r
									{
										OFFSET -0.113505 -0.046028 -0.002000
										CHANNELS 6 Xposition Yposition Zposition Xrotation Yrotation Zrotation
										JOINT index_02_r
										{
											OFFSET -0.037675 -0.006459 0.000000
											CHANNELS 6 Xposition Yposition Zposition Xrotation Yrotation Zrotation
											JOINT index_03_r
											{
												OFFSET -0.027202 -0.005757 0.000000
												CHANNELS 6 Xposition Yposition Zposition Xrotation Yrotation Zrotation
												JOINT index_04_leaf_r
												{
													OFFSET -0.023662 -0.004705 0.000000
													CHANNELS 6 Xposition Yposition Zposition Xrotation Yrotation Zrotation
													End Site
													{
														OFFSET -0.023793 -0.003991 0.000000
													}
												}
											}
										}
									}
									JOINT middle_01_r
									{
										OFFSET -0.118041 -0.020533 0.000400
										CHANNELS 6 Xposition Yposition Zposition Xrotation Yrotation Zrotation
										JOINT middle_02_r
										{
											OFFSET -0.041479 -0.001286 0.000000
											CHANNELS 6 Xposition Yposition Zposition Xrotation Yrotation Zrotation
											JOINT middle_03_r
											{
												OFFSET -0.033079 -0.003702 0.000000
												CHANNELS 6 Xposition Yposition Zposition Xrotation Yrotation Zrotation
												JOINT middle_04_leaf_r
												{
													OFFSET -0.032483 -0.002781 -0.000000
													CHANNELS 6 Xposition Yposition Zposition Xrotation Yrotation Zrotation
													End Site
													{
														OFFSET -0.032567 0.001515 0.000000
													}
												}
											}
										}
									}
									JOINT pinky_01_r
									{
										OFFSET -0.109891 0.035598 -0.001600
										CHANNELS 6 Xposition Yposition Zposition Xrotation Yrotation Zrotation
										JOINT pinky_02_r
										{
											OFFSET -0.035819 0.001057 0.000000
											CHANNELS 6 Xposition Yposition Zposition Xrotation Yrotation Zrotation
											JOINT pinky_03_r
											{
												OFFSET -0.025683 0.002448 -0.000000
												CHANNELS 6 Xposition Yposition Zposition Xrotation Yrotation Zrotation
												JOINT pinky_04_leaf_r
												{
													OFFSET -0.026731 0.002448 0.000000
													CHANNELS 6 Xposition Yposition Zposition Xrotation Yrotation Zrotation
													End Site
													{
														OFFSET -0.026782 0.001811 0.000000
													}
												}
											}
										}
									}
									JOINT ring_01_r
									{
										OFFSET -0.115267 0.008064 0.000100
										CHANNELS 6 Xposition Yposition Zposition Xrotation Yrotation Zrotation
										JOINT ring_02_r
										{
											OFFSET -0.036562 0.001400 -0.000000
											CHANNELS 6 Xposition Yposition Zposition Xrotation Yrotation Zrotation
											JOINT ring_03_r
											{
												OFFSET -0.033090 0.000552 0.000000
												CHANNELS 6 Xposition Yposition Zposition Xrotation Yrotation Zrotation
												JOINT ring_04_leaf_r
												{
													OFFSET -0.029610 0.000105 0.000001
													CHANNELS 6 Xposition Yposition Zposition Xrotation Yrotation Zrotation
													End Site
													{
														OFFSET -0.029589 0.001117 0.000000
													}
												}
											}
										}
									}
									JOINT thumb_01_r
									{
										OFFSET -0.027300 -0.033600 -0.022800
										CHANNELS 6 Xposition Yposition Zposition Xrotation Yrotation Zrotation
										JOINT thumb_02_r
										{
											OFFSET -0.035686 -0.025978 -0.023293
											CHANNELS 6 Xposition Yposition Zposition Xrotation Yrotation Zrotation
											JOINT thumb_03_r
											{
												OFFSET -0.032563 -0.021217 -0.020255
												CHANNELS 6 Xposition Yposition Zposition Xrotation Yrotation Zrotation
												JOINT thumb_04_leaf_r
												{
													OFFSET -0.022147 -0.013446 -0.013949
													CHANNELS 6 Xposition Yposition Zposition Xrotation Yrotation Zrotation
													End Site
													{
														OFFSET -0.023164 -0.015050 -0.010140
													}
												}
											}
										}
									}
								}
							}
						}
					}
				}
			}
		}
		JOINT thigh_l
		{
			OFFSET 0.089000 -0.051500 0.015400
			CHANNELS 6 Xposition Yposition Zposition Xrotation Yrotation Zrotation
			JOINT calf_l
			{
				OFFSET 0.000000 0.002800 -0.400300
				CHANNELS 6 Xposition Yposition Zposition Xrotation Yrotation Zrotation
				JOINT foot_l
				{
					OFFSET 0.000000 0.034400 -0.428100
					CHANNELS 6 Xposition Yposition Zposition Xrotation Yrotation Zrotation
					JOINT ball_l
					{
						OFFSET 0.000000 -0.149000 -0.088500
						CHANNELS 6 Xposition Yposition Zposition Xrotation Yrotation Zrotation
						JOINT ball_leaf_l
						{
							OFFSET -0.000000 -0.078900 -0.000000
							CHANNELS 6 Xposition Yposition Zposition Xrotation Yrotation Zrotation
							End Site
							{
								OFFSET 0.000000 -0.078900 -0.000000
							}
						}
					}
				}
			}
		}
		JOINT thigh_r
		{
			OFFSET -0.089000 -0.051500 0.015400
			CHANNELS 6 Xposition Yposition Zposition Xrotation Yrotation Zrotation
			JOINT calf_r
			{
				OFFSET -0.000000 0.002800 -0.400300
				CHANNELS 6 Xposition Yposition Zposition Xrotation Yrotation Zrotation
				JOINT foot_r
				{
					OFFSET 0.000000 0.034400 -0.428100
					CHANNELS 6 Xposition Yposition Zposition Xrotation Yrotation Zrotation
					JOINT ball_r
					{
						OFFSET -0.000000 -0.149000 -0.088500
						CHANNELS 6 Xposition Yposition Zposition Xrotation Yrotation Zrotation
						JOINT ball_leaf_r
						{
							OFFSET 0.000000 -0.078900 -0.000000
							CHANNELS 6 Xposition Yposition Zposition Xrotation Yrotation Zrotation
							End Site
							{
								OFFSET 0.000000 -0.078900 -0.000000
							}
						}
					}
				}
			}
		}
	}
}
MOTION
Frames: 89
Frame Time: 0.041667
0.000000 0.000000 0.000000 -0.000000 0.000000 -0.000000 0.002794 0.331499 0.541539 0.000010 0.000000 0.000000 -0.000000 -0.034500 0.133800 0.000000 -0.000000 0.000000 0.000000 -0.015200 0.123100 10.693258 -0.025980 0.016193 -0.000000 0.004500 0.141200 10.693284 -0.014317 0.045155 -0.000000 0.035467 0.161600 -10.693251 0.035707 -0.014846 0.000000 -0.045467 0.092300 0.000001 -0.000000 -0.000000 -0.000000 -0.002685 0.082543 -0.000001 0.000000 -0.000000 0.018800 -0.076300 0.143100 -2.367511 1.384157 -6.167372 0.173100 0.136800 -0.017100 14.582582 26.667372 -58.686570 0.274400 0.004700 -0.000000 -8.176630 -0.139601 -62.374080 0.272600 -0.004700 0.000000 -63.729968 22.048021 -13.720020 0.113505 -0.046028 -0.002000 0.000007 -0.000017 -0.000034 0.037675 -0.006459 -0.000000 -0.000015 -0.000001 0.000026 0.027202 -0.005757 0.000000 0.000003 0.000003 0.000047 0.023662 -0.004705 0.000000 0.000001 0.000001 -0.000000 0.118040 -0.020533 0.000400 -0.700336 12.216788 10.088109 0.041479 -0.001286 -0.000000 1.632217 28.320893 -4.265921 0.033079 -0.003702 0.000000 0.000002 -0.000010 0.000063 0.032483 -0.002781 -0.000000 -0.000002 -0.000000 -0.000001 0.109890 0.035598 -0.001600 -1.534998 25.475837 3.401844 0.035819 0.001057 0.000000 -5.984766 24.408731 -0.254357 0.025683 0.002448 0.000000 -2.095761 14.330618 -0.339727 0.026731 0.002448 -0.000000 -0.000002 -0.000002 -0.000003 0.115267 0.008064 0.000100 -3.722799 25.718044 11.819476 0.036562 0.001400 0.000000 -0.514160 24.178661 -3.810855 0.033091 0.000552 0.000000 -1.874321 16.655812 2.464566 0.029609 0.000105 -0.000000 0.000000 -0.000000 0.000000 0.027300 -0.033600 -0.022800 1.854144 -7.365360 10.323907 0.035686 -0.025978 -0.023293 2.461486 -1.790924 3.275365 0.032563 -0.021217 -0.020255 7.972590 -4.941017 10.468774 0.022147 -0.013446 -0.013949 0.000003 0.000000 0.000016 -0.018800 -0.076300 0.143100 -1.755342 -1.720531 -5.728481 -0.173100 0.136800 -0.017100 8.985388 -14.120164 66.746869 -0.274400 0.004700 0.000000 -11.703416 0.199128 66.885030 -0.272600 -0.004700 -0.000000 -59.470860 11.772624 13.651867 -0.113505 -0.046028 -0.002000 -0.000018 0.000042 0.000023 -0.037675 -0.006459 -0.000000 -0.000013 -0.000000 -0.000062 -0.027201 -0.005756 0.000000 -0.000001 0.000003 0.000009 -0.023662 -0.004705 0.000000 0.000000 -0.000001 0.000002 -0.118041 -0.020533 0.000401 0.000012 0.000058 -0.000015 -0.041479 -0.001286 0.000000 1.204800 -10.639702 0.112121 -0.033079 -0.003702 0.000000 2.592396 -27.849152 0.642688 -0.032483 -0.002781 -0.000000 0.000000 0.000002 0.000001 -0.109891 0.035598 -0.001600 -0.086087 -0.820513 -8.599131 -0.035819 0.001057 0.000000 -3.782580 -24.614742 0.234975 -0.025683 0.002448 0.000000 -2.095764 -14.330606 0.339632 -0.026731 0.002448 0.000000 -0.000000 -0.000001 -0.000000 -0.115267 0.008064 0.000101 -0.294237 -2.086053 -11.670849 -0.036562 0.001400 0.000000 -2.410489 -24.146824 3.811631 -0.033091 0.000552 0.000000 -1.874292 -16.655865 -2.464451 -0.029609 0.000105 0.000000 0.000000 0.000003 0.000000 -0.027300 -0.033600 -0.022800 -0.000018 0.000019 0.000029 -0.035686 -0.025978 -0.023293 2.389048 1.740921 -3.319273 -0.032563 -0.021217 -0.020255 7.972601 4.941070 -10.468796 -0.022147 -0.013447 -0.013949 0.000011 0.000001 0.000011 0.089000 -0.051500 0.015400 -86.822728 -10.044055 -9.637954 -0.000000 0.002800 -0.400300 80.377823 10.768742 1.877309 -0.000000 0.034400 -0.428100 6.321529 -0.731923 -10.161435 0.000000 -0.149000 -0.088500 -0.000000 0.000002 -0.000005 -0.000000 -0.078900 -0.000000 0.000000 0.000000 -0.000000 -0.089000 -0.051500 0.015400 -85.867670 4.459761 4.207994 0.000000 0.002800 -0.400300 79.266886 5.714987 1.108634 0.000000 0.034400 -0.428100 6.486476 -10.321980 0.441115 -0.000000 -0.149000 -0.088500 -0.000000 0.000002 -0.000000 -0.000000 -0.078900 -0.000000 -0.000000 -0.000000 -0.000000 
0.000000 0.000000 0.000000 -0.000000 0.000000 -0.000000 0.002794 0.331499 0.541539 0.000010 0.000000 0.000000 -0.000000 -0.034500 0.133800 0.000000 -0.000000 0.000000 0.000000 -0.015200 0.123100 10.679506 -0.028947 0.016710 -0.000000 0.004500 0.141200 10.679527 -0.017039 0.046515 -0.000000 0.035467 0.161600 -10.679493 0.038657 -0.014151 0.000000 -0.045467 0.092300 0.000001 0.000000 -0.000000 0.000000 -0.002685 0.082543 -0.000001 0.000000 -0.000000 0.018800 -0.076300 0.143100 -2.367509 1.384157 -6.167385 0.173100 0.136800 -0.017100 14.497816 26.459343 -58.793319 0.274400 0.004700 -0.000000 -8.478713 -0.144759 -62.229833 0.272600 -0.004700 -0.000000 -63.634571 22.185055 -13.769782 0.113505 -0.046028 -0.002000 0.000007 -0.000018 -0.000035 0.037675 -0.006459 -0.000000 -0.000016 -0.000008 0.000020 0.027201 -0.005757 -0.000000 -0.000002 0.000005 0.000042 0.023662 -0.004706 0.000000 -0.000000 0.000005 -0.000000 0.118041 -0.020533 0.000400 -0.714289 12.579997 10.024305 0.041479 -0.001286 -0.000000 1.665926 28.587342 -4.274144 0.033079 -0.003702 0.000000 0.036221 0.423133 -0.000075 0.032483 -0.002781 0.000000 0.000000 -0.000001 -0.000003 0.109890 0.035598 -0.001600 -1.541744 25.794947 3.344622 0.035819 0.001057 0.000000 -6.033740 24.693408 -0.238401 0.025683 0.002448 0.000000 -2.122094 14.674752 -0.329172 0.026731 0.002448 0.000000 -0.000002 0.000003 -0.000002 0.115267 0.008064 0.000100 -3.759779 26.003457 11.794968 0.036562 0.001400 0.000000 -0.521284 24.468009 -3.795971 0.033090 0.000552 -0.000000 -1.880449 16.988772 2.455736 0.029609 0.000105 -0.000000 -0.000000 -0.000001 -0.000001 0.027300 -0.033600 -0.022800 1.752673 -7.223337 10.035594 0.035686 -0.025978 -0.023294 2.502304 -1.819110 3.250670 0.032563 -0.021217 -0.020255 7.972592 -4.941016 10.468774 0.022147 -0.013446 -0.013949 0.000003 0.000006 0.000013 -0.018800 -0.076300 0.143100 -1.755341 -1.720531 -5.728481 -0.173100 0.136800 -0.017100 9.003575 -14.164357 66.688533 -0.274400 0.004700 0.000000 -11.737851 0.199647 67.051482 -0.272600 -0.004700 -0.000000 -59.299532 11.823509 13.805080 -0.113505 -0.046028 -0.002000 -0.000014 0.000037 0.000018 -0.037675 -0.006459 -0.000000 -0.000013 -0.000008 0.000017 -0.027201 -0.005757 0.000000 0.000002 0.000001 0.000046 -0.023662 -0.004706 0.000000 -0.000000 -0.000003 0.000003 -0.118041 -0.020533 0.000401 0.004652 -0.155179 -0.131317 -0.041479 -0.001286 0.000000 1.208375 -10.864647 0.155823 -0.033079 -0.003702 0.000000 2.553645 -27.494559 0.624704 -0.032483 -0.002781 -0.000000 -0.000000 0.000008 0.000000 -0.109891 0.035598 -0.001600 -0.118393 -1.134299 -8.538907 -0.035819 0.001057 0.000000 -3.823210 -24.610982 0.235312 -0.025683 0.002448 -0.000000 -2.095783 -14.330596 0.339655 -0.026731 0.002448 0.000000 0.000000 0.000000 -0.000000 -0.115267 0.008064 0.000101 -0.336439 -2.388570 -11.648284 -0.036562 0.001400 -0.000000 -2.392988 -24.147108 3.811595 -0.033091 0.000552 0.000000 -1.874287 -16.655888 -2.464434 -0.029610 0.000105 0.000000 0.000000 0.000001 0.000000 -0.027300 -0.033600 -0.022800 -0.000002 -0.000006 0.000021 -0.035686 -0.025978 -0.023293 2.389027 1.740940 -3.319238 -0.032563 -0.021217 -0.020255 7.972573 4.941068 -10.468750 -0.022147 -0.013447 -0.013949 0.000011 -0.000002 0.000010 0.089000 -0.051500 0.015400 -86.822728 -10.044055 -9.637954 -0.000000 0.002800 -0.400300 80.377823 10.768742 1.877309 -0.000000 0.034400 -0.428100 6.321529 -0.731923 -10.161435 0.000000 -0.149000 -0.088500 -0.000000 0.000002 -0.000005 -0.000000 -0.078900 -0.000000 0.000000 0.000000 -0.000000 -0.089000 -0.051500 0.015400 -85.869316 4.469279 4.217097 0.000000 0.002800 -0.400300 79.267262 5.696210 1.104922 0.000000 0.034400 -0.428100 6.488383 -10.312561 0.451803 -0.000000 -0.149000 -0.088500 -0.000000 0.000002 -0.000000 -0.000000 -0.078900 -0.000000 -0.000000 -0.000000 -0.000000 
0.000000 0.000000 0.000000 -0.000000 0.000000 -0.000000 0.002794 0.331499 0.541539 0.000010 0.000000 0.000000 -0.000000 -0.034500 0.133800 0.000000 -0.000000 0.000000 0.000000 -0.015200 0.123100 10.633589 -0.038851 0.018426 0.000000 0.004500 0.141200 10.633610 -0.026130 0.051035 -0.000000 0.035467 0.161600 -10.633564 0.048499 -0.011828 0.000000 -0.045467 0.092300 -0.000000 0.000000 0.000000 -0.000000 -0.002685 0.082543 0.000001 -0.000000 -0.000000 0.018800 -0.076300 0.143100 -2.367509 1.384157 -6.167374 0.173100 0.136800 -0.017100 14.300525 25.965900 -59.064751 0.274400 0.004700 0.000000 -9.287686 -0.158424 -61.871699 0.272600 -0.004700 -0.000000 -63.301271 22.566259 -13.916584 0.113505 -0.046028 -0.002000 0.000011 -0.000016 -0.000032 0.037675 -0.006459 -0.000000 -0.000016 -0.000006 0.000026 0.027202 -0.005757 -0.000000 -0.000002 0.000002 0.000046 0.023662 -0.004706 0.000000 -0.000002 0.000000 0.000002 0.118040 -0.020533 0.000400 -0.752167 13.626194 9.840450 0.041478 -0.001286 -0.000000 1.765527 29.354565 -4.299441 0.033079 -0.003703 0.000000 0.140610 1.641992 -0.002005 0.032483 -0.002781 -0.000000 0.000000 -0.000000 -0.000005 0.109891 0.035598 -0.001600 -1.559007 26.714045 3.178130 0.035819 0.001057 0.000000 -6.174480 25.513451 -0.191241 0.025683 0.002448 -0.000000 -2.198622 15.666017 -0.297993 0.026731 0.002448 0.000000 -0.000002 -0.000000 -0.000002 0.115267 0.008064 0.000100 -3.865628 26.825742 11.723713 0.036562 0.001400 0.000000 -0.541428 25.301548 -3.753169 0.033091 0.000552 0.000000 -1.897491 17.947832 2.430494 0.029609 0.000105 -0.000000 0.000000 0.000001 0.000001 0.027300 -0.033600 -0.022800 1.475426 -6.822965 9.234577 0.035686 -0.025978 -0.023293 2.612590 -1.895330 3.184086 0.032563 -0.021217 -0.020255 7.972588 -4.941020 10.468774 0.022147 -0.013446 -0.013949 0.000006 0.000007 0.000010 -0.018800 -0.076300 0.143100 -1.755339 -1.720531 -5.728484 -0.173100 0.136800 -0.017100 9.063720 -14.299676 66.537319 -0.274400 0.004700 0.000000 -11.830540 0.201192 67.495178 -0.272600 -0.004700 -0.000000 -58.810695 11.953656 14.223890 -0.113505 -0.046028 -0.002000 -0.000001 0.000095 -0.000027 -0.037675 -0.006459 -0.000000 -0.000015 0.000001 0.000040 -0.027201 -0.005757 0.000000 -0.000000 0.000006 -0.000091 -0.023662 -0.004706 0.000000 0.000001 0.000002 -0.000003 -0.118041 -0.020533 0.000401 0.015784 -0.592045 -0.500375 -0.041479 -0.001286 0.000000 1.218398 -11.497714 0.279573 -0.033079 -0.003702 0.000000 2.445962 -26.496737 0.575815 -0.032483 -0.002781 -0.000000 -0.000000 0.000003 0.000000 -0.109891 0.035598 -0.001600 -0.207572 -2.017353 -8.368648 -0.035819 0.001057 0.000000 -3.935761 -24.600321 0.236040 -0.025683 0.002448 0.000000 -2.095783 -14.330574 0.339586 -0.026731 0.002448 0.000000 -0.000001 0.000000 -0.000000 -0.115267 0.008064 0.000101 -0.454690 -3.240001 -11.587926 -0.036562 0.001400 -0.000000 -2.342734 -24.147622 3.811619 -0.033090 0.000552 0.000000 -1.874295 -16.655889 -2.464502 -0.029610 0.000105 0.000000 0.000001 -0.000001 -0.000001 -0.027300 -0.033600 -0.022800 0.000005 0.000017 -0.000012 -0.035686 -0.025978 -0.023293 2.389015 1.740914 -3.319215 -0.032563 -0.021217 -0.020255 7.972582 4.941081 -10.468775 -0.022147 -0.013447 -0.013949 0.000012 0.000003 0.000011 0.089000 -0.051500 0.015400 -86.822728 -10.044055 -9.637954 -0.000000 0.002800 -0.400300 80.377823 10.768742 1.877309 -0.000000 0.034400 -0.428100 6.321529 -0.731923 -10.161435 0.000000 -0.149000 -0.088500 -0.000000 0.000002 -0.000005 -0.000000 -0.078900 -0.000000 0.000000 0.000000 -0.000000 -0.089000 -0.051500 0.015400 -85.874288 4.497222 4.243835 0.000000 0.002800 -0.400300 79.268375 5.641080 1.094017 0.000000 0.034400 -0.428100 6.493980 -10.284906 0.483182 -0.000000 -0.149000 -0.088500 -0.000000 0.000002 -0.000001 -0.000000 -0.078900 -0.000000 0.000000 0.000000 -0.000000 
0.000000 0.000000 0.000000 -0.000000 0.000000 -0.000000 0.002794 0.331499 0.541539 0.000010 0.000000 0.000000 -0.000000 -0.034500 0.133800 0.000000 -0.000000 0.000000 0.000000 -0.015200 0.123100 10.546220 -0.057712 0.021647 -0.000000 0.004500 0.141200 10.546254 -0.043468 0.059554 0.000000 0.035467 0.161600 -10.546212 0.067221 -0.007387 0.000000 -0.045467 0.092300 -0.000002 -0.000000 0.000000 -0.000000 -0.002685 0.082543 0.000001 -0.000000 -0.000000 0.018800 -0.076300 0.143100 -2.367513 1.384157 -6.167372 0.173100 0.136800 -0.017100 14.079493 25.384632 -59.434872 0.274400 0.004700 -0.000000 -10.459451 -0.178199 -61.399460 0.272600 -0.004700 -0.000000 -62.656139 23.153252 -14.161869 0.113505 -0.046028 -0.002000 0.000009 -0.000022 -0.000035 0.037675 -0.006459 -0.000000 -0.000016 -0.000006 0.000023 0.027202 -0.005757 0.000000 -0.000002 0.000005 0.000043 0.023662 -0.004706 0.000000 -0.000000 0.000002 0.000005 0.118041 -0.020533 0.000400 -0.805622 15.290159 9.547279 0.041479 -0.001286 -0.000000 1.931475 30.574597 -4.344605 0.033079 -0.003702 0.000000 0.306960 3.580851 -0.009521 0.032483 -0.002781 0.000000 -0.000001 0.000001 -0.000004 0.109891 0.035598 -0.001600 -1.579693 28.176101 2.907704 0.035819 0.001057 0.000000 -6.397784 26.818019 -0.112378 0.025683 0.002448 0.000000 -2.322726 17.242649 -0.244619 0.026731 0.002448 0.000000 -0.000001 0.000001 -0.000005 0.115267 0.008064 0.000100 -4.032205 28.134114 11.608483 0.036562 0.001400 0.000000 -0.572352 26.628041 -3.685155 0.033091 0.000552 0.000000 -1.922847 19.473440 2.391386 0.029609 0.000105 -0.000000 -0.000001 -0.000000 0.000000 0.027300 -0.033600 -0.022800 1.067700 -6.199073 8.018086 0.035686 -0.025978 -0.023293 2.771078 -2.005292 3.088541 0.032562 -0.021217 -0.020255 7.972585 -4.941016 10.468774 0.022147 -0.013446 -0.013949 0.000006 0.000006 0.000018 -0.018800 -0.076300 0.143100 -1.755340 -1.720530 -5.728473 -0.173100 0.136800 -0.017100 9.177126 -14.534031 66.333486 -0.274400 0.004700 0.000000 -11.964536 0.203493 68.125447 -0.272600 -0.004700 -0.000000 -58.038399 12.124896 14.844595 -0.113505 -0.046028 -0.002000 -0.000013 -0.000010 0.000011 -0.037675 -0.006459 -0.000000 -0.000013 -0.000012 0.000073 -0.027201 -0.005757 0.000000 0.000004 0.000001 0.000020 -0.023662 -0.004705 0.000000 -0.000000 0.000001 0.000002 -0.118041 -0.020533 0.000401 0.027461 -1.267594 -1.069664 -0.041479 -0.001286 0.000000 1.233893 -12.476421 0.473683 -0.033079 -0.003702 0.000000 2.283097 -24.954532 0.505040 -0.032483 -0.002781 -0.000000 -0.000000 0.000006 0.000000 -0.109891 0.035598 -0.001600 -0.340206 -3.382389 -8.103384 -0.035819 0.001057 0.000000 -4.104574 -24.584680 0.237261 -0.025683 0.002448 0.000000 -2.095769 -14.330606 0.339624 -0.026731 0.002448 0.000000 -0.000000 0.000001 0.000001 -0.115267 0.008064 0.000101 -0.635960 -4.554886 -11.503567 -0.036562 0.001400 -0.000000 -2.262339 -24.149589 3.811595 -0.033091 0.000552 0.000000 -1.874317 -16.655838 -2.464598 -0.029609 0.000105 0.000000 0.000001 -0.000001 0.000000 -0.027300 -0.033600 -0.022800 -0.000001 0.000005 0.000001 -0.035686 -0.025978 -0.023293 2.388998 1.740934 -3.319192 -0.032563 -0.021217 -0.020255 7.972607 4.941062 -10.468791 -0.022147 -0.013446 -0.013949 0.000015 0.000001 0.000007 0.089000 -0.051500 0.015400 -86.822728 -10.044055 -9.637954 -0.000000 0.002800 -0.400300 80.377823 10.768742 1.877309 -0.000000 0.034400 -0.428100 6.321529 -0.731923 -10.161435 0.000000 -0.149000 -0.088500 -0.000000 0.000002 -0.000005 -0.000000 -0.078900 -0.000000 0.000000 0.000000 -0.000000 -0.089000 -0.051500 0.015400 -85.882327 4.542707 4.287364 0.000000 0.002800 -0.400300 79.270083 5.551337 1.076277 -0.000000 0.034400 -0.428100 6.503078 -10.239880 0.534234 -0.000000 -0.149000 -0.088500 -0.000002 0.000002 -0.000000 -0.000000 -0.078900 -0.000000 0.000000 0.000000 -0.000000 
0.000000 0.000000 0.000000 -0.000000 0.000000 -0.000000 0.002794 0.331499 0.541539 0.000010 0.000000 0.000000 -0.000000 -0.034500 0.133800 0.000000 -0.000000 0.000000 0.000000 -0.015200 0.123100 10.403279 -0.088602 0.026795 0.000000 0.004500 0.141200 10.403307 -0.071936 0.073259 -0.000000 0.035467 0.161600 -10.403233 0.097833 -0.000060 -0.000000 -0.045467 0.092300 0.000001 0.000000 -0.000000 -0.000000 -0.002685 0.082543 -0.000001 0.000000 -0.000000 0.018800 -0.076300 0.143100 -2.367509 1.384157 -6.167376 0.173100 0.136800 -0.017100 13.932555 24.923995 -59.837655 0.274400 0.004700 0.000000 -11.846827 -0.201502 -60.927623 0.272600 -0.004700 -0.000000 -61.627629 23.903311 -14.502336 0.113505 -0.046028 -0.002000 0.000009 -0.000016 -0.000031 0.037675 -0.006459 -0.000000 -0.000017 -0.000004 0.000022 0.027202 -0.005757 0.000000 -0.000001 0.000008 0.000045 0.023662 -0.004706 0.000000 -0.000002 0.000000 -0.000001 0.118041 -0.020533 0.000400 -0.863629 17.506603 9.155495 0.041479 -0.001286 -0.000000 2.167495 32.199107 -4.414391 0.033079 -0.003702 -0.000000 0.529726 6.163776 -0.028489 0.032483 -0.002781 0.000000 0.000000 -0.000001 -0.000005 0.109890 0.035598 -0.001600 -1.593763 30.123706 2.536508 0.035819 0.001057 0.000000 -6.694459 28.556492 -0.000257 0.025683 0.002448 0.000000 -2.493174 19.342916 -0.166039 0.026731 0.002448 0.000000 -0.000001 0.000002 -0.000000 0.115267 0.008064 0.000100 -4.250640 29.878034 11.451480 0.036562 0.001400 0.000000 -0.611471 28.396110 -3.594312 0.033090 0.000552 -0.000000 -1.953286 21.505974 2.341116 0.029609 0.000105 -0.000000 -0.000001 0.000002 0.000002 0.027300 -0.033600 -0.022800 0.576654 -5.386201 6.483834 0.035686 -0.025978 -0.023293 2.955470 -2.133631 2.977539 0.032563 -0.021217 -0.020255 7.972590 -4.941018 10.468774 0.022147 -0.013446 -0.013949 0.000006 0.000007 0.000010 -0.018800 -0.076300 0.143100 -1.755340 -1.720531 -5.728481 -0.173100 0.136800 -0.017100 9.360737 -14.882639 66.123512 -0.274400 0.004700 0.000000 -12.120765 0.206091 68.841183 -0.272600 -0.004700 -0.000000 -57.010438 12.291550 15.599488 -0.113505 -0.046028 -0.002000 -0.000014 0.000017 0.000032 -0.037675 -0.006459 -0.000000 -0.000013 -0.000006 0.000049 -0.027201 -0.005757 0.000000 -0.000000 -0.000008 0.000032 -0.023662 -0.004705 0.000000 -0.000001 0.000001 0.000000 -0.118041 -0.020533 0.000401 0.032686 -2.138259 -1.801399 -0.041479 -0.001286 0.000000 1.254070 -13.738229 0.728867 -0.033079 -0.003702 -0.000000 2.079167 -22.966716 0.422276 -0.032483 -0.002781 -0.000000 0.000000 0.000009 -0.000002 -0.109891 0.035597 -0.001600 -0.501639 -5.141445 -7.757335 -0.035819 0.001057 0.000000 -4.313054 -24.565240 0.238810 -0.025683 0.002448 0.000000 -2.095775 -14.330650 0.339697 -0.026731 0.002448 0.000000 -0.000001 0.000001 -0.000000 -0.115267 0.008064 0.000101 -0.867737 -6.249081 -11.411072 -0.036562 0.001400 0.000000 -2.153786 -24.151598 3.811509 -0.033091 0.000552 0.000000 -1.874306 -16.655876 -2.464521 -0.029610 0.000105 0.000000 0.000000 -0.000002 -0.000000 -0.027300 -0.033600 -0.022800 -0.000016 0.000028 0.000025 -0.035686 -0.025978 -0.023293 2.389027 1.740918 -3.319222 -0.032563 -0.021217 -0.020255 7.972580 4.941078 -10.468764 -0.022147 -0.013446 -0.013949 0.000009 0.000000 0.000010 0.089000 -0.051500 0.015400 -86.822728 -10.044055 -9.637954 -0.000000 0.002800 -0.400300 80.377823 10.768742 1.877309 -0.000000 0.034400 -0.428100 6.321529 -0.731923 -10.161435 0.000000 -0.149000 -0.088500 -0.000000 0.000002 -0.000005 -0.000000 -0.078900 -0.000000 0.000000 0.000000 -0.000000 -0.089000 -0.051500 0.015400 -85.893290 4.604833 4.346834 -0.000000 0.002800 -0.400300 79.272432 5.428759 1.052046 0.000000 0.034400 -0.428100 6.515440 -10.178376 0.603942 -0.000000 -0.149000 -0.088500 -0.000000 0.000002 -0.000000 -0.000000 -0.078900 -0.000000 0.000000 0.000000 0.000000 
0.000000 0.000000 0.000000 -0.000000 0.000000 -0.000000 0.002794 0.331499 0.541539 0.000010 0.000000 0.000000 -0.000000 -0.034500 0.133800 0.000000 -0.000000 0.000000 0.000000 -0.015200 0.123100 10.182396 -0.136410 0.034447 0.000000 0.004500 0.141200 10.182461 -0.116165 0.093867 -0.000000 0.035467 0.161600 -10.182343 0.145081 0.011408 0.000000 -0.045467 0.092300 -0.000001 -0.000000 -0.000000 -0.000000 -0.002685 0.082543 0.000000 -0.000000 -0.000000 0.018800 -0.076300 0.143100 -2.367512 1.384157 -6.167375 0.173100 0.136800 -0.017100 13.974161 24.809510 -60.215132 0.274400 0.004700 -0.000000 -13.298780 -0.225786 -60.575828 0.272600 -0.004700 -0.000000 -60.149596 24.776948 -14.925667 0.113505 -0.046028 -0.002000 0.000010 -0.000021 -0.000032 0.037675 -0.006459 -0.000000 -0.000015 0.000002 0.000026 0.027202 -0.005757 -0.000000 0.000000 0.000006 0.000046 0.023662 -0.004705 0.000000 -0.000002 0.000001 -0.000001 0.118040 -0.020533 0.000400 -0.913798 20.210216 8.674913 0.041479 -0.001286 0.000000 2.479294 34.179544 -4.514883 0.033078 -0.003702 0.000000 0.804573 9.314991 -0.065503 0.032483 -0.002781 0.000000 0.000001 0.000001 -0.000004 0.109890 0.035598 -0.001600 -1.588631 32.499662 2.065567 0.035819 0.001057 0.000000 -7.056015 30.678006 0.148853 0.025683 0.002448 0.000000 -2.709896 21.904917 -0.057990 0.026731 0.002448 0.000000 -0.000000 -0.000001 0.000000 0.115266 0.008064 0.000100 -4.511577 32.006857 11.254822 0.036562 0.001400 0.000000 -0.656158 30.554663 -3.482491 0.033091 0.000552 0.000000 -1.985290 23.985855 2.282248 0.029610 0.000105 -0.000000 0.000001 -0.000003 -0.000001 0.027300 -0.033600 -0.022800 0.046929 -4.422530 4.728094 0.035686 -0.025978 -0.023293 3.145031 -2.266159 2.863750 0.032563 -0.021217 -0.020255 7.972587 -4.941019 10.468773 0.022147 -0.013446 -0.013949 0.000003 0.000009 0.000016 -0.018800 -0.076300 0.143100 -1.755342 -1.720531 -5.728480 -0.173100 0.136800 -0.017100 9.642587 -15.374734 65.963290 -0.274400 0.004700 0.000000 -12.276498 0.208688 69.525097 -0.272600 -0.004700 -0.000000 -55.742608 12.395832 16.415438 -0.113505 -0.046028 -0.002000 -0.000010 0.000032 -0.000053 -0.037675 -0.006459 0.000000 -0.000010 0.000002 0.000126 -0.027202 -0.005757 0.000000 0.000001 -0.000009 -0.000029 -0.023662 -0.004706 0.000000 -0.000000 0.000000 -0.000001 -0.118041 -0.020533 0.000401 0.024671 -3.161165 -2.657856 -0.041479 -0.001286 0.000000 1.278475 -15.220604 1.036611 -0.033079 -0.003702 0.000000 1.847149 -20.632111 0.336139 -0.032483 -0.002781 -0.000000 0.000000 0.000009 0.000001 -0.109890 0.035598 -0.001600 -0.677509 -7.207813 -7.345090 -0.035819 0.001057 0.000000 -4.544810 -24.543539 0.240669 -0.025683 0.002448 0.000000 -2.095770 -14.330575 0.339653 -0.026731 0.002448 -0.000000 -0.000000 0.000002 -0.000000 -0.115267 0.008064 0.000101 -1.138558 -8.238132 -11.326052 -0.036562 0.001400 0.000000 -2.019314 -24.153624 3.811426 -0.033090 0.000552 0.000000 -1.874309 -16.655843 -2.464491 -0.029609 0.000105 0.000000 0.000000 0.000002 0.000001 -0.027300 -0.033600 -0.022800 0.000003 0.000018 -0.000001 -0.035686 -0.025978 -0.023293 2.389026 1.740914 -3.319221 -0.032563 -0.021217 -0.020255 7.972576 4.941069 -10.468753 -0.022147 -0.013447 -0.013949 0.000013 -0.000003 0.000011 0.089000 -0.051500 0.015400 -86.822728 -10.044055 -9.637954 -0.000000 0.002800 -0.400300 80.377823 10.768742 1.877309 -0.000000 0.034400 -0.428100 6.321529 -0.731923 -10.161435 0.000000 -0.149000 -0.088500 -0.000000 0.000002 -0.000005 -0.000000 -0.078900 -0.000000 0.000000 0.000000 -0.000000 -0.089000 -0.051500 0.015400 -85.906889 4.682715 4.421415 0.000000 0.002800 -0.400300 79.275233 5.275089 1.021693 0.000000 0.034400 -0.428100 6.530779 -10.101279 0.691261 -0.000000 -0.149000 -0.088500 0.000000 0.000002 -0.000000 -0.000000 -0.078900 -0.000000 -0.000000 -0.000000 -0.000000 
0.000000 0.000000 0.000000 -0.000000 0.000000 -0.000000 0.002794 0.331499 0.541539 0.000010 0.000000 0.000000 -0.000000 -0.034500 0.133800 0.000000 -0.000000 0.000000 0.000000 -0.015200 0.123100 9.848698 -0.208804 0.045313 0.000000 0.004500 0.141200 9.848849 -0.183531 0.123685 0.000000 0.035467 0.161600 -9.848677 0.216347 0.029071 -0.000000 -0.045467 0.092300 -0.000001 -0.000000 -0.000000 0.000000 -0.002685 0.082543 -0.000000 0.000000 -0.000000 0.018800 -0.076300 0.143100 -2.367513 1.384157 -6.167379 0.173100 0.136800 -0.017100 14.341898 25.294783 -60.519677 0.274400 0.004700 -0.000000 -14.657161 -0.248347 -60.463621 0.272600 -0.004700 0.000000 -58.160714 25.746550 -15.404979 0.113505 -0.046028 -0.002000 0.000009 -0.000019 -0.000030 0.037675 -0.006459 -0.000000 -0.000013 -0.000002 0.000021 0.027202 -0.005757 -0.000000 0.000001 0.000002 0.000044 0.023662 -0.004706 0.000000 0.000000 0.000002 -0.000003 0.118041 -0.020533 0.000400 -0.943064 23.335555 8.115479 0.041479 -0.001286 -0.000000 2.874803 36.467500 -4.654031 0.033079 -0.003702 0.000000 1.128748 12.958479 -0.128145 0.032483 -0.002781 0.000000 0.000000 -0.000001 -0.000002 0.109890 0.035598 -0.001600 -1.549432 35.246443 1.493978 0.035819 0.001057 0.000000 -7.475255 33.131906 0.339645 0.025683 0.002448 0.000000 -2.974493 24.866719 0.085064 0.026731 0.002448 0.000000 0.000001 -0.000004 -0.000003 0.115267 0.008064 0.000100 -4.805669 34.469837 11.021200 0.036562 0.001400 0.000000 -0.703824 33.052563 -3.351225 0.033091 0.000552 0.000000 -2.015458 26.853495 2.216966 0.029609 0.000105 -0.000000 -0.000000 0.000004 0.000001 0.027300 -0.033600 -0.022800 -0.482420 -3.352661 2.845435 0.035686 -0.025978 -0.023293 3.322581 -2.390763 2.757402 0.032563 -0.021217 -0.020255 7.972591 -4.941015 10.468773 0.022147 -0.013446 -0.013949 0.000002 0.000004 0.000010 -0.018800 -0.076300 0.143100 -1.755340 -1.720531 -5.728486 -0.173100 0.136800 -0.017100 10.067756 -16.059808 65.923019 -0.274400 0.004700 -0.000000 -12.404525 0.210816 70.035189 -0.272600 -0.004700 -0.000000 -54.232966 12.361538 17.213000 -0.113505 -0.046028 -0.002000 -0.000004 -0.000004 -0.000069 -0.037675 -0.006459 -0.000000 -0.000014 -0.000000 0.000035 -0.027201 -0.005757 0.000000 0.000004 -0.000005 0.000035 -0.023662 -0.004705 0.000000 0.000000 0.000001 0.000000 -0.118041 -0.020533 0.000401 -0.001880 -4.293130 -3.601495 -0.041479 -0.001286 0.000000 1.306985 -16.860740 1.387922 -0.033079 -0.003702 0.000000 1.598644 -18.049697 0.253875 -0.032483 -0.002781 -0.000000 -0.000000 0.000005 -0.000000 -0.109891 0.035598 -0.001600 -0.854463 -9.493778 -6.881627 -0.035819 0.001057 0.000000 -4.784809 -24.521062 0.242741 -0.025683 0.002448 0.000000 -2.095785 -14.330630 0.339664 -0.026731 0.002448 0.000000 -0.000000 -0.000002 0.000001 -0.115267 0.008064 0.000101 -1.437967 -10.436485 -11.262411 -0.036562 0.001400 -0.000000 -1.861886 -24.156168 3.811308 -0.033090 0.000552 0.000000 -1.874322 -16.655930 -2.464602 -0.029610 0.000105 0.000000 0.000000 -0.000002 -0.000001 -0.027300 -0.033600 -0.022800 -0.000023 0.000015 0.000028 -0.035686 -0.025978 -0.023293 2.389063 1.740916 -3.319280 -0.032563 -0.021217 -0.020255 7.972613 4.941048 -10.468814 -0.022147 -0.013447 -0.013949 0.000015 -0.000006 0.000011 0.089000 -0.051500 0.015400 -86.822728 -10.044055 -9.637954 -0.000000 0.002800 -0.400300 80.377823 10.768742 1.877309 -0.000000 0.034400 -0.428100 6.321529 -0.731923 -10.161435 0.000000 -0.149000 -0.088500 -0.000000 0.000002 -0.000005 -0.000000 -0.078900 -0.000000 0.000000 0.000000 -0.000000 -0.089000 -0.051500 0.015400 -85.922933 4.775472 4.510269 0.000000 0.002800 -0.400300 79.278504 5.092091 0.985565 -0.000000 0.034400 -0.428100 6.548890 -10.009453 0.795168 -0.000000 -0.149000 -0.088500 -0.000002 0.000002 -0.000001 -0.000000 -0.078900 -0.000000 0.000000 -0.000000 -0.000000 
0.000000 0.000000 0.000000 -0.000000 0.000000 -0.000000 0.002794 0.331499 0.541539 0.000010 0.000000 0.000000 -0.000000 -0.034500 0.133800 0.000000 -0.000000 0.000000 -0.000000 -0.015200 0.123100 9.368427 -0.313338 0.059479 -0.000000 0.004500 0.141200 9.368683 -0.281612 0.163814 0.000000 0.035467 0.161600 -9.368389 0.318680 0.055206 0.000000 -0.045467 0.092300 -0.000003 0.000000 -0.000000 0.000000 -0.002685 0.082543 0.000001 0.000000 -0.000000 0.018800 -0.076300 0.143100 -2.367511 1.384157 -6.167381 0.173100 0.136800 -0.017100 15.161497 26.611238 -60.699714 0.274400 0.004700 0.000000 -15.765975 -0.266680 -60.730408 0.272600 -0.004700 -0.000000 -55.644899 26.780157 -15.889020 0.113505 -0.046028 -0.002000 0.000009 -0.000015 -0.000033 0.037675 -0.006459 0.000000 -0.000016 -0.000003 0.000024 0.027202 -0.005757 -0.000000 -0.000000 0.000004 0.000045 0.023662 -0.004706 0.000000 -0.000002 -0.000002 -0.000002 0.118041 -0.020533 0.000400 -0.938516 26.817486 7.486184 0.041478 -0.001286 -0.000000 3.362877 39.014211 -4.840594 0.033079 -0.003702 0.000000 1.501486 17.018222 -0.224552 0.032483 -0.002781 0.000000 0.000001 -0.000001 -0.000002 0.109890 0.035598 -0.001600 -1.459286 38.306710 0.818829 0.035819 0.001057 0.000000 -7.946832 35.867116 0.578705 0.025683 0.002448 0.000000 -3.290101 28.166326 0.270174 0.026731 0.002447 0.000000 -0.000002 -0.000001 -0.000004 0.115266 0.008064 0.000100 -5.123866 37.216529 10.753841 0.036562 0.001400 0.000000 -0.752507 35.838508 -3.201262 0.033091 0.000552 0.000000 -2.040700 30.049175 2.147680 0.029610 0.000105 -0.000000 0.000002 -0.000000 0.000001 0.027300 -0.033600 -0.022800 -0.980218 -2.227773 0.927570 0.035686 -0.025978 -0.023293 3.475696 -2.498608 2.665867 0.032562 -0.021217 -0.020255 7.972592 -4.941017 10.468777 0.022147 -0.013446 -0.013949 0.000008 0.000007 0.000014 -0.018800 -0.076300 0.143100 -1.755339 -1.720531 -5.728481 -0.173100 0.136800 -0.017100 10.682015 -16.983508 66.069438 -0.274400 0.004700 0.000000 -12.480304 0.212095 70.235600 -0.272600 -0.004700 -0.000000 -52.483419 12.113381 17.921568 -0.113505 -0.046028 -0.002000 0.000003 0.000049 0.000033 -0.037675 -0.006459 -0.000000 -0.000014 0.000012 -0.000090 -0.027201 -0.005757 0.000000 -0.000002 -0.000001 0.000123 -0.023662 -0.004706 0.000000 -0.000000 -0.000000 0.000002 -0.118041 -0.020533 0.000401 -0.050058 -5.490607 -4.595282 -0.041479 -0.001286 -0.000000 1.339778 -18.595767 1.772925 -0.033079 -0.003702 0.000000 1.343718 -15.318465 0.180768 -0.032483 -0.002781 -0.000000 -0.000003 0.000008 0.000001 -0.109891 0.035598 -0.001600 -1.021001 -11.911398 -6.382704 -0.035819 0.001057 0.000000 -5.020017 -24.498987 0.244828 -0.025683 0.002448 0.000000 -2.095784 -14.330604 0.339663 -0.026731 0.002448 0.000000 -0.000001 0.000000 0.000000 -0.115267 0.008064 0.000101 -1.756709 -12.758880 -11.230952 -0.036562 0.001400 -0.000000 -1.685546 -24.159081 3.811252 -0.033090 0.000552 0.000000 -1.874315 -16.655828 -2.464576 -0.029610 0.000105 0.000000 -0.000000 -0.000000 0.000000 -0.027300 -0.033600 -0.022800 0.000028 0.000003 -0.000026 -0.035686 -0.025978 -0.023293 2.388975 1.740941 -3.319161 -0.032563 -0.021217 -0.020255 7.972613 4.941062 -10.468823 -0.022147 -0.013447 -0.013949 0.000014 -0.000002 0.000012 0.089000 -0.051500 0.015400 -86.822728 -10.044055 -9.637954 -0.000000 0.002800 -0.400300 80.377823 10.768742 1.877309 -0.000000 0.034400 -0.428100 6.321529 -0.731923 -10.161435 0.000000 -0.149000 -0.088500 -0.000000 0.000002 -0.000005 -0.000000 -0.078900 -0.000000 0.000000 0.000000 -0.000000 -0.089000 -0.051500 0.015400 -85.941156 4.882203 4.612553 0.000000 0.002800 -0.400300 79.282104 4.881511 0.944016 0.000000 0.034400 -0.428100 6.569522 -9.903778 0.914626 -0.000000 -0.149000 -0.088500 -0.000004 0.000002 -0.000001 -0.000000 -0.078900 -0.000000 -0.000000 0.000000 -0.000000 
0.000000 0.000000 0.000000 -0.000000 0.000000 -0.000000 0.002794 0.331499 0.541539 0.000010 0.000000 0.000000 -0.000000 -0.034500 0.133800 0.000000 -0.000000 0.000000 -0.000000 -0.015200 0.123100 8.838233 -0.429149 0.073094 -0.000000 0.004500 0.141200 8.838663 -0.391358 0.204267 -0.000000 0.035467 0.161600 -8.838210 0.431323 0.085035 0.000000 -0.045467 0.092300 -0.000001 -0.000000 0.000000 0.000000 -0.002685 0.082543 -0.000001 -0.000000 -0.000000 0.018800 -0.076300 0.143100 -2.367509 1.384157 -6.167378 0.173100 0.136800 -0.017100 16.265093 28.507101 -60.680316 0.274400 0.004700 0.000000 -16.597679 -0.280379 -61.536453 0.272600 -0.004700 -0.000000 -52.881483 27.730080 -16.317771 0.113505 -0.046028 -0.002000 0.000008 -0.000018 -0.000036 0.037675 -0.006459 -0.000000 -0.000016 -0.000005 0.000021 0.027202 -0.005757 -0.000000 0.000001 0.000008 0.000042 0.023662 -0.004706 0.000000 -0.000003 0.000000 -0.000000 0.118041 -0.020533 0.000400 -0.887611 30.590604 6.795580 0.041478 -0.001286 -0.000000 3.953728 41.771029 -5.084798 0.033078 -0.003702 0.000000 1.924402 21.418104 -0.363818 0.032483 -0.002781 0.000000 -0.000000 -0.000005 -0.000001 0.109890 0.035598 -0.001600 -1.298853 41.622746 0.035262 0.035819 0.001057 0.000000 -8.467504 38.832784 0.873760 0.025683 0.002448 0.000000 -3.661938 31.741607 0.505635 0.026731 0.002447 0.000000 0.000001 -0.000003 -0.000003 0.115267 0.008064 0.000100 -5.457505 40.196025 10.457077 0.036562 0.001400 0.000000 -0.800982 38.861106 -3.032371 0.033091 0.000552 0.000000 -2.058234 33.513341 2.075996 0.029609 0.000105 -0.000000 0.000001 0.000001 -0.000000 0.027300 -0.033600 -0.022800 -1.423720 -1.104918 -0.935851 0.035686 -0.025979 -0.023293 3.597292 -2.584487 2.593356 0.032563 -0.021217 -0.020255 7.972589 -4.941016 10.468772 0.022147 -0.013446 -0.013949 0.000002 0.000006 0.000018 -0.018800 -0.076300 0.143100 -1.755337 -1.720531 -5.728479 -0.173100 0.136800 -0.017100 11.362235 -17.974126 66.303351 -0.274400 0.004700 -0.000000 -12.534015 0.212976 70.284163 -0.272600 -0.004700 -0.000000 -50.696669 11.765820 18.578343 -0.113505 -0.046028 -0.002000 -0.000011 0.000009 0.000073 -0.037675 -0.006459 -0.000000 -0.000014 0.000007 0.000012 -0.027201 -0.005757 0.000000 -0.000001 -0.000008 -0.000030 -0.023662 -0.004705 0.000000 0.000000 -0.000002 0.000004 -0.118041 -0.020533 0.000401 -0.120318 -6.710549 -5.602840 -0.041479 -0.001286 0.000000 1.377102 -20.362515 2.181002 -0.033079 -0.003702 0.000000 1.090872 -12.537398 0.119850 -0.032483 -0.002781 -0.000000 0.000001 0.000010 -0.000002 -0.109891 0.035598 -0.001600 -1.168396 -14.373496 -5.865243 -0.035819 0.001057 0.000000 -5.239893 -24.478420 0.246824 -0.025683 0.002448 0.000000 -2.095772 -14.330647 0.339692 -0.026731 0.002448 0.000000 0.000001 0.000001 0.000000 -0.115267 0.008064 0.000101 -2.086378 -15.120850 -11.238181 -0.036562 0.001400 0.000000 -1.495731 -24.162252 3.811156 -0.033090 0.000552 0.000000 -1.874311 -16.655864 -2.464568 -0.029610 0.000105 0.000000 0.000000 0.000001 0.000000 -0.027300 -0.033600 -0.022800 0.000039 0.000001 -0.000038 -0.035686 -0.025978 -0.023293 2.388987 1.740925 -3.319194 -0.032563 -0.021217 -0.020255 7.972608 4.941061 -10.468817 -0.022147 -0.013446 -0.013949 0.000012 -0.000001 0.000013 0.089000 -0.051500 0.015400 -86.822728 -10.044055 -9.637954 -0.000000 0.002800 -0.400300 80.377823 10.768742 1.877309 -0.000000 0.034400 -0.428100 6.321529 -0.731923 -10.161435 0.000000 -0.149000 -0.088500 -0.000000 0.000002 -0.000005 -0.000000 -0.078900 -0.000000 0.000000 0.000000 -0.000000 -0.089000 -0.051500 0.015400 -85.961387 5.002025 4.727441 0.000000 0.002800 -0.400300 79.285977 4.645109 0.897398 0.000000 0.034400 -0.428100 6.592388 -9.785139 1.048606 -0.000000 -0.149000 -0.088500 0.000000 0.000002 -0.000000 -0.000000 -0.078900 -0.000000 0.000000 -0.000000 -0.000000 
0.000000 0.000000 0.000000 -0.000000 0.000000 -0.000000 0.002794 0.331499 0.541539 0.000010 0.000000 0.000000 -0.000000 -0.034500 0.133800 0.000000 -0.000000 0.000000 -0.000000 -0.015200 0.123100 8.520452 -0.498745 0.080233 -0.000000 0.004500 0.141200 8.521007 -0.457838 0.226567 0.000000 0.035467 0.161600 -8.520432 0.498672 0.103404 0.000000 -0.045467 0.092300 -0.000001 0.000000 -0.000000 -0.000000 -0.002685 0.082543 -0.000000 0.000000 0.000000 0.018800 -0.076300 0.143100 -2.367511 1.384158 -6.167371 0.173100 0.136800 -0.017100 17.206806 30.334725 -60.296049 0.274400 0.004700 0.000000 -17.198538 -0.290188 -63.194631 0.272600 -0.004700 -0.000000 -50.338976 28.274024 -16.637021 0.113505 -0.046028 -0.002000 0.000009 -0.000017 -0.000035 0.037675 -0.006459 -0.000000 -0.000014 -0.000001 0.000022 0.027201 -0.005757 -0.000000 0.000002 0.000006 0.000047 0.023662 -0.004706 0.000000 0.000001 0.000007 -0.000000 0.118040 -0.020533 0.000400 -0.778670 34.589523 6.051252 0.041479 -0.001286 -0.000000 4.658321 44.689289 -5.398059 0.033079 -0.003702 -0.000000 2.401733 26.081909 -0.556255 0.032483 -0.002781 0.000000 0.000001 0.000000 -0.000003 0.109890 0.035598 -0.001600 -1.045884 45.136492 -0.864868 0.035819 0.001057 0.000000 -9.037221 41.977581 1.234733 0.025683 0.002448 -0.000000 -4.097507 35.530439 0.801659 0.026731 0.002448 0.000000 -0.000003 -0.000001 -0.000003 0.115266 0.008064 0.000100 -5.798852 43.357228 10.136318 0.036562 0.001400 0.000000 -0.849198 42.068894 -2.843059 0.033090 0.000552 -0.000000 -2.065628 37.186357 2.002721 0.029609 0.000105 -0.000000 -0.000002 -0.000001 0.000000 0.027300 -0.033600 -0.022800 -1.798286 -0.045214 -2.656905 0.035686 -0.025978 -0.023293 3.685455 -2.646932 2.540846 0.032563 -0.021217 -0.020255 7.972590 -4.941022 10.468780 0.022147 -0.013446 -0.013949 0.000005 0.000005 0.000012 -0.018800 -0.076300 0.143100 -1.755340 -1.720532 -5.728486 -0.173100 0.136800 -0.017100 11.762474 -18.597429 66.312777 -0.274400 0.004700 -0.000000 -12.653022 0.215004 70.709759 -0.272600 -0.004700 -0.000000 -49.319509 11.683092 19.323471 -0.113505 -0.046028 -0.002000 0.000006 0.000051 0.000039 -0.037675 -0.006459 -0.000000 -0.000014 -0.000002 -0.000033 -0.027201 -0.005757 0.000000 -0.000001 -0.000005 0.000065 -0.023662 -0.004706 0.000000 0.000000 -0.000002 0.000009 -0.118041 -0.020533 0.000401 -0.209977 -7.909331 -6.588049 -0.041479 -0.001286 0.000000 1.418791 -22.097779 2.598926 -0.033079 -0.003702 0.000000 0.847787 -9.805665 0.072675 -0.032483 -0.002781 -0.000000 0.000001 0.000011 0.000001 -0.109890 0.035598 -0.001600 -1.290668 -16.792049 -5.347244 -0.035819 0.001057 0.000000 -5.436616 -24.460021 0.248765 -0.025683 0.002448 0.000000 -2.095787 -14.330644 0.339559 -0.026731 0.002448 -0.000000 0.000000 -0.000000 0.000001 -0.115267 0.008064 0.000101 -2.417941 -17.437458 -11.285475 -0.036562 0.001400 0.000000 -1.299333 -24.165551 3.811041 -0.033090 0.000552 0.000000 -1.874300 -16.655867 -2.464537 -0.029610 0.000105 0.000000 -0.000000 -0.000000 0.000000 -0.027300 -0.033600 -0.022800 0.000024 -0.000012 -0.000003 -0.035686 -0.025978 -0.023293 2.388965 1.740948 -3.319170 -0.032563 -0.021217 -0.020255 7.972620 4.941050 -10.468808 -0.022147 -0.013447 -0.013949 0.000010 -0.000003 0.000008 0.089000 -0.051500 0.015400 -86.822728 -10.044055 -9.637954 -0.000000 0.002800 -0.400300 80.377823 10.768742 1.877309 -0.000000 0.034400 -0.428100 6.321529 -0.731923 -10.161435 0.000000 -0.149000 -0.088500 -0.000000 0.000002 -0.000005 -0.000000 -0.078900 -0.000000 0.000000 0.000000 -0.000000 -0.089000 -0.051500 0.015400 -85.983407 5.134051 4.854106 -0.000000 0.002800 -0.400300 79.290040 4.384626 0.846075 -0.000000 0.034400 -0.428100 6.617263 -9.654396 1.196060 -0.000000 -0.149000 -0.088500 -0.000000 0.000002 -0.000001 -0.000000 -0.078900 -0.000000 -0.000000 0.000000 0.000000 
0.000000 0.000000 0.000000 -0.000000 0.000000 -0.000000 0.002794 0.331499 0.541539 0.000010 0.000000 0.000000 -0.000000 -0.034500 0.133800 0.000000 -0.000000 0.000000 -0.000000 -0.015200 0.123100 8.437397 -0.516952 0.081971 -0.000000 0.004500 0.141200 8.438018 -0.475297 0.232156 0.000000 0.035467 0.161600 -8.437415 0.516251 0.108265 -0.000000 -0.045467 0.092300 0.000003 -0.000000 0.000000 0.000000 -0.002685 0.082543 0.000000 -0.000000 -0.000000 0.018800 -0.076300 0.143100 -2.367510 1.384157 -6.167375 0.173100 0.136800 -0.017100 17.868227 31.861217 -59.650808 0.274400 0.004700 -0.000000 -17.597766 -0.296764 -65.401288 0.272600 -0.004700 -0.000000 -48.226829 28.449172 -16.826844 0.113505 -0.046028 -0.002000 0.000008 -0.000020 -0.000033 0.037675 -0.006459 -0.000000 -0.000015 -0.000001 0.000025 0.027202 -0.005757 -0.000000 0.000001 0.000009 0.000042 0.023662 -0.004706 0.000000 -0.000003 0.000002 -0.000003 0.118041 -0.020533 0.000400 -0.601167 38.749268 5.260213 0.041478 -0.001286 -0.000000 5.488843 47.720063 -5.793927 0.033079 -0.003702 0.000000 2.940690 30.933223 -0.813639 0.032483 -0.002781 0.000000 0.000000 0.000001 -0.000003 0.109890 0.035598 -0.001600 -0.674790 48.790193 -1.893249 0.035819 0.001057 -0.000000 -9.659309 45.250160 1.673776 0.025683 0.002448 0.000000 -4.606764 39.470324 1.170435 0.026731 0.002448 0.000000 -0.000003 -0.000000 -0.000003 0.115267 0.008064 0.000100 -6.141486 46.649157 9.798692 0.036562 0.001400 0.000000 -0.898341 45.410086 -2.631074 0.033090 0.000552 0.000000 -2.060941 41.008405 1.928541 0.029609 0.000105 -0.000000 0.000000 0.000000 -0.000000 0.027300 -0.033600 -0.022800 -2.095879 0.888038 -4.148252 0.035686 -0.025978 -0.023294 3.742907 -2.687690 2.506621 0.032563 -0.021217 -0.020255 7.972590 -4.941015 10.468774 0.022147 -0.013446 -0.013949 -0.000000 0.000011 0.000012 -0.018800 -0.076300 0.143100 -1.755340 -1.720531 -5.728484 -0.173100 0.136800 -0.017100 11.852052 -18.818664 66.085755 -0.274400 0.004700 -0.000000 -12.830031 0.217931 71.501337 -0.272600 -0.004700 -0.000000 -48.423360 11.887178 20.105410 -0.113505 -0.046028 -0.002000 -0.000002 0.000028 -0.000031 -0.037675 -0.006459 -0.000000 -0.000012 -0.000002 0.000001 -0.027202 -0.005757 0.000000 -0.000001 -0.000001 0.000050 -0.023661 -0.004705 0.000000 -0.000001 -0.000003 0.000003 -0.118041 -0.020533 0.000401 -0.313654 -9.043492 -7.515763 -0.041479 -0.001286 0.000000 1.464082 -23.738362 3.011329 -0.033079 -0.003702 0.000000 0.621605 -7.222320 0.039064 -0.032483 -0.002781 -0.000000 0.000002 0.000008 0.000001 -0.109891 0.035598 -0.001600 -1.385244 -19.079505 -4.848187 -0.035819 0.001057 0.000000 -5.605099 -24.444281 0.250344 -0.025683 0.002448 0.000000 -2.095767 -14.330601 0.339691 -0.026731 0.002448 0.000000 0.000001 0.000000 0.000001 -0.115267 0.008064 0.000100 -2.741529 -19.624827 -11.368856 -0.036562 0.001400 -0.000000 -1.104555 -24.168766 3.811110 -0.033090 0.000552 0.000000 -1.874325 -16.655888 -2.464508 -0.029610 0.000105 0.000000 -0.000000 -0.000001 -0.000001 -0.027300 -0.033600 -0.022800 -0.000052 0.000020 0.000068 -0.035686 -0.025978 -0.023293 2.389052 1.740903 -3.319246 -0.032563 -0.021217 -0.020255 7.972619 4.941056 -10.468818 -0.022147 -0.013446 -0.013949 0.000010 0.000001 0.000012 0.089000 -0.051500 0.015400 -86.822728 -10.044055 -9.637954 -0.000000 0.002800 -0.400300 80.377823 10.768742 1.877309 -0.000000 0.034400 -0.428100 6.321529 -0.731923 -10.161435 0.000000 -0.149000 -0.088500 -0.000000 0.000002 -0.000005 -0.000000 -0.078900 -0.000000 0.000000 0.000000 -0.000000 -0.089000 -0.051500 0.015400 -86.006910 5.277400 4.991703 0.000000 0.002800 -0.400300 79.294152 4.101822 0.790394 -0.000000 0.034400 -0.428100 6.643863 -9.512441 1.355961 -0.000000 -0.149000 -0.088500 0.000002 0.000002 -0.000001 -0.000000 -0.078900 -0.000000 0.000000 0.000000 0.000000 
0.000000 0.000000 0.000000 -0.000000 0.000000 -0.000000 0.002794 0.331499 0.541539 0.000010 0.000000 0.000000 -0.000000 -0.034500 0.133800 0.000000 -0.000000 0.000000 -0.000000 -0.015200 0.123100 8.465924 -0.515063 0.081974 -0.000000 0.004500 0.141200 8.466552 -0.473388 0.231924 0.000000 0.035467 0.161600 -8.465933 0.514495 0.107690 -0.000000 -0.045467 0.092300 -0.000001 -0.000000 -0.000000 0.000000 -0.002685 0.082543 0.000000 0.000000 0.000000 0.018800 -0.076300 0.143100 -2.367511 1.384157 -6.167376 0.173100 0.136800 -0.017100 18.332726 33.094777 -58.975303 0.274400 0.004700 -0.000000 -17.821746 -0.300400 -67.558146 0.272600 -0.004700 -0.000000 -46.599437 28.461313 -16.915138 0.113505 -0.046028 -0.002000 0.000009 -0.000021 -0.000035 0.037675 -0.006459 -0.000000 -0.000015 -0.000001 0.000021 0.027202 -0.005757 -0.000000 -0.000001 0.000009 0.000043 0.023662 -0.004706 0.000000 0.000000 -0.000002 -0.000003 0.118040 -0.020533 0.000400 -0.345455 43.004480 4.427668 0.041479 -0.001286 -0.000000 6.457737 50.814685 -6.286809 0.033079 -0.003702 -0.000000 3.552311 35.895489 -1.150771 0.032483 -0.002781 0.000000 -0.000002 0.000001 -0.000001 0.109891 0.035598 -0.001600 -0.154950 52.525316 -3.067028 0.035819 0.001057 0.000000 -10.341255 48.598732 2.205328 0.025683 0.002448 -0.000000 -5.203199 43.498985 1.627384 0.026731 0.002448 0.000000 -0.000003 -0.000000 -0.000003 0.115267 0.008064 0.000100 -6.480388 50.020508 9.452303 0.036562 0.001400 0.000000 -0.952002 48.832653 -2.392320 0.033090 0.000552 -0.000000 -2.042704 44.919979 1.853712 0.029609 0.000105 -0.000000 -0.000002 0.000002 0.000000 0.027300 -0.033600 -0.022800 -2.312802 1.631251 -5.322633 0.035686 -0.025978 -0.023293 3.775688 -2.710925 2.487144 0.032563 -0.021217 -0.020255 7.972585 -4.941014 10.468779 0.022147 -0.013446 -0.013949 0.000005 0.000012 0.000016 -0.018800 -0.076300 0.143100 -1.755341 -1.720531 -5.728486 -0.173100 0.136800 -0.017100 11.794111 -18.831484 65.795936 -0.274400 0.004700 0.000000 -13.008271 0.220914 72.325809 -0.272600 -0.004700 -0.000000 -47.856847 12.186105 20.776437 -0.113505 -0.046028 -0.002000 -0.000016 0.000017 0.000054 -0.037675 -0.006459 -0.000000 -0.000010 -0.000009 -0.000055 -0.027201 -0.005757 0.000000 -0.000001 -0.000000 -0.000059 -0.023662 -0.004705 0.000000 -0.000000 0.000001 0.000001 -0.118041 -0.020533 0.000401 -0.423117 -10.069394 -8.351040 -0.041479 -0.001286 0.000000 1.510923 -25.221327 3.399556 -0.033079 -0.003702 -0.000000 0.419354 -4.886458 0.017780 -0.032483 -0.002781 -0.000000 -0.000001 0.000007 -0.000001 -0.109891 0.035597 -0.001600 -1.452603 -21.148052 -4.388975 -0.035819 0.001057 0.000000 -5.742649 -24.431406 0.251802 -0.025683 0.002448 0.000000 -2.095780 -14.330647 0.339619 -0.026731 0.002448 0.000000 0.000002 -0.000001 -0.000000 -0.115267 0.008064 0.000101 -3.044799 -21.599317 -11.478089 -0.036562 0.001400 -0.000000 -0.921046 -24.171935 3.810772 -0.033090 0.000552 0.000000 -1.874279 -16.655802 -2.464319 -0.029610 0.000105 0.000000 0.000001 -0.000000 -0.000000 -0.027300 -0.033600 -0.022800 -0.000010 0.000015 0.000018 -0.035686 -0.025978 -0.023293 2.389025 1.740916 -3.319218 -0.032563 -0.021217 -0.020255 7.972612 4.941063 -10.468806 -0.022147 -0.013447 -0.013949 0.000015 -0.000004 0.000009 0.089000 -0.051500 0.015400 -86.822728 -10.044055 -9.637954 -0.000000 0.002800 -0.400300 80.377823 10.768742 1.877309 -0.000000 0.034400 -0.428100 6.321529 -0.731923 -10.161435 0.000000 -0.149000 -0.088500 -0.000000 0.000002 -0.000005 -0.000000 -0.078900 -0.000000 0.000000 0.000000 -0.000000 -0.089000 -0.051500 0.015400 -86.031690 5.431177 5.139402 -0.000000 0.002800 -0.400300 79.298244 3.798446 0.730707 -0.000000 0.034400 -0.428100 6.671899 -9.360134 1.527275 -0.000000 -0.149000 -0.088500 0.000001 0.000002 -0.000001 -0.000000 -0.078900 -0.000000 -0.000000 0.000000 -0.000000 
0.000000 0.000000 0.000000 -0.000000 0.000000 -0.000000 0.002794 0.331499 0.541539 0.000010 0.000000 0.000000 -0.000000 -0.034500 0.133800 0.000000 -0.000000 0.000000 0.000000 -0.015200 0.123100 8.547129 -0.509582 0.081959 -0.000000 0.004500 0.141200 8.547709 -0.467865 0.231211 -0.000000 0.035467 0.161600 -8.547111 0.509401 0.106032 -0.000000 -0.045467 0.092300 -0.000001 0.000000 0.000000 0.000000 -0.002685 0.082543 -0.000001 0.000000 -0.000000 0.018800 -0.076300 0.143100 -2.367510 1.384157 -6.167378 0.173100 0.136800 -0.017100 18.593045 33.912077 -58.424461 0.274400 0.004700 0.000000 -17.916409 -0.301896 -69.226822 0.272600 -0.004700 -0.000000 -45.564018 28.390072 -16.943543 0.113505 -0.046028 -0.002000 0.000009 -0.000015 -0.000032 0.037675 -0.006459 0.000000 -0.000014 -0.000002 0.000025 0.027201 -0.005757 0.000000 0.000000 0.000006 0.000048 0.023662 -0.004706 0.000000 -0.000000 0.000003 -0.000003 0.118041 -0.020533 0.000400 -0.003135 47.290116 3.557968 0.041479 -0.001286 -0.000000 7.578617 53.924303 -6.894119 0.033079 -0.003702 0.000000 4.251510 40.892059 -1.585329 0.032483 -0.002781 0.000000 0.000001 -0.000000 -0.000003 0.109891 0.035597 -0.001600 0.550677 56.283142 -4.410587 0.035819 0.001057 -0.000000 -11.095237 51.971265 2.847017 0.025683 0.002448 -0.000000 -5.903668 47.553683 2.191136 0.026731 0.002447 -0.000000 -0.000002 -0.000001 -0.000001 0.115267 0.008064 0.000100 -6.812694 53.419746 9.107379 0.036562 0.001400 0.000000 -1.015487 52.284453 -2.121769 0.033091 0.000552 -0.000000 -2.009743 48.861295 1.777638 0.029609 0.000105 -0.000000 -0.000000 -0.000000 0.000000 0.027300 -0.033600 -0.022800 -2.446743 2.121727 -6.092259 0.035686 -0.025978 -0.023293 3.791155 -2.721900 2.477954 0.032562 -0.021217 -0.020255 7.972588 -4.941017 10.468773 0.022147 -0.013446 -0.013949 0.000002 0.000006 0.000017 -0.018800 -0.076300 0.143100 -1.755338 -1.720531 -5.728486 -0.173100 0.136800 -0.017100 11.667344 -18.723152 65.538677 -0.274400 0.004700 0.000000 -13.155533 0.223370 72.991411 -0.272600 -0.004700 -0.000000 -47.570345 12.475478 21.245638 -0.113505 -0.046028 -0.002000 0.000006 0.000006 0.000048 -0.037675 -0.006459 -0.000000 -0.000009 -0.000018 -0.000045 -0.027201 -0.005757 0.000000 0.000001 -0.000007 -0.000018 -0.023662 -0.004705 0.000000 0.000000 0.000000 0.000001 -0.118041 -0.020533 0.000401 -0.528128 -10.943395 -9.060018 -0.041479 -0.001286 -0.000000 1.556188 -26.483606 3.743169 -0.033079 -0.003702 0.000000 0.248247 -2.897232 0.006181 -0.032483 -0.002781 -0.000000 -0.000002 0.000009 -0.000001 -0.109890 0.035598 -0.001600 -1.495916 -22.909761 -3.991552 -0.035819 0.001057 0.000000 -5.848714 -24.421487 0.252807 -0.025683 0.002448 0.000000 -2.095759 -14.330647 0.339672 -0.026731 0.002448 0.000000 0.000001 -0.000000 0.000002 -0.115267 0.008064 0.000101 -3.312935 -23.278118 -11.598124 -0.036562 0.001400 0.000000 -0.759084 -24.174623 3.810823 -0.033091 0.000553 0.000000 -1.874282 -16.655811 -2.464463 -0.029610 0.000105 0.000000 0.000002 0.000000 -0.000000 -0.027300 -0.033600 -0.022800 -0.000013 -0.000001 0.000018 -0.035686 -0.025978 -0.023293 2.389031 1.740910 -3.319220 -0.032563 -0.021217 -0.020255 7.972636 4.941048 -10.468853 -0.022147 -0.013447 -0.013949 0.000008 -0.000001 0.000013 0.089000 -0.051500 0.015400 -86.822728 -10.044055 -9.637954 -0.000000 0.002800 -0.400300 80.377823 10.768742 1.877309 -0.000000 0.034400 -0.428100 6.321529 -0.731923 -10.161435 0.000000 -0.149000 -0.088500 -0.000000 0.000002 -0.000005 -0.000000 -0.078900 -0.000000 0.000000 0.000000 -0.000000 -0.089000 -0.051500 0.015400 -86.057535 5.594491 5.296358 0.000000 0.002800 -0.400300 79.302314 3.476249 0.667363 -0.000000 0.034400 -0.428100 6.701166 -9.198369 1.708969 -0.000000 -0.149000 -0.088500 -0.000002 0.000002 -0.000001 -0.000000 -0.078900 -0.000000 0.000000 0.000000 0.000000 
0.000000 0.000000 0.000000 -0.000000 0.000000 -0.000000 0.002794 0.331499 0.541539 0.000010 0.000000 0.000000 -0.000000 -0.034500 0.133800 0.000000 -0.000000 0.000000 0.000000 -0.015200 0.123100 8.674404 -0.500797 0.081875 -0.000000 0.004500 0.141200 8.674975 -0.459028 0.229949 -0.000000 0.035467 0.161600 -8.674402 0.501211 0.103398 0.000000 -0.045467 0.092300 0.000002 -0.000000 0.000000 -0.000000 -0.002685 0.082543 -0.000001 0.000000 0.000000 0.018800 -0.076300 0.143100 -2.367510 1.384157 -6.167378 0.173100 0.136800 -0.017100 18.568342 34.080018 -58.110068 0.274400 0.004700 -0.000000 -17.944186 -0.302387 -70.072864 0.272600 -0.004700 -0.000000 -45.274872 28.230473 -16.951344 0.113505 -0.046028 -0.002000 0.000009 -0.000017 -0.000034 0.037675 -0.006459 -0.000000 -0.000014 -0.000001 0.000027 0.027202 -0.005757 -0.000000 0.000001 0.000008 0.000047 0.023662 -0.004706 0.000000 -0.000000 0.000004 0.000002 0.118041 -0.020533 0.000400 0.433358 51.540922 2.653239 0.041478 -0.001286 -0.000000 8.865072 57.000316 -7.634399 0.033079 -0.003702 0.000000 5.058527 45.845988 -2.140074 0.032483 -0.002781 0.000000 -0.000001 0.000001 -0.000004 0.109891 0.035597 -0.001600 1.488383 60.004407 -5.958499 0.035819 0.001057 0.000000 -11.938542 55.315438 3.619416 0.025683 0.002448 0.000000 -6.729427 51.571504 2.883961 0.026731 0.002448 -0.000000 -0.000002 -0.000001 -0.000002 0.115267 0.008064 0.000100 -7.137654 56.795256 8.775442 0.036562 0.001400 0.000000 -1.097044 55.713051 -1.812284 0.033091 0.000552 -0.000000 -1.960988 52.772623 1.699329 0.029610 0.000105 -0.000000 0.000001 0.000002 -0.000002 0.027300 -0.033600 -0.022800 -2.493274 2.298409 -6.368637 0.035686 -0.025979 -0.023293 3.795563 -2.725021 2.475386 0.032562 -0.021217 -0.020255 7.972589 -4.941022 10.468776 0.022147 -0.013446 -0.013949 -0.000000 0.000002 0.000014 -0.018800 -0.076300 0.143100 -1.755339 -1.720530 -5.728484 -0.173100 0.136800 -0.017100 11.483934 -18.505976 65.329653 -0.274400 0.004700 -0.000000 -13.252932 0.224973 73.446581 -0.272600 -0.004700 -0.000000 -47.598345 12.732281 21.459850 -0.113505 -0.046028 -0.002000 -0.000016 0.000015 0.000000 -0.037675 -0.006459 -0.000000 -0.000014 -0.000012 -0.000020 -0.027202 -0.005757 0.000000 -0.000000 0.000000 -0.000001 -0.023662 -0.004705 0.000000 -0.000000 0.000001 0.000006 -0.118041 -0.020533 0.000401 -0.617021 -11.621697 -9.608305 -0.041479 -0.001286 0.000000 1.595035 -27.462698 4.018081 -0.033079 -0.003702 0.000000 0.115911 -1.353667 0.001428 -0.032483 -0.002781 -0.000000 0.000001 0.000009 0.000000 -0.109891 0.035598 -0.001600 -1.520330 -24.276818 -3.679069 -0.035819 0.001057 0.000000 -5.923888 -24.414412 0.253761 -0.025683 0.002448 0.000000 -2.095799 -14.330667 0.339641 -0.026731 0.002448 -0.000000 0.000002 0.000000 -0.000000 -0.115267 0.008064 0.000101 -3.528156 -24.578767 -11.708911 -0.036562 0.001400 0.000000 -0.629965 -24.176730 3.810909 -0.033091 0.000553 0.000000 -1.874335 -16.655888 -2.464635 -0.029610 0.000105 0.000000 -0.000001 0.000000 -0.000000 -0.027300 -0.033600 -0.022800 0.000019 -0.000008 -0.000006 -0.035686 -0.025978 -0.023293 2.388965 1.740945 -3.319171 -0.032563 -0.021217 -0.020255 7.972654 4.941038 -10.468861 -0.022147 -0.013447 -0.013949 0.000007 -0.000001 0.000013 0.089000 -0.051500 0.015400 -86.822728 -10.044055 -9.637954 -0.000000 0.002800 -0.400300 80.377823 10.768742 1.877309 -0.000000 0.034400 -0.428100 6.321529 -0.731923 -10.161435 0.000000 -0.149000 -0.088500 -0.000000 0.000002 -0.000005 -0.000000 -0.078900 -0.000000 0.000000 0.000000 -0.000000 -0.089000 -0.051500 0.015400 -86.084194 5.766458 5.461732 0.000000 0.002800 -0.400300 79.306105 3.136997 0.600714 -0.000000 0.034400 -0.428100 6.731377 -9.028022 1.900013 -0.000000 -0.149000 -0.088500 -0.000002 0.000002 -0.000000 -0.000000 -0.078900 -0.000000 0.000000 0.000000 -0.000000 
0.000000 0.000000 0.000000 -0.000000 0.000000 -0.000000 0.002794 0.331499 0.541539 0.000010 0.000000 0.000000 -0.000000 -0.034500 0.133800 0.000000 -0.000000 0.000000 0.000000 -0.015200 0.123100 8.841184 -0.488991 0.081664 -0.000000 0.004500 0.141200 8.841738 -0.447212 0.228066 -0.000000 0.035467 0.161600 -8.841138 0.490179 0.099902 -0.000000 -0.045467 0.092300 0.000002 0.000000 -0.000000 -0.000000 -0.002685 0.082543 -0.000001 -0.000000 0.000000 0.018800 -0.076300 0.143100 -2.367506 1.384157 -6.167377 0.173100 0.136800 -0.017100 18.711143 33.587172 -59.223375 0.274400 0.004700 -0.000000 -18.315542 -0.308439 -68.295130 0.272600 -0.004700 -0.000000 -45.753467 28.480460 -16.559106 0.113505 -0.046028 -0.002000 0.000010 -0.000019 -0.000033 0.037675 -0.006459 -0.000000 -0.000015 -0.000004 0.000023 0.027201 -0.005757 0.000000 0.000001 0.000005 0.000043 0.023662 -0.004706 0.000000 -0.000001 0.000000 0.000003 0.118041 -0.020533 0.000400 0.970598 55.692171 1.713628 0.041478 -0.001286 -0.000000 10.329633 59.993936 -8.527499 0.033079 -0.003702 -0.000000 5.999324 50.680017 -2.842644 0.032483 -0.002781 0.000000 -0.000001 -0.000001 -0.000002 0.109890 0.035598 -0.001600 2.716643 63.629380 -7.758755 0.035819 0.001057 0.000000 -12.893128 58.578469 4.545662 0.025683 0.002448 0.000000 -7.705973 55.489502 3.733016 0.026731 0.002448 -0.000000 -0.000003 0.000001 -0.000001 0.115267 0.008064 0.000100 -7.457160 60.095570 8.469795 0.036562 0.001400 0.000000 -1.207733 59.065741 -1.455382 0.033090 0.000552 -0.000000 -1.895554 56.594316 1.617137 0.029609 0.000105 -0.000000 -0.000001 -0.000007 0.000001 0.027300 -0.033600 -0.022800 -2.488417 2.295622 -6.358254 0.035686 -0.025978 -0.023293 3.790855 -2.721733 2.478068 0.032562 -0.021217 -0.020255 7.972592 -4.941018 10.468770 0.022147 -0.013446 -0.013949 0.000001 0.000010 0.000010 -0.018800 -0.076300 0.143100 -1.755338 -1.720531 -5.728483 -0.173100 0.136800 -0.017100 10.963171 -17.195264 66.770276 -0.274400 0.004700 -0.000000 -14.057110 0.238377 70.278234 -0.272600 -0.004700 -0.000000 -48.537220 11.716352 21.595375 -0.113505 -0.046028 -0.002000 -0.000013 0.000002 0.000038 -0.037675 -0.006459 -0.000000 -0.000013 -0.000010 -0.000091 -0.027201 -0.005757 0.000000 0.000003 0.000001 0.000151 -0.023662 -0.004706 0.000000 -0.000000 -0.000001 -0.000001 -0.118041 -0.020533 0.000401 -0.678031 -12.060822 -9.962485 -0.041479 -0.001286 0.000000 1.622208 -28.095898 4.200312 -0.033079 -0.003702 0.000000 0.030392 -0.354949 0.000089 -0.032483 -0.002781 -0.000000 0.000001 0.000005 -0.000001 -0.109891 0.035598 -0.001600 -1.531775 -25.161495 -3.474809 -0.035819 0.001057 0.000000 -5.969295 -24.410201 0.254177 -0.025683 0.002448 0.000000 -2.095775 -14.330609 0.339646 -0.026731 0.002448 0.000000 -0.000001 0.000000 -0.000001 -0.115267 0.008064 0.000101 -3.671254 -25.419524 -11.789375 -0.036562 0.001400 -0.000000 -0.544689 -24.178154 3.810883 -0.033090 0.000552 0.000000 -1.874294 -16.655802 -2.464455 -0.029609 0.000105 0.000000 0.000002 0.000000 -0.000000 -0.027300 -0.033600 -0.022800 0.000021 0.000002 -0.000040 -0.035686 -0.025978 -0.023293 2.389000 1.740932 -3.319191 -0.032563 -0.021217 -0.020255 7.972651 4.941021 -10.468850 -0.022147 -0.013447 -0.013949 0.000013 -0.000004 0.000009 0.089000 -0.051500 0.015400 -86.822728 -10.044055 -9.637954 -0.000000 0.002800 -0.400300 80.377823 10.768742 1.877309 -0.000000 0.034400 -0.428100 6.321529 -0.731923 -10.161435 0.000000 -0.149000 -0.088500 -0.000000 0.000002 -0.000005 -0.000000 -0.078900 -0.000000 0.000000 0.000000 -0.000000 -0.089000 -0.051500 0.015400 -86.111467 5.946186 5.634672 -0.000000 0.002800 -0.400300 79.309691 2.782446 0.531108 0.000000 0.034400 -0.428100 6.762323 -8.849968 2.099387 -0.000000 -0.149000 -0.088500 -0.000002 0.000002 -0.000001 -0.000000 -0.078900 -0.000000 0.000000 0.000000 -0.000000 
0.000000 0.000000 0.000000 -0.000000 0.000000 -0.000000 0.002794 0.331499 0.541539 0.000010 0.000000 0.000000 -0.000000 -0.034500 0.133800 0.000000 -0.000000 0.000000 0.000000 -0.015200 0.123100 9.040882 -0.474451 0.081260 0.000000 0.004500 0.141200 9.041417 -0.432730 0.225471 0.000000 0.035467 0.161600 -9.040847 0.476550 0.095659 -0.000000 -0.045467 0.092300 0.000001 -0.000000 -0.000000 0.000000 -0.002685 0.082543 0.000000 0.000000 0.000000 0.018800 -0.076300 0.143100 -2.367512 1.384157 -6.167378 0.173100 0.136800 -0.017100 19.287324 33.030744 -61.594824 0.274400 0.004700 0.000000 -19.036115 -0.320108 -64.282011 0.272600 -0.004700 -0.000000 -46.878471 29.248636 -15.226052 0.113505 -0.046028 -0.002000 0.000009 -0.000018 -0.000034 0.037675 -0.006459 0.000000 -0.000017 -0.000007 0.000025 0.027201 -0.005757 -0.000000 -0.000001 0.000005 0.000042 0.023662 -0.004706 0.000000 -0.000002 0.000004 -0.000002 0.118041 -0.020533 0.000400 1.614165 59.678792 0.737162 0.041478 -0.001286 -0.000000 11.982059 62.856872 -9.592660 0.033078 -0.003702 0.000000 7.106211 55.316770 -3.727352 0.032483 -0.002781 -0.000000 -0.000001 -0.000002 -0.000003 0.109890 0.035598 -0.001600 4.310038 67.097347 -9.876934 0.035819 0.001057 -0.000000 -13.984607 61.707324 5.649994 0.025683 0.002448 -0.000000 -8.862714 59.244323 4.768837 0.026731 0.002448 0.000000 -0.000002 -0.000001 0.000000 0.115267 0.008064 0.000100 -7.775738 63.268602 8.205239 0.036562 0.001400 0.000000 -1.361166 62.289584 -1.041642 0.033091 0.000552 -0.000000 -1.813005 60.266809 1.529345 0.029610 0.000105 -0.000000 0.000000 -0.000000 -0.000002 0.027300 -0.033600 -0.022800 -2.474220 2.287222 -6.327662 0.035686 -0.025978 -0.023294 3.777355 -2.712117 2.486138 0.032563 -0.021217 -0.020255 7.972588 -4.941015 10.468777 0.022147 -0.013446 -0.013949 0.000006 0.000009 0.000009 -0.018800 -0.076300 0.143100 -1.755338 -1.720531 -5.728481 -0.173100 0.136800 -0.017100 10.199556 -15.133210 69.751961 -0.274400 0.004700 0.000000 -15.475286 0.261876 63.726075 -0.272600 -0.004700 -0.000000 -50.048467 9.349008 21.163466 -0.113505 -0.046028 -0.002000 0.000001 -0.000007 -0.000010 -0.037675 -0.006459 -0.000000 -0.000013 -0.000008 0.000020 -0.027202 -0.005757 -0.000000 0.000002 -0.000009 -0.000060 -0.023662 -0.004705 0.000000 0.000001 0.000000 0.000002 -0.118041 -0.020533 0.000401 -0.700358 -12.216824 -10.088086 -0.041479 -0.001286 -0.000000 1.632198 -28.320891 4.265912 -0.033078 -0.003702 0.000000 0.000006 -0.000012 -0.000089 -0.032483 -0.002781 -0.000000 -0.000002 0.000008 0.000001 -0.109891 0.035598 -0.001600 -1.534983 -25.475853 -3.401806 -0.035819 0.001057 0.000000 -5.984807 -24.408760 0.254369 -0.025683 0.002448 0.000000 -2.095786 -14.330645 0.339644 -0.026731 0.002448 -0.000000 0.000002 -0.000000 0.000000 -0.115267 0.008064 0.000101 -3.722820 -25.718048 -11.819512 -0.036562 0.001400 0.000000 -0.514140 -24.178663 3.810781 -0.033091 0.000552 0.000000 -1.874299 -16.655886 -2.464532 -0.029610 0.000105 0.000000 -0.000001 0.000000 -0.000000 -0.027300 -0.033600 -0.022800 0.000035 -0.000006 -0.000035 -0.035686 -0.025978 -0.023293 2.388992 1.740943 -3.319192 -0.032563 -0.021217 -0.020255 7.972562 4.941080 -10.468742 -0.022147 -0.013447 -0.013949 0.000015 -0.000004 0.000006 0.089000 -0.051500 0.015400 -86.822728 -10.044055 -9.637954 -0.000000 0.002800 -0.400300 80.377823 10.768742 1.877309 -0.000000 0.034400 -0.428100 6.321529 -0.731923 -10.161435 0.000000 -0.149000 -0.088500 -0.000000 0.000002 -0.000005 -0.000000 -0.078900 -0.000000 0.000000 0.000000 -0.000000 -0.089000 -0.051500 0.015400 -86.139108 6.132772 5.814319 -0.000000 0.002800 -0.400300 79.312997 2.414367 0.458885 -0.000000 0.034400 -0.428100 6.793731 -8.665096 2.306071 -0.000000 -0.149000 -0.088500 -0.000002 0.000002 -0.000001 -0.000000 -0.078900 -0.000000 -0.000000 0.000000 -0.000000 
0.000000 0.000000 0.000000 -0.000000 0.000000 -0.000000 0.002794 0.331499 0.541539 0.000010 0.000000 0.000000 -0.000000 -0.034500 0.133800 0.000000 -0.000000 0.000000 0.000000 -0.015200 0.123100 9.266907 -0.457465 0.080601 -0.000000 0.004500 0.141200 9.267431 -0.415906 0.222077 0.000000 0.035467 0.161600 -9.266838 0.460571 0.090782 0.000000 -0.045467 0.092300 -0.000002 0.000000 0.000000 0.000000 -0.002685 0.082543 0.000001 -0.000000 -0.000000 0.018800 -0.076300 0.143100 -2.367510 1.384157 -6.167378 0.173100 0.136800 -0.017100 20.072003 33.188227 -63.372414 0.274400 0.004700 0.000000 -19.491507 -0.327511 -61.050498 0.272600 -0.004700 0.000000 -48.550631 29.873297 -12.753214 0.113505 -0.046028 -0.002000 0.000008 -0.000015 -0.000030 0.037675 -0.006459 -0.000000 -0.000015 -0.000004 0.000023 0.027202 -0.005757 -0.000000 0.000001 0.000006 0.000043 0.023662 -0.004705 0.000000 0.000001 0.000000 -0.000001 0.118041 -0.020533 0.000400 2.368178 63.435928 -0.280045 0.041478 -0.001286 -0.000000 13.824903 65.541191 -10.844516 0.033079 -0.003702 0.000000 8.416712 59.678491 -4.833364 0.032483 -0.002781 0.000000 -0.000001 0.000002 -0.000001 0.109891 0.035598 -0.001600 6.361743 70.346707 -12.398927 0.035819 0.001057 -0.000000 -15.238314 64.648847 6.954022 0.025683 0.002448 0.000000 -10.229933 62.772778 6.023111 0.026731 0.002448 0.000000 -0.000003 0.000001 -0.000002 0.115267 0.008064 0.000100 -8.099807 66.262595 7.996929 0.036562 0.001400 0.000000 -1.573294 65.331490 -0.560888 0.033090 0.000552 -0.000000 -1.712741 63.730344 1.433657 0.029609 0.000105 -0.000000 -0.000001 0.000000 0.000000 0.027300 -0.033600 -0.022800 -2.451090 2.273324 -6.277503 0.035686 -0.025979 -0.023294 3.755621 -2.696696 2.499073 0.032563 -0.021217 -0.020255 7.972593 -4.941022 10.468783 0.022147 -0.013446 -0.013949 0.000004 0.000006 0.000016 -0.018800 -0.076300 0.143100 -1.755340 -1.720530 -5.728479 -0.173100 0.136800 -0.017100 10.033419 -14.413482 71.500305 -0.274400 0.004700 0.000000 -16.146007 0.272928 59.900213 -0.272600 -0.004700 -0.000000 -50.971257 7.804301 19.079577 -0.113505 -0.046028 -0.002000 0.000005 0.000052 0.000042 -0.037675 -0.006459 -0.000000 -0.000009 -0.000009 0.000009 -0.027202 -0.005757 0.000000 0.000002 -0.000008 -0.000088 -0.023662 -0.004705 0.000000 -0.000000 -0.000001 0.000002 -0.118041 -0.020533 0.000401 -0.700316 -12.216735 -10.088135 -0.041479 -0.001286 -0.000000 1.632226 -28.320867 4.265810 -0.033079 -0.003702 0.000000 -0.000001 -0.000021 0.000070 -0.032483 -0.002781 -0.000000 -0.000001 0.000005 0.000001 -0.109891 0.035598 -0.001600 -1.534979 -25.475803 -3.401830 -0.035819 0.001057 0.000000 -5.984756 -24.408728 0.254392 -0.025683 0.002448 0.000000 -2.095781 -14.330615 0.339697 -0.026731 0.002448 0.000000 0.000001 -0.000000 0.000001 -0.115267 0.008064 0.000101 -3.722752 -25.717988 -11.819458 -0.036562 0.001400 0.000000 -0.514164 -24.178661 3.810832 -0.033091 0.000552 0.000000 -1.874320 -16.655889 -2.464567 -0.029610 0.000105 0.000000 0.000000 -0.000000 -0.000000 -0.027300 -0.033600 -0.022800 0.098531 0.168384 -0.338429 -0.035686 -0.025978 -0.023293 2.363979 1.723701 -3.334375 -0.032563 -0.021217 -0.020255 7.972613 4.941055 -10.468821 -0.022147 -0.013447 -0.013949 0.000012 -0.000002 0.000012 0.089000 -0.051500 0.015400 -86.822728 -10.044055 -9.637954 -0.000000 0.002800 -0.400300 80.377823 10.768742 1.877309 -0.000000 0.034400 -0.428100 6.321529 -0.731923 -10.161435 0.000000 -0.149000 -0.088500 -0.000000 0.000002 -0.000005 -0.000000 -0.078900 -0.000000 0.000000 0.000000 -0.000000 -0.089000 -0.051500 0.015400 -86.166989 6.325325 5.999832 -0.000000 0.002800 -0.400300 79.315865 2.034513 0.384404 0.000000 0.034400 -0.428100 6.825429 -8.474294 2.519044 -0.000000 -0.149000 -0.088500 0.000000 0.000002 -0.000000 -0.000000 -0.078900 -0.000000 -0.000000 -0.000000 -0.000000 
0.000000 0.000000 0.000000 -0.000000 0.000000 -0.000000 0.002794 0.331499 0.541539 0.000010 0.000000 0.000000 -0.000000 -0.034500 0.133800 0.000000 -0.000000 0.000000 -0.000000 -0.015200 0.123100 9.512696 -0.438325 0.079625 0.000000 0.004500 0.141200 9.513151 -0.397063 0.217803 -0.000000 0.035467 0.161600 -9.512605 0.442490 0.085386 -0.000000 -0.045467 0.092300 -0.000001 -0.000000 0.000000 0.000000 -0.002685 0.082543 0.000000 0.000000 0.000000 0.018800 -0.076300 0.143100 -2.367509 1.384157 -6.167376 0.173100 0.136800 -0.017100 20.806979 34.072713 -63.819191 0.274400 0.004700 0.000000 -19.478579 -0.327243 -59.841760 0.272600 -0.004700 -0.000000 -50.552808 30.016366 -9.564809 0.113505 -0.046028 -0.002000 0.000008 -0.000017 -0.000033 0.037675 -0.006459 -0.000000 -0.000015 -0.000001 0.000023 0.027202 -0.005757 0.000000 0.000002 0.000010 0.000045 0.023662 -0.004706 0.000000 -0.000001 0.000001 -0.000000 0.118041 -0.020533 0.000400 3.233477 66.898868 -1.342134 0.041478 -0.001286 -0.000000 15.845726 67.999874 -12.285657 0.033079 -0.003702 0.000000 9.968945 63.687436 -6.200658 0.032483 -0.002781 0.000000 0.000001 -0.000000 -0.000004 0.109891 0.035598 -0.001600 8.980740 73.314854 -15.428554 0.035819 0.001057 -0.000000 -16.672493 67.350112 8.469599 0.025683 0.002448 0.000000 -11.831886 66.011565 7.521407 0.026731 0.002448 0.000000 -0.000002 -0.000001 -0.000002 0.115267 0.008064 0.000100 -8.437080 69.025523 7.859937 0.036562 0.001400 0.000000 -1.858938 68.138384 -0.005980 0.033090 0.000552 -0.000000 -1.594993 66.925363 1.328009 0.029609 0.000105 -0.000000 -0.000000 0.000001 -0.000001 0.027300 -0.033600 -0.022800 -2.419468 2.253851 -6.208422 0.035686 -0.025979 -0.023293 3.726316 -2.675901 2.516465 0.032563 -0.021217 -0.020255 7.972589 -4.941018 10.468776 0.022147 -0.013446 -0.013949 -0.000000 0.000006 0.000009 -0.018800 -0.076300 0.143100 -1.755339 -1.720532 -5.728486 -0.173100 0.136800 -0.017100 10.840092 -15.708411 71.003477 -0.274400 0.004700 0.000000 -15.581565 0.263597 61.122243 -0.272600 -0.004700 -0.000000 -51.114561 8.045139 15.500189 -0.113505 -0.046028 -0.002000 -0.000016 0.000023 0.000017 -0.037675 -0.006459 -0.000000 -0.000012 0.000004 -0.000008 -0.027201 -0.005757 -0.000000 0.000001 -0.000005 -0.000078 -0.023662 -0.004706 0.000000 -0.000000 -0.000002 0.000001 -0.118041 -0.020533 0.000401 -0.700323 -12.216698 -10.088038 -0.041479 -0.001286 0.000000 1.632171 -28.320982 4.265763 -0.033079 -0.003702 0.000000 -0.000002 0.000013 0.000044 -0.032483 -0.002781 -0.000000 -0.000000 0.000007 -0.000000 -0.109891 0.035598 -0.001600 -1.534994 -25.475834 -3.401882 -0.035819 0.001057 0.000000 -5.984753 -24.408755 0.254338 -0.025683 0.002448 0.000000 -2.095753 -14.330601 0.339684 -0.026731 0.002448 0.000000 -0.000001 0.000000 0.000000 -0.115267 0.008064 0.000101 -3.722798 -25.718010 -11.819475 -0.036562 0.001400 0.000000 -0.514173 -24.178709 3.810750 -0.033090 0.000552 0.000000 -1.874297 -16.655867 -2.464541 -0.029610 0.000105 0.000000 0.000000 -0.000000 0.000000 -0.027300 -0.033600 -0.022800 0.363971 0.607723 -1.231632 -0.035686 -0.025978 -0.023293 2.294045 1.675581 -3.376709 -0.032563 -0.021217 -0.020255 7.972657 4.941049 -10.468871 -0.022147 -0.013447 -0.013949 0.000015 -0.000001 0.000011 0.089000 -0.051500 0.015400 -86.822728 -10.044055 -9.637954 -0.000000 0.002800 -0.400300 80.377823 10.768742 1.877309 -0.000000 0.034400 -0.428100 6.321529 -0.731923 -10.161435 0.000000 -0.149000 -0.088500 -0.000000 0.000002 -0.000005 -0.000000 -0.078900 -0.000000 0.000000 0.000000 -0.000000 -0.089000 -0.051500 0.015400 -86.194884 6.522951 6.190337 0.000000 0.002800 -0.400300 79.318317 1.644671 0.307992 -0.000000 0.034400 -0.428100 6.857173 -8.278441 2.737291 -0.000000 -0.149000 -0.088500 -0.000000 0.000002 -0.000000 -0.000000 -0.078900 -0.000000 0.000000 -0.000000 -0.000000 
0.000000 0.000000 0.000000 -0.000000 0.000000 -0.000000 0.002794 0.331499 0.541539 0.000010 0.000000 0.000000 -0.000000 -0.034500 0.133800 0.000000 -0.000000 0.000000 0.000000 -0.015200 0.123100 9.771644 -0.417318 0.078283 -0.000000 0.004500 0.141200 9.772051 -0.376522 0.212588 -0.000000 0.035467 0.161600 -9.771553 0.422554 0.079579 0.000000 -0.045467 0.092300 -0.000000 0.000000 -0.000000 -0.000000 -0.002685 0.082543 -0.000000 -0.000000 0.000000 0.018800 -0.076300 0.143100 -2.367511 1.384157 -6.167378 0.173100 0.136800 -0.017100 21.169565 34.839429 -63.517290 0.274400 0.004700 0.000000 -19.335984 -0.324985 -59.709193 0.272600 -0.004700 -0.000000 -52.346884 29.904849 -6.877913 0.113505 -0.046028 -0.002000 0.000010 -0.000019 -0.000032 0.037675 -0.006459 0.000000 -0.000018 -0.000004 0.000022 0.027202 -0.005757 -0.000000 -0.000001 0.000007 0.000044 0.023662 -0.004706 0.000000 -0.000002 0.000001 -0.000000 0.118041 -0.020533 0.000400 4.203035 70.002957 -2.448660 0.041479 -0.001286 -0.000000 18.005833 70.187324 -13.895124 0.033079 -0.003702 0.000000 11.789063 67.266326 -7.857452 0.032483 -0.002781 0.000000 -0.000001 -0.000000 -0.000003 0.109890 0.035598 -0.001600 12.272220 75.938972 -19.067720 0.035819 0.001057 -0.000000 -18.284437 69.759010 10.184761 0.025683 0.002448 -0.000000 -13.673254 68.898700 9.270073 0.026731 0.002448 0.000000 -0.000002 0.000000 -0.000000 0.115267 0.008065 0.000100 -8.793370 71.505380 7.805759 0.036562 0.001400 0.000000 -2.228432 70.657002 0.624061 0.033090 0.000552 0.000000 -1.460787 69.792239 1.210931 0.029610 0.000105 -0.000000 0.000001 -0.000000 0.000001 0.027300 -0.033600 -0.022800 -2.379848 2.228971 -6.121247 0.035686 -0.025978 -0.023294 3.690153 -2.650251 2.538078 0.032562 -0.021217 -0.020255 7.972591 -4.941012 10.468773 0.022147 -0.013446 -0.013949 0.000002 0.000002 0.000012 -0.018800 -0.076300 0.143100 -1.755343 -1.720532 -5.728485 -0.173100 0.136800 -0.017100 11.710938 -17.323267 69.860295 -0.274400 0.004700 0.000000 -14.750205 0.249882 63.689888 -0.272600 -0.004700 -0.000000 -51.471107 8.782000 12.124396 -0.113505 -0.046028 -0.002000 0.000001 -0.000009 0.000027 -0.037675 -0.006459 -0.000000 -0.000012 -0.000007 -0.000089 -0.027201 -0.005757 -0.000000 0.000001 0.000001 0.000015 -0.023662 -0.004706 0.000000 0.000000 -0.000002 -0.000003 -0.118041 -0.020533 0.000401 -0.700370 -12.216900 -10.088054 -0.041479 -0.001286 -0.000000 1.632189 -28.320937 4.265787 -0.033078 -0.003702 0.000000 -0.000000 0.000001 0.000023 -0.032483 -0.002781 -0.000000 0.000000 0.000005 0.000000 -0.109891 0.035598 -0.001600 -1.535006 -25.475909 -3.401862 -0.035819 0.001057 0.000000 -5.984754 -24.408735 0.254369 -0.025683 0.002448 0.000000 -2.095764 -14.330616 0.339678 -0.026731 0.002448 0.000000 -0.000000 0.000000 -0.000000 -0.115267 0.008064 0.000101 -3.722819 -25.718060 -11.819540 -0.036562 0.001400 -0.000000 -0.514127 -24.178777 3.810813 -0.033090 0.000552 0.000000 -1.874299 -16.655833 -2.464518 -0.029610 0.000105 0.000000 0.000000 0.000000 -0.000000 -0.027300 -0.033600 -0.022800 0.753330 1.217015 -2.496772 -0.035686 -0.025978 -0.023293 2.185371 1.600990 -3.442564 -0.032563 -0.021217 -0.020255 7.972607 4.941049 -10.468776 -0.022147 -0.013447 -0.013949 0.000015 -0.000004 0.000012 0.089000 -0.051500 0.015400 -86.822728 -10.044055 -9.637954 -0.000000 0.002800 -0.400300 80.377823 10.768742 1.877309 -0.000000 0.034400 -0.428100 6.321529 -0.731923 -10.161435 0.000000 -0.149000 -0.088500 -0.000000 0.000002 -0.000005 -0.000000 -0.078900 -0.000000 0.000000 0.000000 -0.000000 -0.089000 -0.051500 0.015400 -86.222587 6.724747 6.384971 0.000000 0.002800 -0.400300 79.320271 1.246615 0.230011 -0.000000 0.034400 -0.428100 6.888804 -8.078447 2.959812 -0.000000 -0.149000 -0.088500 -0.000001 0.000002 -0.000001 -0.000000 -0.078900 -0.000000 -0.000000 -0.000000 -0.000000 
0.000000 0.000000 0.000000 -0.000000 0.000000 -0.000000 0.002794 0.331499 0.541539 0.000010 0.000000 0.000000 -0.000000 -0.034500 0.133800 0.000000 -0.000000 0.000000 0.000000 -0.015200 0.123100 10.037156 -0.394736 0.076533 -0.000000 0.004500 0.141200 10.037565 -0.354600 0.206391 0.000000 0.035467 0.161600 -10.037092 0.401015 0.073467 0.000000 -0.045467 0.092300 -0.000004 0.000000 0.000000 0.000000 -0.002685 0.082543 0.000002 -0.000000 -0.000000 0.018800 -0.076300 0.143100 -2.367508 1.384157 -6.167380 0.173100 0.136800 -0.017100 21.020127 35.238626 -62.545381 0.274400 0.004700 0.000000 -19.071391 -0.320708 -60.735360 0.272600 -0.004700 -0.000000 -53.344860 29.645774 -5.629275 0.113505 -0.046028 -0.002000 0.000008 -0.000018 -0.000032 0.037675 -0.006459 -0.000000 -0.000016 -0.000004 0.000026 0.027202 -0.005757 -0.000000 0.000002 0.000007 0.000044 0.023662 -0.004706 0.000000 -0.000002 0.000002 0.000002 0.118040 -0.020533 0.000400 5.253283 72.683841 -3.585454 0.041478 -0.001286 -0.000000 20.223459 72.060203 -15.611615 0.033079 -0.003702 -0.000000 13.863351 70.339467 -9.792119 0.032483 -0.002781 0.000000 0.000001 0.000000 -0.000006 0.109890 0.035598 -0.001600 16.277714 78.158217 -23.356800 0.035819 0.001057 -0.000000 -20.029823 71.825388 12.043692 0.025683 0.002448 0.000000 -15.712818 71.373995 11.229406 0.026731 0.002448 -0.000000 -0.000002 -0.000000 -0.000002 0.115266 0.008064 0.000100 -9.167927 73.650142 7.837846 0.036562 0.001400 0.000000 -2.678099 72.834357 1.314368 0.033090 0.000552 -0.000000 -1.314373 72.271290 1.084004 0.029609 0.000105 -0.000000 0.000000 -0.000000 -0.000001 0.027300 -0.033600 -0.022800 -2.332540 2.198738 -6.016474 0.035686 -0.025978 -0.023294 3.647676 -2.620162 2.563345 0.032563 -0.021217 -0.020255 7.972584 -4.941015 10.468772 0.022147 -0.013446 -0.013949 0.000004 0.000004 0.000011 -0.018800 -0.076300 0.143100 -1.755339 -1.720531 -5.728485 -0.173100 0.136800 -0.017100 11.906171 -17.923665 68.909922 -0.274400 0.004700 0.000000 -14.355736 0.243358 65.533213 -0.272600 -0.004700 0.000000 -52.935674 9.323294 10.132441 -0.113505 -0.046028 -0.002000 -0.000007 0.000032 0.000038 -0.037675 -0.006459 -0.000000 -0.000014 -0.000005 -0.000062 -0.027201 -0.005757 -0.000000 -0.000000 0.000000 0.000006 -0.023662 -0.004706 0.000000 0.000000 0.000001 0.000000 -0.118041 -0.020533 0.000401 -0.700364 -12.216926 -10.088097 -0.041479 -0.001286 0.000000 1.632181 -28.320717 4.265836 -0.033079 -0.003702 0.000000 0.000003 -0.000047 0.000024 -0.032483 -0.002781 -0.000000 -0.000000 0.000009 -0.000000 -0.109890 0.035598 -0.001600 -1.534966 -25.475771 -3.401775 -0.035819 0.001057 0.000000 -5.984806 -24.408762 0.254338 -0.025683 0.002448 0.000000 -2.095784 -14.330671 0.339648 -0.026731 0.002448 0.000000 -0.000000 -0.000000 -0.000000 -0.115267 0.008064 0.000101 -3.722854 -25.718299 -11.819541 -0.036562 0.001400 0.000000 -0.514137 -24.178414 3.810872 -0.033091 0.000552 0.000000 -1.874317 -16.655867 -2.464592 -0.029610 0.000105 0.000000 0.000000 0.000000 -0.000000 -0.027300 -0.033600 -0.022800 1.220097 1.897152 -3.950646 -0.035686 -0.025978 -0.023293 2.046721 1.506038 -3.526853 -0.032563 -0.021217 -0.020255 7.972640 4.941057 -10.468845 -0.022147 -0.013447 -0.013949 0.000012 -0.000002 0.000010 0.089000 -0.051500 0.015400 -86.822728 -10.044055 -9.637954 -0.000000 0.002800 -0.400300 80.377823 10.768742 1.877309 -0.000000 0.034400 -0.428100 6.321529 -0.731923 -10.161435 0.000000 -0.149000 -0.088500 -0.000000 0.000002 -0.000005 -0.000000 -0.078900 -0.000000 0.000000 0.000000 -0.000000 -0.089000 -0.051500 0.015400 -86.249976 6.929811 6.582863 0.000000 0.002800 -0.400300 79.321719 0.842115 0.150784 -0.000000 0.034400 -0.428100 6.920072 -7.875179 3.185599 -0.000000 -0.149000 -0.088500 -0.000002 0.000002 -0.000000 -0.000000 -0.078900 -0.000000 0.000000 -0.000000 -0.000000 
0.000000 0.000000 0.000000 -0.000000 0.000000 -0.000000 0.002794 0.331499 0.541539 0.000010 0.000000 0.000000 -0.000000 -0.034500 0.133800 0.000000 -0.000000 0.000000 0.000000 -0.015200 0.123100 10.302680 -0.370866 0.074350 0.000000 0.004500 0.141200 10.303030 -0.331606 0.199201 -0.000000 0.035467 0.161600 -10.302566 0.378128 0.067144 -0.000000 -0.045467 0.092300 0.000001 -0.000000 -0.000000 -0.000000 -0.002685 0.082543 0.000001 -0.000000 -0.000000 0.018800 -0.076300 0.143100 -2.367509 1.384157 -6.167379 0.173100 0.136800 -0.017100 20.479165 35.253803 -61.201446 0.274400 0.004700 0.000000 -18.746772 -0.315442 -62.530061 0.272600 -0.004700 -0.000000 -53.942648 29.191146 -5.291133 0.113505 -0.046028 -0.002000 0.000007 -0.000019 -0.000034 0.037675 -0.006459 -0.000000 -0.000016 -0.000005 0.000024 0.027202 -0.005757 -0.000000 0.000000 0.000008 0.000046 0.023662 -0.004706 0.000000 0.000001 0.000002 -0.000001 0.118041 -0.020533 0.000400 6.327210 74.877889 -4.707283 0.041478 -0.001285 -0.000000 22.355824 73.578295 -17.314845 0.033079 -0.003702 -0.000000 16.090153 72.835157 -11.905372 0.032483 -0.002781 0.000000 0.000001 -0.000000 -0.000003 0.109891 0.035598 -0.001600 20.845121 79.919818 -28.143923 0.035819 0.001057 0.000000 -21.796547 73.502480 13.921240 0.025683 0.002448 -0.000000 -17.826447 73.381421 13.277281 0.026731 0.002448 0.000000 -0.000001 0.000001 0.000004 0.115267 0.008064 0.000100 -9.546096 75.407993 7.944637 0.036562 0.001400 0.000000 -3.178897 74.617658 2.023719 0.033091 0.000552 -0.000000 -1.164293 74.303101 0.953266 0.029609 0.000105 -0.000000 0.000001 0.000000 0.000001 0.027300 -0.033600 -0.022800 -2.277981 2.163256 -5.894875 0.035686 -0.025978 -0.023293 3.599596 -2.586119 2.591983 0.032563 -0.021217 -0.020255 7.972590 -4.941019 10.468774 0.022147 -0.013446 -0.013949 0.000003 0.000002 0.000015 -0.018800 -0.076300 0.143100 -1.755343 -1.720531 -5.728481 -0.173100 0.136800 -0.017100 11.271035 -17.221811 68.141512 -0.274400 0.004700 0.000000 -14.520270 0.246076 66.611160 -0.272600 -0.004700 -0.000000 -55.659205 9.783677 9.699228 -0.113505 -0.046028 -0.002000 -0.000002 -0.000020 0.000003 -0.037675 -0.006459 -0.000000 -0.000011 -0.000000 0.000044 -0.027202 -0.005757 0.000000 0.000001 0.000002 -0.000077 -0.023662 -0.004705 0.000000 -0.000001 0.000001 0.000003 -0.118041 -0.020533 0.000401 -0.700339 -12.216770 -10.088029 -0.041479 -0.001286 -0.000000 1.632174 -28.321000 4.265763 -0.033079 -0.003702 0.000000 0.000000 -0.000002 -0.000030 -0.032483 -0.002781 -0.000000 0.000000 0.000002 0.000000 -0.109891 0.035598 -0.001600 -1.535000 -25.475914 -3.401830 -0.035819 0.001057 0.000000 -5.984780 -24.408723 0.254301 -0.025683 0.002448 0.000000 -2.095762 -14.330609 0.339711 -0.026731 0.002448 -0.000000 -0.000000 -0.000001 -0.000000 -0.115267 0.008064 0.000101 -3.722832 -25.718029 -11.819549 -0.036562 0.001400 0.000000 -0.514127 -24.178766 3.810831 -0.033090 0.000552 0.000000 -1.874301 -16.655855 -2.464464 -0.029609 0.000105 0.000000 0.000001 0.000000 -0.000001 -0.027300 -0.033600 -0.022800 1.708658 2.556358 -5.408566 -0.035686 -0.025978 -0.023293 1.892948 1.401030 -3.620546 -0.032563 -0.021217 -0.020255 7.972616 4.941050 -10.468811 -0.022147 -0.013447 -0.013949 0.000011 0.000003 0.000011 0.089000 -0.051500 0.015400 -86.822728 -10.044055 -9.637954 -0.000000 0.002800 -0.400300 80.377823 10.768742 1.877309 -0.000000 0.034400 -0.428100 6.321529 -0.731923 -10.161435 0.000000 -0.149000 -0.088500 -0.000000 0.000002 -0.000005 -0.000000 -0.078900 -0.000000 0.000000 0.000000 -0.000000 -0.089000 -0.051500 0.015400 -86.276866 7.137240 6.783136 0.000000 0.002800 -0.400300 79.322593 0.432957 0.070668 0.000000 0.034400 -0.428100 6.950873 -7.669543 3.413647 -0.000000 -0.149000 -0.088500 0.000001 0.000002 -0.000001 -0.000000 -0.078900 -0.000000 0.000000 0.000000 -0.000000 
0.000000 0.000000 0.000000 -0.000000 0.000000 -0.000000 0.002794 0.331499 0.541539 0.000010 0.000000 0.000000 -0.000000 -0.034500 0.133800 0.000000 -0.000000 0.000000 0.000000 -0.015200 0.123100 10.561615 -0.345997 0.071722 0.000000 0.004500 0.141200 10.561936 -0.307836 0.191031 -0.000000 0.035467 0.161600 -10.561524 0.354146 0.060702 -0.000000 -0.045467 0.092300 -0.000001 0.000000 -0.000000 0.000000 -0.002685 0.082543 0.000000 0.000000 0.000000 0.018800 -0.076300 0.143100 -2.367509 1.384157 -6.167376 0.173100 0.136800 -0.017100 19.801871 35.038908 -59.841596 0.274400 0.004700 0.000000 -18.458036 -0.310759 -64.414947 0.272600 -0.004700 0.000000 -54.797013 28.533578 -4.838069 0.113505 -0.046028 -0.002000 0.000008 -0.000016 -0.000034 0.037675 -0.006459 0.000000 -0.000017 -0.000002 0.000022 0.027202 -0.005757 0.000000 0.000001 0.000008 0.000047 0.023662 -0.004705 0.000000 -0.000000 -0.000001 -0.000000 0.118041 -0.020533 0.000400 7.314270 76.521888 -5.716029 0.041478 -0.001286 -0.000000 24.192370 74.705085 -18.817846 0.033078 -0.003702 0.000000 18.219798 74.688050 -13.950322 0.032483 -0.002781 0.000000 0.000001 0.000000 -0.000005 0.109890 0.035598 -0.001600 25.437977 81.187761 -32.893604 0.035819 0.001057 0.000000 -23.386457 74.748074 15.605478 0.025683 0.002448 -0.000000 -19.773514 74.870485 15.174959 0.026731 0.002448 0.000000 -0.000002 -0.000000 -0.000002 0.115267 0.008064 0.000100 -9.891362 76.727210 8.092032 0.036562 0.001400 0.000000 -3.665065 75.954989 2.673426 0.033091 0.000552 -0.000000 -1.026842 75.828111 0.832145 0.029609 0.000105 -0.000000 0.000000 -0.000001 -0.000001 0.027300 -0.033600 -0.022800 -2.216604 2.122610 -5.757148 0.035686 -0.025978 -0.023294 3.546523 -2.548604 2.623596 0.032563 -0.021217 -0.020255 7.972590 -4.941014 10.468776 0.022147 -0.013446 -0.013949 0.000003 0.000003 0.000013 -0.018800 -0.076300 0.143100 -1.755339 -1.720531 -5.728479 -0.173100 0.136800 -0.017100 10.296595 -16.040529 67.155021 -0.274400 0.004700 0.000000 -14.845664 0.251483 67.952890 -0.272600 -0.004700 -0.000000 -58.794384 10.528191 10.076733 -0.113505 -0.046028 -0.002000 -0.000011 0.000083 0.000012 -0.037675 -0.006459 -0.000000 -0.000014 0.000000 -0.000003 -0.027201 -0.005757 -0.000000 0.000003 0.000003 -0.000084 -0.023662 -0.004705 0.000000 0.000000 0.000003 -0.000000 -0.118041 -0.020533 0.000401 -0.700321 -12.216850 -10.088043 -0.041479 -0.001286 -0.000000 1.632151 -28.320782 4.265755 -0.033079 -0.003702 -0.000000 0.000000 -0.000000 0.000074 -0.032483 -0.002781 -0.000000 -0.000000 0.000005 -0.000000 -0.109891 0.035598 -0.001600 -1.534945 -25.475689 -3.401775 -0.035819 0.001057 0.000000 -5.984811 -24.408774 0.254252 -0.025683 0.002448 0.000000 -2.095765 -14.330673 0.339706 -0.026731 0.002448 -0.000000 -0.000000 -0.000000 0.000001 -0.115267 0.008064 0.000101 -3.722795 -25.718056 -11.819513 -0.036562 0.001400 0.000000 -0.514144 -24.178528 3.810781 -0.033091 0.000552 0.000000 -1.874292 -16.655889 -2.464426 -0.029610 0.000105 0.000000 0.000000 0.000000 0.000000 -0.027300 -0.033600 -0.022800 2.152736 3.113018 -6.683753 -0.035686 -0.025978 -0.023293 1.746271 1.301318 -3.709957 -0.032563 -0.021217 -0.020255 7.972595 4.941055 -10.468777 -0.022147 -0.013447 -0.013949 0.000011 -0.000002 0.000012 0.089000 -0.051500 0.015400 -86.822728 -10.044055 -9.637954 -0.000000 0.002800 -0.400300 80.377823 10.768742 1.877309 -0.000000 0.034400 -0.428100 6.321529 -0.731923 -10.161435 0.000000 -0.149000 -0.088500 -0.000000 0.000002 -0.000005 -0.000000 -0.078900 -0.000000 0.000000 0.000000 -0.000000 -0.089000 -0.051500 0.015400 -86.303149 7.346126 6.984910 -0.000000 0.002800 -0.400300 79.322921 0.020934 -0.010006 0.000000 0.034400 -0.428100 6.981022 -7.462448 3.642971 -0.000000 -0.149000 -0.088500 0.000002 0.000002 -0.000000 -0.000000 -0.078900 -0.000000 0.000000 -0.000000 -0.000000 
0.000000 0.000000 0.000000 -0.000000 0.000000 -0.000000 0.002794 0.331499 0.541539 0.000010 0.000000 0.000000 -0.000000 -0.034500 0.133800 0.000000 -0.000000 0.000000 -0.000000 -0.015200 0.123100 10.807386 -0.320411 0.068658 -0.000000 0.004500 0.141200 10.807670 -0.283580 0.181930 -0.000000 0.035467 0.161600 -10.807289 0.329326 0.054224 0.000000 -0.045467 0.092300 0.000002 -0.000000 0.000000 0.000000 -0.002685 0.082543 0.000000 -0.000000 -0.000000 0.018800 -0.076300 0.143100 -2.367512 1.384157 -6.167380 0.173100 0.136800 -0.017100 19.054587 34.652534 -58.521122 0.274400 0.004700 -0.000000 -18.214084 -0.306754 -66.283161 0.272600 -0.004700 -0.000000 -55.791922 27.756704 -4.346617 0.113505 -0.046028 -0.002000 0.000008 -0.000018 -0.000034 0.037675 -0.006459 0.000000 -0.000014 -0.000003 0.000026 0.027201 -0.005757 -0.000000 0.000001 0.000008 0.000047 0.023662 -0.004705 0.000000 0.000003 -0.000005 0.000001 0.118041 -0.020533 0.000400 8.043268 77.553765 -6.452229 0.041478 -0.001286 -0.000000 25.471420 75.406695 -19.882049 0.033078 -0.003703 -0.000000 19.834968 75.840447 -15.512500 0.032483 -0.002781 0.000000 -0.000001 -0.000001 -0.000004 0.109891 0.035597 -0.001600 29.044737 81.949778 -36.595368 0.035819 0.001057 -0.000000 -24.531616 75.523697 16.814867 0.025683 0.002448 0.000000 -21.202972 75.796406 16.573273 0.026731 0.002448 0.000000 -0.000002 0.000000 -0.000006 0.115266 0.008064 0.000100 -10.144778 77.556395 8.223745 0.036562 0.001400 -0.000000 -4.034501 76.794952 3.148930 0.033090 0.000552 -0.000000 -0.925823 76.786722 0.742200 0.029609 0.000105 -0.000000 -0.000000 -0.000001 0.000000 0.027300 -0.033600 -0.022800 -2.148772 2.076942 -5.603981 0.035686 -0.025978 -0.023293 3.489109 -2.508070 2.657826 0.032563 -0.021217 -0.020255 7.972590 -4.941011 10.468770 0.022147 -0.013446 -0.013949 0.000004 0.000006 0.000009 -0.018800 -0.076300 0.143100 -1.755339 -1.720531 -5.728485 -0.173100 0.136800 -0.017100 9.233250 -14.676289 66.141318 -0.274400 0.004700 0.000000 -15.256296 0.258223 69.279128 -0.272600 -0.004700 0.000000 -61.818164 11.313863 10.933083 -0.113505 -0.046028 -0.002000 -0.000008 0.000062 -0.000038 -0.037675 -0.006459 -0.000000 -0.000011 -0.000005 -0.000026 -0.027201 -0.005757 -0.000000 0.000009 -0.000049 0.000158 -0.023662 -0.004705 0.000000 0.000001 0.000001 -0.000002 -0.118041 -0.020533 0.000401 -0.700324 -12.216822 -10.088076 -0.041479 -0.001286 0.000000 1.632188 -28.320859 4.265843 -0.033079 -0.003702 0.000000 -0.000005 0.000040 -0.000026 -0.032483 -0.002781 -0.000000 -0.000001 0.000008 0.000000 -0.109891 0.035597 -0.001600 -1.534985 -25.475805 -3.401849 -0.035819 0.001057 0.000000 -5.984761 -24.408726 0.254393 -0.025683 0.002448 0.000000 -2.095777 -14.330638 0.339620 -0.026731 0.002448 0.000000 -0.000001 0.000001 -0.000001 -0.115267 0.008064 0.000101 -3.722807 -25.718025 -11.819550 -0.036562 0.001400 0.000000 -0.514116 -24.178680 3.810900 -0.033090 0.000552 0.000000 -1.874311 -16.655783 -2.464563 -0.029610 0.000105 0.000000 0.000000 0.000000 0.000001 -0.027300 -0.033600 -0.022800 2.476844 3.495882 -7.587719 -0.035686 -0.025978 -0.023293 1.635450 1.226169 -3.777506 -0.032563 -0.021217 -0.020255 7.972611 4.941072 -10.468803 -0.022147 -0.013447 -0.013949 0.000009 -0.000006 0.000011 0.089000 -0.051500 0.015400 -86.822728 -10.044055 -9.637954 -0.000000 0.002800 -0.400300 80.377823 10.768742 1.877309 -0.000000 0.034400 -0.428100 6.321529 -0.731923 -10.161435 0.000000 -0.149000 -0.088500 -0.000000 0.000002 -0.000005 -0.000000 -0.078900 -0.000000 0.000000 0.000000 -0.000000 -0.089000 -0.051500 0.015400 -86.328680 7.555560 7.187298 0.000000 0.002800 -0.400300 79.322682 -0.392164 -0.090889 -0.000000 0.034400 -0.428100 7.010381 -7.254792 3.872574 -0.000000 -0.149000 -0.088500 0.000000 0.000002 -0.000000 -0.000000 -0.078900 -0.000000 0.000000 -0.000000 0.000000 
0.000000 0.000000 0.000000 -0.000000 0.000000 -0.000000 0.002794 0.331499 0.541539 0.000010 0.000000 0.000000 -0.000000 -0.034500 0.133800 0.000000 -0.000000 0.000000 0.000000 -0.015200 0.123100 11.033409 -0.294390 0.065178 0.000000 0.004500 0.141200 11.033643 -0.259110 0.171979 -0.000000 0.035467 0.161600 -11.033313 0.303930 0.047781 -0.000000 -0.045467 0.092300 -0.000000 0.000000 0.000000 -0.000000 -0.002685 0.082543 -0.000001 -0.000000 0.000000 0.018800 -0.076300 0.143100 -2.367512 1.384157 -6.167372 0.173100 0.136800 -0.017100 18.301922 34.169439 -57.282105 0.274400 0.004700 -0.000000 -18.010406 -0.303456 -68.053300 0.272600 -0.004700 -0.000000 -56.819244 26.938821 -3.876499 0.113505 -0.046028 -0.002000 0.000010 -0.000018 -0.000032 0.037675 -0.006459 -0.000000 -0.000015 -0.000002 0.000025 0.027202 -0.005757 -0.000000 0.000002 0.000007 0.000045 0.023662 -0.004706 0.000000 -0.000001 -0.000001 0.000004 0.118041 -0.020533 0.000400 8.320318 77.911613 -6.730584 0.041478 -0.001286 -0.000000 25.941159 75.648935 -20.276149 0.033078 -0.003702 -0.000000 20.457537 76.237684 -16.116648 0.032483 -0.002781 0.000000 0.000001 0.000000 -0.000004 0.109890 0.035598 -0.001600 30.457900 82.206190 -38.040715 0.035819 0.001057 -0.000000 -24.959285 75.791385 17.265735 0.025683 0.002447 -0.000000 -21.743479 76.115649 17.103007 0.026731 0.002447 0.000000 -0.000001 0.000002 -0.000003 0.115267 0.008064 0.000100 -10.240724 77.844219 8.277894 0.036562 0.001400 0.000000 -4.176795 77.086294 3.328562 0.033090 0.000552 -0.000000 -0.887919 77.119509 0.708335 0.029609 0.000105 -0.000000 0.000000 -0.000000 -0.000001 0.027300 -0.033600 -0.022800 -2.074884 2.026346 -5.436030 0.035686 -0.025978 -0.023293 3.428015 -2.464955 2.694335 0.032563 -0.021217 -0.020255 7.972590 -4.941018 10.468778 0.022147 -0.013446 -0.013949 0.000004 0.000008 0.000015 -0.018800 -0.076300 0.143100 -1.755341 -1.720531 -5.728481 -0.173100 0.136800 -0.017100 8.323236 -13.463380 65.266112 -0.274400 0.004700 0.000000 -15.643684 0.264588 70.377627 -0.272600 -0.004700 -0.000000 -64.183554 11.945773 11.857441 -0.113505 -0.046028 -0.002000 -0.000014 0.000038 0.000047 -0.037675 -0.006459 -0.000000 -0.000010 -0.000010 -0.000056 -0.027202 -0.005757 0.000000 0.000008 -0.000017 0.000085 -0.023662 -0.004705 0.000000 0.000002 0.000001 0.000000 -0.118041 -0.020533 0.000401 -0.700332 -12.216779 -10.088049 -0.041479 -0.001286 -0.000000 1.632180 -28.320910 4.265775 -0.033079 -0.003702 0.000000 0.000001 0.000023 0.000015 -0.032483 -0.002781 -0.000000 0.000000 0.000005 -0.000001 -0.109891 0.035598 -0.001600 -1.534987 -25.475820 -3.401874 -0.035819 0.001057 0.000000 -5.984751 -24.408752 0.254426 -0.025683 0.002448 0.000000 -2.095778 -14.330596 0.339684 -0.026731 0.002448 -0.000000 -0.000000 -0.000000 -0.000001 -0.115267 0.008064 0.000101 -3.722794 -25.718048 -11.819471 -0.036562 0.001400 0.000000 -0.514173 -24.178660 3.810762 -0.033090 0.000552 0.000000 -1.874303 -16.655876 -2.464507 -0.029610 0.000105 0.000000 0.000001 0.000000 0.000001 -0.027300 -0.033600 -0.022800 2.601918 3.638654 -7.930989 -0.035686 -0.025978 -0.023293 1.591904 1.196688 -3.804115 -0.032563 -0.021217 -0.020255 7.972658 4.941044 -10.468870 -0.022147 -0.013447 -0.013949 0.000013 -0.000000 0.000012 0.089000 -0.051500 0.015400 -86.822728 -10.044055 -9.637954 -0.000000 0.002800 -0.400300 80.377823 10.768742 1.877309 -0.000000 0.034400 -0.428100 6.321529 -0.731923 -10.161435 0.000000 -0.149000 -0.088500 -0.000000 0.000002 -0.000005 -0.000000 -0.078900 -0.000000 0.000000 0.000000 -0.000000 -0.089000 -0.051500 0.015400 -86.353351 7.764642 7.389421 0.000000 0.002800 -0.400300 79.321821 -0.804556 -0.171643 -0.000000 0.034400 -0.428100 7.038831 -7.047460 4.101469 -0.000000 -0.149000 -0.088500 0.000000 0.000003 -0.000001 -0.000000 -0.078900 -0.000000 0.000000 -0.000000 0.000000 
0.000000 0.000000 0.000000 -0.000000 0.000000 -0.000000 0.002794 0.331499 0.541539 0.000010 0.000000 0.000000 -0.000000 -0.034500 0.133800 0.000000 -0.000000 0.000000 0.000000 -0.015200 0.123100 11.233084 -0.268208 0.061325 0.000000 0.004500 0.141200 11.233288 -0.234690 0.161290 0.000000 0.035467 0.161600 -11.232997 0.278223 0.041441 0.000000 -0.045467 0.092300 -0.000001 0.000000 0.000000 0.000000 -0.002685 0.082543 -0.000000 0.000000 -0.000000 0.018800 -0.076300 0.143100 -2.367510 1.384158 -6.167376 0.173100 0.136800 -0.017100 17.607999 33.648807 -56.205289 0.274400 0.004700 -0.000000 -17.856536 -0.300951 -69.561727 0.272600 -0.004700 0.000000 -57.762268 26.197821 -3.502631 0.113505 -0.046028 -0.002000 0.000008 -0.000017 -0.000033 0.037675 -0.006459 -0.000000 -0.000015 -0.000002 0.000024 0.027202 -0.005757 0.000000 0.000003 0.000009 0.000047 0.023662 -0.004706 0.000000 -0.000002 0.000001 -0.000001 0.118041 -0.020533 0.000400 8.320318 77.911654 -6.730608 0.041478 -0.001286 -0.000000 25.941122 75.648921 -20.276103 0.033079 -0.003702 -0.000000 20.457566 76.237684 -16.116670 0.032483 -0.002781 0.000000 -0.000000 -0.000001 -0.000005 0.109890 0.035598 -0.001600 30.458054 82.206197 -38.040906 0.035819 0.001057 0.000000 -24.959238 75.791358 17.265687 0.025683 0.002448 -0.000000 -21.743441 76.115635 17.102973 0.026731 0.002448 0.000000 -0.000001 0.000001 -0.000006 0.115267 0.008064 0.000100 -10.240696 77.844199 8.277855 0.036562 0.001400 0.000000 -4.176798 77.086294 3.328567 0.033090 0.000552 -0.000000 -0.887933 77.119516 0.708341 0.029610 0.000105 -0.000000 0.000000 -0.000001 0.000002 0.027300 -0.033600 -0.022800 -1.995344 1.970909 -5.253955 0.035686 -0.025978 -0.023293 3.363811 -2.419761 2.732645 0.032562 -0.021217 -0.020255 7.972590 -4.941014 10.468774 0.022147 -0.013446 -0.013949 0.000006 0.000009 0.000012 -0.018800 -0.076300 0.143100 -1.755341 -1.720532 -5.728487 -0.173100 0.136800 -0.017100 7.797399 -12.759814 64.687410 -0.274400 0.004700 0.000000 -15.877335 0.268495 71.070468 -0.272600 -0.004700 0.000000 -65.323205 12.270587 12.391491 -0.113505 -0.046028 -0.002000 0.000029 0.000073 0.000077 -0.037675 -0.006459 -0.000000 -0.000017 0.000012 -0.000152 -0.027202 -0.005757 0.000000 0.000006 -0.000016 0.000198 -0.023662 -0.004706 0.000000 -0.000002 -0.000000 0.000000 -0.118041 -0.020533 0.000401 -0.700325 -12.216777 -10.088098 -0.041479 -0.001286 -0.000000 1.632195 -28.320819 4.265901 -0.033079 -0.003702 -0.000000 0.000005 -0.000025 -0.000072 -0.032483 -0.002781 -0.000000 -0.000001 0.000008 0.000000 -0.109891 0.035597 -0.001600 -1.534972 -25.475740 -3.401840 -0.035819 0.001057 0.000000 -5.984759 -24.408743 0.254420 -0.025683 0.002448 0.000000 -2.095787 -14.330625 0.339597 -0.026731 0.002448 0.000000 0.000000 0.000000 -0.000000 -0.115267 0.008064 0.000101 -3.722775 -25.717969 -11.819503 -0.036562 0.001400 -0.000000 -0.514137 -24.178637 3.810807 -0.033090 0.000552 0.000000 -1.874298 -16.655865 -2.464496 -0.029609 0.000105 0.000000 0.000001 -0.000000 0.000000 -0.027300 -0.033600 -0.022800 2.518209 3.597482 -7.756001 -0.035686 -0.025978 -0.023293 1.603295 1.204373 -3.797259 -0.032563 -0.021217 -0.020255 7.972596 4.941057 -10.468781 -0.022147 -0.013447 -0.013949 0.000008 -0.000002 0.000009 0.089000 -0.051500 0.015400 -86.822728 -10.044055 -9.637954 -0.000000 0.002800 -0.400300 80.377823 10.768742 1.877309 -0.000000 0.034400 -0.428100 6.321529 -0.731923 -10.161435 0.000000 -0.149000 -0.088500 -0.000000 0.000002 -0.000005 -0.000000 -0.078900 -0.000000 0.000000 0.000000 -0.000000 -0.089000 -0.051500 0.015400 -86.377093 7.972454 7.590388 0.000000 0.002800 -0.400300 79.320387 -1.214437 -0.251913 0.000000 0.034400 -0.428100 7.066250 -6.841371 4.328671 -0.000000 -0.149000 -0.088500 0.000002 0.000002 -0.000001 -0.000000 -0.078900 -0.000000 -0.000000 -0.000000 -0.000000 
0.000000 0.000000 0.000000 -0.000000 0.000000 -0.000000 0.002794 0.331499 0.541539 0.000010 0.000000 0.000000 -0.000000 -0.034500 0.133800 0.000000 -0.000000 0.000000 0.000000 -0.015200 0.123100 11.399832 -0.242135 0.057154 -0.000000 0.004500 0.141200 11.400023 -0.210565 0.150009 -0.000000 0.035467 0.161600 -11.399763 0.252469 0.035261 -0.000000 -0.045467 0.092300 0.000001 0.000000 -0.000000 -0.000000 -0.002685 0.082543 -0.000000 0.000000 0.000000 0.018800 -0.076300 0.143100 -2.367512 1.384158 -6.167373 0.173100 0.136800 -0.017100 17.034521 33.170414 -55.351795 0.274400 0.004700 -0.000000 -17.744857 -0.299133 -70.681885 0.272600 -0.004700 -0.000000 -58.512503 25.641112 -3.278207 0.113505 -0.046028 -0.002000 0.000008 -0.000017 -0.000035 0.037675 -0.006459 -0.000000 -0.000017 -0.000004 0.000025 0.027202 -0.005757 -0.000000 -0.000001 0.000002 0.000044 0.023662 -0.004706 0.000000 -0.000002 0.000002 0.000003 0.118040 -0.020533 0.000400 8.320326 77.911620 -6.730618 0.041478 -0.001286 -0.000000 25.941089 75.648887 -20.276069 0.033079 -0.003702 -0.000000 20.457561 76.237690 -16.116670 0.032483 -0.002781 0.000000 0.000000 -0.000000 -0.000008 0.109890 0.035597 -0.001600 30.457965 82.206190 -38.040793 0.035819 0.001057 -0.000000 -24.959217 75.791372 17.265675 0.025683 0.002448 -0.000000 -21.743342 76.115601 17.102896 0.026731 0.002448 0.000000 -0.000001 0.000000 -0.000001 0.115266 0.008064 0.000100 -10.241001 77.844240 8.278225 0.036562 0.001400 0.000000 -4.176372 77.086266 3.328205 0.033090 0.000552 -0.000000 -0.887919 77.119509 0.708331 0.029609 0.000105 -0.000000 0.000001 -0.000002 -0.000001 0.027300 -0.033600 -0.022800 -1.910575 1.910760 -5.058553 0.035686 -0.025978 -0.023293 3.297200 -2.372905 2.772545 0.032563 -0.021217 -0.020255 7.972591 -4.941016 10.468776 0.022147 -0.013446 -0.013949 0.000001 0.000003 0.000010 -0.018800 -0.076300 0.143100 -1.755341 -1.720531 -5.728486 -0.173100 0.136800 -0.017100 7.625388 -12.551896 64.391902 -0.274400 0.004700 0.000000 -15.948283 0.269645 71.407271 -0.272600 -0.004700 0.000000 -65.527455 12.347517 12.585780 -0.113505 -0.046028 -0.002000 -0.000001 0.000023 -0.000035 -0.037675 -0.006459 -0.000000 -0.000015 -0.000011 -0.000020 -0.027202 -0.005757 0.000000 0.000004 0.000001 0.000026 -0.023662 -0.004705 0.000000 -0.000001 0.000001 0.000000 -0.118041 -0.020533 0.000401 -0.700330 -12.216792 -10.088035 -0.041479 -0.001286 -0.000000 1.632168 -28.320893 4.265828 -0.033079 -0.003702 -0.000000 -0.000000 0.000010 -0.000041 -0.032483 -0.002781 -0.000000 -0.000000 0.000007 -0.000001 -0.109891 0.035598 -0.001600 -1.534968 -25.475836 -3.401787 -0.035819 0.001057 0.000000 -5.984808 -24.408760 0.254312 -0.025683 0.002448 0.000000 -2.095772 -14.330615 0.339652 -0.026731 0.002448 -0.000000 -0.000000 0.000000 -0.000000 -0.115267 0.008064 0.000101 -3.722786 -25.718010 -11.819499 -0.036562 0.001400 0.000000 -0.514152 -24.178689 3.810790 -0.033090 0.000552 0.000000 -1.874300 -16.655893 -2.464551 -0.029610 0.000105 0.000000 0.000000 0.000000 0.000000 -0.027300 -0.033600 -0.022800 2.291750 3.477707 -7.274799 -0.035686 -0.025978 -0.023293 1.635416 1.226137 -3.777591 -0.032563 -0.021217 -0.020255 7.972618 4.941059 -10.468809 -0.022147 -0.013447 -0.013949 0.000013 -0.000006 0.000015 0.089000 -0.051500 0.015400 -86.822728 -10.044055 -9.637954 -0.000000 0.002800 -0.400300 80.377823 10.768742 1.877309 -0.000000 0.034400 -0.428100 6.321529 -0.731923 -10.161435 0.000000 -0.149000 -0.088500 -0.000000 0.000002 -0.000005 -0.000000 -0.078900 -0.000000 0.000000 0.000000 -0.000000 -0.089000 -0.051500 0.015400 -86.399769 8.178080 7.789300 0.000000 0.002800 -0.400300 79.318386 -1.620001 -0.331374 -0.000000 0.034400 -0.428100 7.092560 -6.637420 4.553194 -0.000000 -0.149000 -0.088500 0.000002 0.000002 -0.000001 -0.000000 -0.078900 -0.000000 -0.000000 -0.000000 -0.000000 
0.000000 0.000000 0.000000 -0.000000 0.000000 -0.000000 0.002794 0.331499 0.541539 0.000010 0.000000 0.000000 -0.000000 -0.034500 0.133800 0.000000 -0.000000 0.000000 0.000000 -0.015200 0.123100 11.527077 -0.216437 0.052738 -0.000000 0.004500 0.141200 11.527283 -0.186964 0.138303 -0.000000 0.035467 0.161600 -11.527061 0.226936 0.029289 0.000000 -0.045467 0.092300 0.000002 0.000000 -0.000000 -0.000000 -0.002685 0.082543 -0.000000 0.000000 0.000000 0.018800 -0.076300 0.143100 -2.367510 1.384157 -6.167374 0.173100 0.136800 -0.017100 16.640380 32.823294 -54.773374 0.274400 0.004700 0.000000 -17.659731 -0.297759 -71.303193 0.272600 -0.004700 -0.000000 -58.963780 25.370813 -3.246791 0.113505 -0.046028 -0.002000 0.000007 -0.000018 -0.000033 0.037675 -0.006459 -0.000000 -0.000015 -0.000004 0.000025 0.027202 -0.005757 -0.000000 -0.000002 0.000005 0.000048 0.023662 -0.004706 0.000000 -0.000002 -0.000002 -0.000001 0.118041 -0.020533 0.000400 8.320349 77.911606 -6.730639 0.041479 -0.001286 -0.000000 25.941178 75.648928 -20.276146 0.033078 -0.003702 0.000000 20.457547 76.237684 -16.116689 0.032483 -0.002781 0.000000 -0.000001 -0.000001 -0.000009 0.109891 0.035598 -0.001600 30.457917 82.206176 -38.040759 0.035819 0.001057 0.000000 -24.959222 75.791392 17.265692 0.025683 0.002448 0.000000 -21.743491 76.115649 17.103009 0.026731 0.002448 0.000000 -0.000002 0.000001 -0.000004 0.115267 0.008064 0.000100 -10.240701 77.844199 8.277849 0.036562 0.001400 0.000000 -4.176792 77.086341 3.328569 0.033090 0.000552 -0.000000 -0.887909 77.119509 0.708312 0.029609 0.000105 -0.000000 0.000001 -0.000000 0.000000 0.027300 -0.033600 -0.022800 -1.820966 1.845928 -4.850403 0.035686 -0.025979 -0.023293 3.228785 -2.324873 2.813565 0.032563 -0.021217 -0.020255 7.972591 -4.941019 10.468774 0.022147 -0.013446 -0.013949 0.000007 0.000006 0.000009 -0.018800 -0.076300 0.143100 -1.755339 -1.720531 -5.728487 -0.173100 0.136800 -0.017100 7.621675 -12.580172 64.251863 -0.274400 0.004700 -0.000000 -15.940466 0.269526 71.551873 -0.272600 -0.004700 0.000000 -65.474911 12.323903 12.783320 -0.113505 -0.046028 -0.002000 -0.000011 0.000080 -0.000051 -0.037675 -0.006459 -0.000000 -0.000006 -0.000012 -0.000004 -0.027202 -0.005757 0.000000 -0.000001 -0.000001 -0.000026 -0.023662 -0.004705 0.000000 0.000000 0.000002 0.000003 -0.118041 -0.020533 0.000401 -0.700320 -12.216777 -10.088038 -0.041479 -0.001286 0.000000 1.632161 -28.320857 4.265843 -0.033079 -0.003702 0.000000 0.000001 0.000003 -0.000060 -0.032483 -0.002781 -0.000000 0.000000 0.000007 0.000000 -0.109891 0.035598 -0.001600 -1.534964 -25.475783 -3.401806 -0.035819 0.001057 0.000000 -5.984778 -24.408712 0.254315 -0.025683 0.002448 0.000000 -2.095771 -14.330671 0.339641 -0.026731 0.002448 0.000000 -0.000000 0.000000 -0.000000 -0.115267 0.008064 0.000101 -3.722790 -25.717983 -11.819526 -0.036562 0.001400 0.000000 -0.514134 -24.178658 3.810898 -0.033090 0.000552 0.000000 -1.874317 -16.655845 -2.464549 -0.029610 0.000105 0.000000 0.000000 -0.000000 0.000002 -0.027300 -0.033600 -0.022800 1.960593 3.283800 -6.553469 -0.035686 -0.025978 -0.023293 1.684801 1.259600 -3.747467 -0.032563 -0.021217 -0.020255 7.972640 4.941064 -10.468846 -0.022147 -0.013446 -0.013949 0.000010 0.000000 0.000014 0.089000 -0.051500 0.015400 -86.822728 -10.044055 -9.637954 -0.000000 0.002800 -0.400300 80.377823 10.768742 1.877309 -0.000000 0.034400 -0.428100 6.321529 -0.731923 -10.161435 0.000000 -0.149000 -0.088500 -0.000000 0.000002 -0.000005 -0.000000 -0.078900 -0.000000 0.000000 0.000000 -0.000000 -0.089000 -0.051500 0.015400 -86.421380 8.380615 7.985272 0.000000 0.002800 -0.400300 79.315954 -2.019457 -0.409660 -0.000000 0.034400 -0.428100 7.117661 -6.436527 4.774079 -0.000000 -0.149000 -0.088500 -0.000002 0.000002 -0.000000 -0.000000 -0.078900 -0.000000 0.000000 -0.000000 -0.000000 
0.000000 0.000000 0.000000 -0.000000 0.000000 -0.000000 0.002794 0.331499 0.541539 0.000010 0.000000 0.000000 -0.000000 -0.034500 0.133800 0.000000 -0.000000 0.000000 -0.000000 -0.015200 0.123100 11.608244 -0.191372 0.048160 -0.000000 0.004500 0.141200 11.608454 -0.164106 0.126370 -0.000000 0.035467 0.161600 -11.608233 0.201897 0.023571 -0.000000 -0.045467 0.092300 -0.000001 -0.000000 0.000000 -0.000000 -0.002685 0.082543 -0.000001 -0.000000 0.000000 0.018800 -0.076300 0.143100 -2.367510 1.384157 -6.167383 0.173100 0.136800 -0.017100 16.416980 32.634552 -54.426642 0.274400 0.004700 0.000000 -17.575714 -0.296377 -71.506876 0.272600 -0.004700 -0.000000 -59.146139 25.350922 -3.360240 0.113505 -0.046028 -0.002000 0.000007 -0.000017 -0.000036 0.037675 -0.006459 -0.000000 -0.000016 -0.000001 0.000026 0.027202 -0.005757 -0.000000 -0.000001 0.000007 0.000045 0.023662 -0.004706 0.000000 -0.000000 -0.000002 0.000001 0.118041 -0.020533 0.000400 8.320308 77.911620 -6.730588 0.041478 -0.001286 -0.000000 25.941139 75.648935 -20.276137 0.033078 -0.003702 -0.000000 20.457528 76.237690 -16.116653 0.032483 -0.002781 0.000000 0.000001 0.000000 -0.000005 0.109890 0.035598 -0.001600 30.457808 82.206176 -38.040667 0.035819 0.001057 0.000000 -24.959248 75.791365 17.265699 0.025683 0.002448 -0.000000 -21.743409 76.115621 17.102949 0.026731 0.002448 0.000000 -0.000002 0.000001 -0.000008 0.115267 0.008064 0.000100 -10.240715 77.844199 8.277865 0.036562 0.001400 0.000000 -4.176805 77.086294 3.328568 0.033090 0.000552 -0.000000 -0.887948 77.119509 0.708344 0.029610 0.000105 -0.000000 0.000000 -0.000001 -0.000002 0.027300 -0.033600 -0.022800 -1.726894 1.776489 -4.630125 0.035686 -0.025978 -0.023293 3.159123 -2.276044 2.855222 0.032563 -0.021217 -0.020255 7.972588 -4.941017 10.468781 0.022147 -0.013446 -0.013949 0.000003 0.000002 0.000012 -0.018800 -0.076300 0.143100 -1.755341 -1.720531 -5.728486 -0.173100 0.136800 -0.017100 7.779104 -12.837756 64.255490 -0.274400 0.004700 -0.000000 -15.858709 0.268201 71.502423 -0.272600 -0.004700 0.000000 -65.175721 12.192774 12.960160 -0.113505 -0.046028 -0.002000 -0.000001 0.000005 -0.000020 -0.037675 -0.006459 -0.000000 -0.000012 -0.000002 0.000012 -0.027201 -0.005757 0.000000 0.000000 0.000001 -0.000077 -0.023662 -0.004705 0.000000 0.000002 0.000001 0.000002 -0.118041 -0.020533 0.000401 -0.700338 -12.216817 -10.088078 -0.041479 -0.001286 -0.000000 1.632192 -28.320901 4.265830 -0.033079 -0.003702 0.000000 0.000003 -0.000028 -0.000043 -0.032483 -0.002781 -0.000000 0.000000 0.000006 -0.000002 -0.109891 0.035598 -0.001600 -1.535015 -25.475849 -3.401851 -0.035819 0.001057 0.000000 -5.984761 -24.408735 0.254317 -0.025683 0.002448 0.000000 -2.095756 -14.330597 0.339685 -0.026731 0.002448 -0.000000 -0.000000 -0.000000 -0.000001 -0.115267 0.008064 0.000101 -3.722819 -25.718032 -11.819534 -0.036562 0.001400 0.000000 -0.514124 -24.178702 3.810793 -0.033091 0.000552 0.000000 -1.874291 -16.655867 -2.464445 -0.029610 0.000105 0.000000 0.000000 0.000000 0.000001 -0.027300 -0.033600 -0.022800 1.563309 3.020008 -5.658182 -0.035686 -0.025978 -0.023293 1.747555 1.302207 -3.709165 -0.032563 -0.021217 -0.020255 7.972603 4.941053 -10.468773 -0.022147 -0.013446 -0.013949 0.000013 -0.000003 0.000014 0.089000 -0.051500 0.015400 -86.822728 -10.044055 -9.637954 -0.000000 0.002800 -0.400300 80.377823 10.768742 1.877309 -0.000000 0.034400 -0.428100 6.321529 -0.731923 -10.161435 0.000000 -0.149000 -0.088500 -0.000000 0.000002 -0.000005 -0.000000 -0.078900 -0.000000 0.000000 0.000000 -0.000000 -0.089000 -0.051500 0.015400 -86.441802 8.579133 8.177402 -0.000000 0.002800 -0.400300 79.312949 -2.410994 -0.486443 0.000000 0.034400 -0.428100 7.141499 -6.239596 4.990333 -0.000000 -0.149000 -0.088500 -0.000000 0.000002 -0.000000 -0.000000 -0.078900 -0.000000 0.000000 0.000000 0.000000 
0.000000 0.000000 0.000000 -0.000000 0.000000 -0.000000 0.002794 0.331499 0.541539 0.000010 0.000000 0.000000 -0.000000 -0.034500 0.133800 0.000000 -0.000000 0.000000 -0.000000 -0.015200 0.123100 11.636785 -0.167196 0.043516 -0.000000 0.004500 0.141200 11.636902 -0.142198 0.114423 -0.000000 0.035467 0.161600 -11.636764 0.177623 0.018143 -0.000000 -0.045467 0.092300 -0.000001 -0.000000 0.000000 -0.000000 -0.002685 0.082543 -0.000001 -0.000000 0.000000 0.018800 -0.076300 0.143100 -2.367511 1.384157 -6.167376 0.173100 0.136800 -0.017100 16.312093 32.571277 -54.224814 0.274400 0.004700 0.000000 -17.475229 -0.294713 -71.464153 0.272600 -0.004700 -0.000000 -59.177900 25.465964 -3.524616 0.113505 -0.046028 -0.002000 0.000008 -0.000016 -0.000032 0.037675 -0.006459 0.000000 -0.000017 -0.000002 0.000024 0.027202 -0.005757 -0.000000 0.000001 0.000010 0.000044 0.023662 -0.004706 0.000000 0.000000 -0.000001 0.000003 0.118041 -0.020533 0.000400 8.320357 77.911626 -6.730637 0.041479 -0.001286 -0.000000 25.941147 75.648935 -20.276147 0.033078 -0.003702 -0.000000 20.457532 76.237677 -16.116642 0.032483 -0.002781 0.000000 -0.000000 -0.000001 -0.000007 0.109890 0.035597 -0.001600 30.457893 82.206176 -38.040762 0.035819 0.001057 -0.000000 -24.959311 75.791385 17.265755 0.025683 0.002448 -0.000000 -21.743361 76.115594 17.102923 0.026731 0.002448 0.000000 -0.000000 0.000000 -0.000003 0.115267 0.008064 0.000100 -10.240724 77.844199 8.277870 0.036562 0.001400 0.000000 -4.176805 77.086287 3.328561 0.033091 0.000552 -0.000000 -0.887931 77.119509 0.708348 0.029610 0.000105 -0.000000 -0.000000 0.000001 0.000003 0.027300 -0.033600 -0.022800 -1.628876 1.702498 -4.398566 0.035686 -0.025978 -0.023293 3.088963 -2.226903 2.897381 0.032563 -0.021217 -0.020255 7.972589 -4.941018 10.468777 0.022147 -0.013446 -0.013949 0.000005 0.000002 0.000009 -0.018800 -0.076300 0.143100 -1.755340 -1.720531 -5.728481 -0.173100 0.136800 -0.017100 8.091977 -13.315995 64.390727 -0.274400 0.004700 0.000000 -15.709671 0.265758 71.255334 -0.272600 -0.004700 -0.000000 -64.641593 11.945724 13.095648 -0.113505 -0.046028 -0.002000 0.000007 0.000049 0.000038 -0.037675 -0.006459 -0.000000 -0.000013 -0.000011 0.000067 -0.027202 -0.005757 0.000000 -0.000012 0.000058 -0.000204 -0.023662 -0.004705 0.000000 -0.000001 0.000000 0.000001 -0.118041 -0.020533 0.000401 -0.700323 -12.216785 -10.088106 -0.041479 -0.001286 0.000000 1.632207 -28.320881 4.265843 -0.033078 -0.003702 0.000000 0.000004 0.000015 0.000062 -0.032483 -0.002781 -0.000000 -0.000001 0.000006 0.000000 -0.109891 0.035598 -0.001600 -1.534958 -25.475806 -3.401811 -0.035819 0.001057 0.000000 -5.984769 -24.408731 0.254399 -0.025683 0.002448 0.000000 -2.095786 -14.330597 0.339664 -0.026731 0.002448 0.000000 -0.000000 -0.000000 0.000001 -0.115267 0.008064 0.000101 -3.722769 -25.717991 -11.819468 -0.036562 0.001400 0.000000 -0.514157 -24.178660 3.810843 -0.033090 0.000552 0.000000 -1.874310 -16.655809 -2.464599 -0.029610 0.000105 0.000000 0.000000 0.000000 -0.000000 -0.027300 -0.033600 -0.022800 1.138315 2.692147 -4.655143 -0.035686 -0.025978 -0.023293 1.820126 1.351504 -3.664820 -0.032563 -0.021217 -0.020255 7.972601 4.941044 -10.468783 -0.022147 -0.013447 -0.013949 0.000013 -0.000006 0.000017 0.089000 -0.051500 0.015400 -86.822728 -10.044055 -9.637954 -0.000000 0.002800 -0.400300 80.377823 10.768742 1.877309 -0.000000 0.034400 -0.428100 6.321529 -0.731923 -10.161435 0.000000 -0.149000 -0.088500 -0.000000 0.000002 -0.000005 -0.000000 -0.078900 -0.000000 0.000000 0.000000 -0.000000 -0.089000 -0.051500 0.015400 -86.460981 8.772731 8.364790 0.000000 0.002800 -0.400300 79.309588 -2.792809 -0.561357 0.000000 0.034400 -0.428100 7.163992 -6.047534 5.200996 -0.000000 -0.149000 -0.088500 0.000000 0.000002 -0.000001 -0.000000 -0.078900 -0.000000 0.000000 0.000000 0.000000 
0.000000 0.000000 0.000000 -0.000000 0.000000 -0.000000 0.002794 0.331499 0.541539 0.000010 0.000000 0.000000 -0.000000 -0.034500 0.133800 0.000000 -0.000000 0.000000 -0.000000 -0.015200 0.123100 11.618844 -0.144142 0.038941 0.000000 0.004500 0.141200 11.618959 -0.121399 0.102750 -0.000000 0.035467 0.161600 -11.618801 0.154391 0.013023 -0.000000 -0.045467 0.092300 -0.000004 0.000000 -0.000000 0.000000 -0.002685 0.082543 -0.000002 0.000000 -0.000000 0.018800 -0.076300 0.143100 -2.367510 1.384157 -6.167375 0.173100 0.136800 -0.017100 16.302635 32.610472 -54.140761 0.274400 0.004700 0.000000 -17.358292 -0.292833 -71.225165 0.272600 -0.004700 0.000000 -59.094045 25.682638 -3.723797 0.113505 -0.046028 -0.002000 0.000007 -0.000018 -0.000035 0.037675 -0.006459 -0.000000 -0.000016 -0.000005 0.000023 0.027202 -0.005757 0.000000 0.000003 0.000009 0.000044 0.023662 -0.004706 0.000000 0.000002 0.000002 0.000003 0.118041 -0.020533 0.000400 8.320383 77.911620 -6.730663 0.041478 -0.001286 -0.000000 25.941204 75.648928 -20.276180 0.033078 -0.003702 -0.000000 20.457540 76.237684 -16.116646 0.032483 -0.002781 0.000000 -0.000001 0.000001 -0.000004 0.109890 0.035597 -0.001600 30.457880 82.206176 -38.040762 0.035819 0.001057 -0.000000 -24.959275 75.791365 17.265711 0.025683 0.002448 0.000000 -21.743385 76.115601 17.102929 0.026731 0.002448 0.000000 -0.000002 0.000001 -0.000004 0.115266 0.008064 0.000100 -10.240953 77.844199 8.278196 0.036562 0.001400 -0.000000 -4.176384 77.086314 3.328222 0.033090 0.000552 -0.000000 -0.887906 77.119516 0.708323 0.029609 0.000105 -0.000000 0.000000 0.000000 0.000001 0.027300 -0.033600 -0.022800 -1.527270 1.623963 -4.156235 0.035686 -0.025979 -0.023293 3.018820 -2.177879 2.939466 0.032563 -0.021217 -0.020255 7.972591 -4.941016 10.468777 0.022147 -0.013446 -0.013949 0.000003 0.000007 0.000009 -0.018800 -0.076300 0.143100 -1.755338 -1.720531 -5.728484 -0.173100 0.136800 -0.017100 8.537697 -13.980000 64.628739 -0.274400 0.004700 0.000000 -15.508336 0.262436 70.836773 -0.272600 -0.004700 0.000000 -63.903953 11.593257 13.181524 -0.113505 -0.046028 -0.002000 -0.000017 0.000030 0.000027 -0.037675 -0.006459 -0.000000 -0.000016 -0.000004 -0.000053 -0.027201 -0.005757 0.000000 -0.000000 0.000002 0.000107 -0.023662 -0.004705 0.000000 0.000000 0.000000 -0.000002 -0.118041 -0.020533 0.000401 -0.700338 -12.216776 -10.088109 -0.041479 -0.001286 -0.000000 1.632218 -28.320908 4.265906 -0.033079 -0.003702 0.000000 -0.000006 0.000030 -0.000068 -0.032483 -0.002781 -0.000000 -0.000000 0.000009 -0.000001 -0.109891 0.035597 -0.001600 -1.534974 -25.475806 -3.401787 -0.035819 0.001057 0.000000 -5.984805 -24.408787 0.254327 -0.025683 0.002448 0.000000 -2.095774 -14.330589 0.339584 -0.026731 0.002448 0.000000 -0.000000 0.000000 0.000001 -0.115267 0.008064 0.000101 -3.722811 -25.718020 -11.819519 -0.036562 0.001400 0.000000 -0.514138 -24.178661 3.810866 -0.033091 0.000552 0.000000 -1.874314 -16.655864 -2.464610 -0.029610 0.000105 0.000000 0.000000 -0.000000 0.000000 -0.027300 -0.033600 -0.022800 0.723082 2.308110 -3.609663 -0.035686 -0.025979 -0.023293 1.899689 1.405690 -3.616295 -0.032563 -0.021217 -0.020255 7.972656 4.941052 -10.468875 -0.022147 -0.013446 -0.013949 0.000009 -0.000004 0.000012 0.089000 -0.051500 0.015400 -86.822728 -10.044055 -9.637954 -0.000000 0.002800 -0.400300 80.377823 10.768742 1.877309 -0.000000 0.034400 -0.428100 6.321529 -0.731923 -10.161435 0.000000 -0.149000 -0.088500 -0.000000 0.000002 -0.000005 -0.000000 -0.078900 -0.000000 0.000000 0.000000 -0.000000 -0.089000 -0.051500 0.015400 -86.478938 8.960489 8.546555 -0.000000 0.002800 -0.400300 79.305791 -3.163101 -0.634057 -0.000000 0.034400 -0.428100 7.185099 -5.861252 5.405080 -0.000000 -0.149000 -0.088500 -0.000002 0.000002 -0.000000 -0.000000 -0.078900 -0.000000 -0.000000 -0.000000 -0.000000 
0.000000 0.000000 0.000000 -0.000000 0.000000 -0.000000 0.002794 0.331499 0.541539 0.000010 0.000000 0.000000 -0.000000 -0.034500 0.133800 0.000000 -0.000000 0.000000 0.000000 -0.015200 0.123100 11.568008 -0.122437 0.034568 0.000000 0.004500 0.141200 11.568213 -0.101862 0.091636 -0.000000 0.035467 0.161600 -11.568057 0.132478 0.008228 -0.000000 -0.045467 0.092300 -0.000002 0.000000 -0.000000 0.000000 -0.002685 0.082543 0.000001 0.000000 0.000000 0.018800 -0.076300 0.143100 -2.367509 1.384157 -6.167378 0.173100 0.136800 -0.017100 16.358132 32.717241 -54.140399 0.274400 0.004700 0.000000 -17.226734 -0.290732 -70.855044 0.272600 -0.004700 0.000000 -58.934724 25.959129 -3.947261 0.113505 -0.046028 -0.002000 0.000009 -0.000016 -0.000033 0.037675 -0.006459 -0.000000 -0.000017 -0.000004 0.000023 0.027201 -0.005757 -0.000000 0.000000 0.000005 0.000044 0.023662 -0.004706 0.000000 -0.000002 0.000002 0.000003 0.118041 -0.020533 0.000400 8.320359 77.911626 -6.730632 0.041478 -0.001286 -0.000000 25.941099 75.648894 -20.276088 0.033078 -0.003702 -0.000000 20.457569 76.237684 -16.116687 0.032483 -0.002781 0.000000 0.000000 0.000000 -0.000006 0.109891 0.035598 -0.001600 30.457914 82.206176 -38.040776 0.035819 0.001057 -0.000000 -24.959282 75.791365 17.265711 0.025683 0.002448 0.000000 -21.743359 76.115601 17.102905 0.026731 0.002448 0.000000 -0.000002 -0.000000 -0.000004 0.115266 0.008064 0.000100 -10.240700 77.844192 8.277866 0.036562 0.001400 0.000000 -4.176788 77.086287 3.328585 0.033090 0.000552 -0.000000 -0.887915 77.119509 0.708328 0.029609 0.000105 -0.000000 0.000002 0.000001 0.000001 0.027300 -0.033600 -0.022800 -1.422524 1.540922 -3.903836 0.035686 -0.025979 -0.023293 2.949366 -2.129396 2.981190 0.032563 -0.021217 -0.020255 7.972590 -4.941014 10.468780 0.022147 -0.013446 -0.013949 0.000012 0.000011 0.000015 -0.018800 -0.076300 0.143100 -1.755339 -1.720531 -5.728487 -0.173100 0.136800 -0.017100 9.083507 -14.780668 64.931057 -0.274400 0.004700 0.000000 -15.273432 0.258518 70.290713 -0.272600 -0.004700 -0.000000 -63.004602 11.156965 13.216066 -0.113505 -0.046028 -0.002000 -0.000017 0.000049 0.000028 -0.037675 -0.006459 -0.000000 -0.000011 -0.000007 0.000068 -0.027202 -0.005757 0.000000 -0.000001 0.000000 -0.000085 -0.023662 -0.004705 0.000000 0.000000 -0.000004 0.000000 -0.118041 -0.020533 0.000401 -0.700326 -12.216787 -10.088080 -0.041479 -0.001286 0.000000 1.632180 -28.320824 4.265804 -0.033079 -0.003702 0.000000 0.000001 -0.000026 0.000005 -0.032483 -0.002781 -0.000000 0.000001 0.000003 0.000001 -0.109891 0.035598 -0.001600 -1.534965 -25.475789 -3.401787 -0.035819 0.001057 0.000000 -5.984803 -24.408764 0.254278 -0.025683 0.002448 0.000000 -2.095762 -14.330609 0.339733 -0.026731 0.002448 -0.000000 0.000000 0.000000 -0.000000 -0.115267 0.008064 0.000101 -3.722760 -25.717984 -11.819459 -0.036562 0.001400 0.000000 -0.514172 -24.178651 3.810743 -0.033091 0.000552 0.000000 -1.874295 -16.655891 -2.464499 -0.029610 0.000105 0.000000 0.000000 -0.000000 -0.000001 -0.027300 -0.033600 -0.022800 0.353844 1.878692 -2.586797 -0.035686 -0.025978 -0.023293 1.984634 1.463591 -3.564748 -0.032563 -0.021217 -0.020255 7.972615 4.941058 -10.468805 -0.022147 -0.013446 -0.013949 0.000017 -0.000003 0.000014 0.089000 -0.051500 0.015400 -86.822728 -10.044055 -9.637954 -0.000000 0.002800 -0.400300 80.377823 10.768742 1.877309 -0.000000 0.034400 -0.428100 6.321529 -0.731923 -10.161435 0.000000 -0.149000 -0.088500 -0.000000 0.000002 -0.000005 -0.000000 -0.078900 -0.000000 0.000000 0.000000 -0.000000 -0.089000 -0.051500 0.015400 -86.495624 9.141480 8.721781 0.000000 0.002800 -0.400300 79.301686 -3.520048 -0.704186 -0.000000 0.034400 -0.428100 7.204846 -5.681662 5.601632 -0.000000 -0.149000 -0.088500 0.000000 0.000002 -0.000001 -0.000000 -0.078900 -0.000000 0.000000 -0.000000 -0.000000 
0.000000 0.000000 0.000000 -0.000000 0.000000 -0.000000 0.002794 0.331499 0.541539 0.000010 0.000000 0.000000 -0.000000 -0.034500 0.133800 0.000000 -0.000000 0.000000 0.000000 -0.015200 0.123100 11.488960 -0.102329 0.030491 -0.000000 0.004500 0.141200 11.489156 -0.083783 0.081290 -0.000000 0.035467 0.161600 -11.488980 0.112153 0.003793 0.000000 -0.045467 0.092300 -0.000000 0.000000 -0.000000 -0.000000 -0.002685 0.082543 -0.000000 0.000000 -0.000000 0.018800 -0.076300 0.143100 -2.367509 1.384157 -6.167376 0.173100 0.136800 -0.017100 16.458937 32.870343 -54.198934 0.274400 0.004700 0.000000 -17.081576 -0.288323 -70.399866 0.272600 -0.004700 -0.000000 -58.733200 26.264890 -4.178972 0.113505 -0.046028 -0.002000 0.000009 -0.000017 -0.000036 0.037675 -0.006459 -0.000000 -0.000017 -0.000005 0.000023 0.027201 -0.005757 -0.000000 -0.000001 0.000003 0.000044 0.023662 -0.004706 0.000000 0.000001 -0.000002 0.000002 0.118041 -0.020533 0.000400 8.320315 77.911613 -6.730596 0.041479 -0.001286 -0.000000 25.941159 75.648921 -20.276132 0.033078 -0.003702 -0.000000 20.457497 76.237670 -16.116607 0.032483 -0.002781 0.000000 -0.000001 0.000000 -0.000003 0.109890 0.035598 -0.001600 30.457921 82.206197 -38.040780 0.035819 0.001057 -0.000000 -24.959243 75.791372 17.265685 0.025683 0.002448 -0.000000 -21.743482 76.115662 17.103016 0.026731 0.002448 0.000000 -0.000000 -0.000001 -0.000005 0.115266 0.008064 0.000100 -10.241071 77.844199 8.278293 0.036562 0.001400 0.000000 -4.176390 77.086307 3.328229 0.033090 0.000552 -0.000000 -0.887919 77.119516 0.708325 0.029609 0.000105 -0.000000 -0.000000 -0.000001 0.000000 0.027300 -0.033600 -0.022800 -1.315140 1.453315 -3.642087 0.035686 -0.025978 -0.023293 2.881212 -2.081882 3.022159 0.032563 -0.021217 -0.020255 7.972588 -4.941017 10.468774 0.022147 -0.013447 -0.013949 -0.000000 0.000007 0.000017 -0.018800 -0.076300 0.143100 -1.755340 -1.720531 -5.728484 -0.173100 0.136800 -0.017100 9.708388 -15.686412 65.270845 -0.274400 0.004700 0.000000 -15.019110 0.254337 69.640247 -0.272600 -0.004700 -0.000000 -61.972082 10.645622 13.190455 -0.113505 -0.046028 -0.002000 -0.000018 0.000052 -0.000011 -0.037675 -0.006459 -0.000000 -0.000008 -0.000007 0.000072 -0.027202 -0.005757 0.000000 -0.000003 -0.000006 -0.000057 -0.023662 -0.004705 0.000000 0.000000 0.000001 0.000000 -0.118041 -0.020533 0.000401 -0.700324 -12.216811 -10.088072 -0.041479 -0.001286 0.000000 1.632179 -28.320833 4.265871 -0.033078 -0.003702 0.000000 0.000005 -0.000008 -0.000026 -0.032483 -0.002781 -0.000000 -0.000000 0.000011 0.000000 -0.109891 0.035598 -0.001600 -1.534968 -25.475798 -3.401794 -0.035819 0.001057 0.000000 -5.984789 -24.408735 0.254337 -0.025683 0.002448 0.000000 -2.095779 -14.330649 0.339670 -0.026731 0.002448 0.000000 0.000000 -0.000000 -0.000000 -0.115267 0.008064 0.000101 -3.722782 -25.717984 -11.819515 -0.036562 0.001400 0.000000 -0.514136 -24.178639 3.810814 -0.033090 0.000552 0.000000 -1.874295 -16.655891 -2.464526 -0.029610 0.000105 0.000000 0.000001 -0.000000 -0.000000 -0.027300 -0.033600 -0.022800 0.065294 1.417254 -1.651162 -0.035686 -0.025978 -0.023293 2.074361 1.524889 -3.510138 -0.032563 -0.021217 -0.020255 7.972592 4.941053 -10.468783 -0.022147 -0.013447 -0.013949 0.000011 0.000003 0.000009 0.089000 -0.051500 0.015400 -86.822728 -10.044055 -9.637954 -0.000000 0.002800 -0.400300 80.377823 10.768742 1.877309 -0.000000 0.034400 -0.428100 6.321529 -0.731923 -10.161435 0.000000 -0.149000 -0.088500 -0.000000 0.000002 -0.000005 -0.000000 -0.078900 -0.000000 0.000000 0.000000 -0.000000 -0.089000 -0.051500 0.015400 -86.511033 9.314792 8.889585 0.000000 0.002800 -0.400300 79.297369 -3.861851 -0.771394 0.000000 0.034400 -0.428100 7.223131 -5.509681 5.789681 -0.000000 -0.149000 -0.088500 0.000002 0.000002 -0.000000 -0.000000 -0.078900 -0.000000 0.000000 0.000000 0.000000 
0.000000 0.000000 0.000000 -0.000000 0.000000 -0.000000 0.002794 0.331499 0.541539 0.000010 0.000000 0.000000 -0.000000 -0.034500 0.133800 0.000000 -0.000000 0.000000 0.000000 -0.015200 0.123100 11.386240 -0.084070 0.026788 -0.000000 0.004500 0.141200 11.386271 -0.067368 0.071895 -0.000000 0.035467 0.161600 -11.386218 0.093685 -0.000235 0.000000 -0.045467 0.092300 -0.000001 -0.000000 0.000000 -0.000000 -0.002685 0.082543 -0.000000 0.000000 -0.000000 0.018800 -0.076300 0.143100 -2.367506 1.384158 -6.167379 0.173100 0.136800 -0.017100 16.585716 33.049489 -54.291149 0.274400 0.004700 0.000000 -16.923108 -0.285702 -69.906570 0.272600 -0.004700 -0.000000 -58.522994 26.569794 -4.402192 0.113505 -0.046028 -0.002000 0.000007 -0.000020 -0.000033 0.037675 -0.006459 0.000000 -0.000015 -0.000002 0.000026 0.027202 -0.005757 -0.000000 -0.000001 0.000004 0.000046 0.023662 -0.004706 0.000000 0.000000 -0.000003 0.000001 0.118041 -0.020533 0.000400 8.320344 77.911620 -6.730618 0.041479 -0.001286 -0.000000 25.941168 75.648928 -20.276154 0.033079 -0.003703 0.000000 20.457552 76.237690 -16.116661 0.032483 -0.002781 0.000000 0.000000 -0.000001 -0.000005 0.109891 0.035597 -0.001600 30.457914 82.206176 -38.040742 0.035819 0.001057 -0.000000 -24.959273 75.791365 17.265736 0.025683 0.002448 -0.000000 -21.743410 76.115649 17.102961 0.026731 0.002447 0.000000 -0.000002 0.000001 -0.000008 0.115266 0.008064 0.000100 -10.240719 77.844212 8.277893 0.036562 0.001400 -0.000000 -4.176807 77.086287 3.328544 0.033090 0.000552 -0.000000 -0.887919 77.119509 0.708339 0.029609 0.000105 -0.000000 -0.000000 0.000001 0.000003 0.027300 -0.033600 -0.022800 -1.205532 1.361103 -3.371543 0.035686 -0.025978 -0.023294 2.814950 -2.035790 3.062003 0.032563 -0.021217 -0.020255 7.972590 -4.941021 10.468774 0.022147 -0.013446 -0.013949 0.000005 0.000002 0.000014 -0.018800 -0.076300 0.143100 -1.755337 -1.720531 -5.728481 -0.173100 0.136800 -0.017100 10.390335 -16.666350 65.620879 -0.274400 0.004700 0.000000 -14.758823 0.250006 68.909936 -0.272600 -0.004700 -0.000000 -60.833818 10.068759 13.095079 -0.113505 -0.046028 -0.002000 -0.000017 0.000034 -0.000016 -0.037675 -0.006459 -0.000000 -0.000017 -0.000001 0.000035 -0.027202 -0.005757 0.000000 -0.000000 -0.000008 -0.000052 -0.023662 -0.004705 0.000000 -0.000000 0.000002 0.000003 -0.118041 -0.020533 0.000401 -0.700338 -12.216782 -10.088105 -0.041479 -0.001286 -0.000000 1.632207 -28.320901 4.265841 -0.033079 -0.003702 -0.000000 -0.000004 0.000012 -0.000002 -0.032483 -0.002781 -0.000000 -0.000001 0.000007 0.000002 -0.109891 0.035598 -0.001600 -1.534989 -25.475818 -3.401862 -0.035819 0.001057 0.000000 -5.984757 -24.408743 0.254437 -0.025683 0.002448 0.000000 -2.095789 -14.330615 0.339618 -0.026731 0.002448 0.000000 -0.000000 0.000000 0.000001 -0.115267 0.008064 0.000101 -3.722794 -25.718043 -11.819480 -0.036562 0.001400 0.000000 -0.514163 -24.178706 3.810785 -0.033091 0.000552 0.000000 -1.874304 -16.655852 -2.464478 -0.029610 0.000105 0.000000 0.000001 -0.000000 -0.000001 -0.027300 -0.033600 -0.022800 -0.110058 0.939194 -0.866137 -0.035686 -0.025978 -0.023293 2.169888 1.590351 -3.452035 -0.032563 -0.021217 -0.020255 7.972675 4.941054 -10.468903 -0.022147 -0.013447 -0.013949 0.000011 -0.000003 0.000010 0.089000 -0.051500 0.015400 -86.822728 -10.044055 -9.637954 -0.000000 0.002800 -0.400300 80.377823 10.768742 1.877309 -0.000000 0.034400 -0.428100 6.321529 -0.731923 -10.161435 0.000000 -0.149000 -0.088500 -0.000000 0.000002 -0.000005 -0.000000 -0.078900 -0.000000 0.000000 0.000000 -0.000000 -0.089000 -0.051500 0.015400 -86.525171 9.479519 9.049083 0.000000 0.002800 -0.400300 79.292875 -4.186698 -0.835314 -0.000000 0.034400 -0.428100 7.239997 -5.346213 5.968247 -0.000000 -0.149000 -0.088500 0.000002 0.000002 -0.000001 -0.000000 -0.078900 -0.000000 -0.000000 -0.000000 -0.000000 
0.000000 0.000000 0.000000 -0.000000 0.000000 -0.000000 0.002794 0.331499 0.541539 0.000010 0.000000 0.000000 -0.000000 -0.034500 0.133800 0.000000 -0.000000 0.000000 0.000000 -0.015200 0.123100 11.264265 -0.067913 0.023529 0.000000 0.004500 0.141200 11.264325 -0.052842 0.063615 -0.000000 0.035467 0.161600 -11.264263 0.077341 -0.003809 0.000000 -0.045467 0.092300 0.000002 0.000000 -0.000000 -0.000000 -0.002685 0.082543 -0.000001 -0.000000 -0.000000 0.018800 -0.076300 0.143100 -2.367513 1.384157 -6.167382 0.173100 0.136800 -0.017100 16.719413 33.235202 -54.391641 0.274400 0.004700 0.000000 -16.750945 -0.282884 -69.423088 0.272600 -0.004700 -0.000000 -58.337909 26.843806 -4.598981 0.113505 -0.046028 -0.002000 0.000007 -0.000018 -0.000035 0.037675 -0.006459 -0.000000 -0.000014 0.000000 0.000025 0.027202 -0.005757 -0.000000 -0.000000 0.000006 0.000043 0.023662 -0.004706 0.000000 -0.000001 0.000001 -0.000001 0.118040 -0.020533 0.000400 8.320321 77.911613 -6.730596 0.041478 -0.001286 -0.000000 25.941175 75.648928 -20.276166 0.033078 -0.003702 0.000000 20.457470 76.237649 -16.116572 0.032483 -0.002781 0.000000 -0.000000 -0.000002 -0.000004 0.109890 0.035597 -0.001600 30.457876 82.206176 -38.040715 0.035819 0.001057 -0.000000 -24.959331 75.791406 17.265769 0.025683 0.002448 -0.000000 -21.743354 76.115594 17.102905 0.026731 0.002448 0.000000 -0.000001 -0.000000 -0.000005 0.115266 0.008064 0.000100 -10.240976 77.844206 8.278206 0.036562 0.001400 0.000000 -4.176423 77.086314 3.328243 0.033090 0.000552 -0.000000 -0.887927 77.119509 0.708332 0.029609 0.000105 -0.000000 -0.000001 -0.000000 0.000000 0.027300 -0.033600 -0.022800 -1.094236 1.264247 -3.092990 0.035686 -0.025978 -0.023293 2.751277 -1.991524 3.100407 0.032563 -0.021217 -0.020255 7.972590 -4.941016 10.468776 0.022147 -0.013446 -0.013949 0.000002 0.000005 0.000012 -0.018800 -0.076300 0.143100 -1.755341 -1.720531 -5.728485 -0.173100 0.136800 -0.017100 11.106285 -17.690747 65.953864 -0.274400 0.004700 0.000000 -14.504986 0.245819 68.125495 -0.272600 -0.004700 -0.000000 -59.616207 9.436748 12.919068 -0.113505 -0.046028 -0.002000 -0.000019 0.000063 0.000015 -0.037675 -0.006459 0.000000 -0.000010 0.000001 0.000018 -0.027201 -0.005757 0.000000 0.000001 -0.000007 -0.000078 -0.023662 -0.004705 0.000000 0.000001 -0.000000 0.000001 -0.118041 -0.020533 0.000401 -0.700332 -12.216807 -10.088040 -0.041479 -0.001286 -0.000000 1.632163 -28.320874 4.265810 -0.033078 -0.003702 0.000000 -0.000002 0.000003 0.000027 -0.032483 -0.002781 -0.000000 -0.000000 0.000005 0.000000 -0.109891 0.035598 -0.001600 -1.534977 -25.475801 -3.401857 -0.035819 0.001057 0.000000 -5.984754 -24.408767 0.254430 -0.025683 0.002448 0.000000 -2.095783 -14.330603 0.339674 -0.026731 0.002448 0.000000 0.000000 0.000000 0.000003 -0.115267 0.008064 0.000101 -3.722784 -25.718029 -11.819490 -0.036562 0.001400 0.000000 -0.514158 -24.178653 3.810750 -0.033090 0.000552 0.000000 -1.874284 -16.655826 -2.464461 -0.029610 0.000105 0.000000 0.000001 -0.000000 -0.000000 -0.027300 -0.033600 -0.022800 -0.141451 0.461199 -0.294845 -0.035686 -0.025978 -0.023293 2.273641 1.661531 -3.389166 -0.032563 -0.021217 -0.020255 7.972577 4.941063 -10.468755 -0.022147 -0.013446 -0.013949 0.000009 -0.000002 0.000012 0.089000 -0.051500 0.015400 -86.822728 -10.044055 -9.637954 -0.000000 0.002800 -0.400300 80.377823 10.768742 1.877309 -0.000000 0.034400 -0.428100 6.321529 -0.731923 -10.161435 0.000000 -0.149000 -0.088500 -0.000000 0.000002 -0.000005 -0.000000 -0.078900 -0.000000 0.000000 0.000000 -0.000000 -0.089000 -0.051500 0.015400 -86.538066 9.634724 9.199362 0.000000 0.002800 -0.400300 79.288333 -4.492785 -0.895600 -0.000000 0.034400 -0.428100 7.255394 -5.192181 6.136378 -0.000000 -0.149000 -0.088500 -0.000001 0.000002 -0.000000 -0.000000 -0.078900 -0.000000 0.000000 -0.000000 -0.000000 
0.000000 0.000000 0.000000 -0.000000 0.000000 -0.000000 0.002794 0.331499 0.541539 0.000010 0.000000 0.000000 -0.000000 -0.034500 0.133800 0.000000 -0.000000 0.000000 0.000000 -0.015200 0.123100 11.127655 -0.054117 0.020768 -0.000000 0.004500 0.141200 11.127698 -0.040431 0.056589 0.000000 0.035467 0.161600 -11.127665 0.063385 -0.006871 0.000000 -0.045467 0.092300 0.000001 0.000000 -0.000000 -0.000000 -0.002685 0.082543 0.000001 -0.000000 -0.000000 0.018800 -0.076300 0.143100 -2.367511 1.384157 -6.167378 0.173100 0.136800 -0.017100 16.840605 33.408812 -54.473938 0.274400 0.004700 0.000000 -16.563782 -0.279832 -68.998981 0.272600 -0.004700 0.000000 -58.212247 27.056679 -4.750135 0.113505 -0.046028 -0.002000 0.000009 -0.000018 -0.000032 0.037675 -0.006459 -0.000000 -0.000017 -0.000003 0.000021 0.027201 -0.005757 -0.000000 0.000001 0.000003 0.000042 0.023662 -0.004706 0.000000 0.000001 0.000000 -0.000000 0.118041 -0.020533 0.000400 7.036538 76.090124 -5.433845 0.041478 -0.001286 -0.000000 23.687386 74.410178 -18.401513 0.033078 -0.003702 -0.000000 17.613133 74.203250 -13.365893 0.032483 -0.002781 0.000000 -0.000000 -0.000000 -0.000008 0.109890 0.035597 -0.001600 24.109586 80.860362 -31.524704 0.035819 0.001057 -0.000000 -22.943239 74.422042 15.136497 0.025683 0.002448 -0.000000 -19.226252 74.480938 14.640729 0.026731 0.002448 0.000000 -0.000001 -0.000000 -0.000003 0.115267 0.008064 0.000100 -9.794161 76.380557 8.046292 0.036562 0.001400 0.000000 -3.526465 75.603692 2.491270 0.033090 0.000552 -0.000000 -1.065306 75.427350 0.866145 0.029609 0.000105 -0.000000 0.000001 -0.000001 -0.000001 0.027300 -0.033600 -0.022800 -0.981677 1.162563 -2.806903 0.035686 -0.025978 -0.023293 2.690726 -1.949481 3.136887 0.032563 -0.021217 -0.020255 7.972586 -4.941013 10.468772 0.022147 -0.013446 -0.013949 0.000002 0.000006 0.000013 -0.018800 -0.076300 0.143100 -1.755341 -1.720531 -5.728481 -0.173100 0.136800 -0.017100 11.842623 -18.772106 66.174575 -0.274400 0.004700 0.000000 -14.243680 0.241468 67.434109 -0.272600 -0.004700 0.000000 -58.380994 8.787390 12.613824 -0.113505 -0.046028 -0.002000 -0.000015 0.000022 0.000044 -0.037675 -0.006459 -0.000000 -0.000012 -0.000019 0.000009 -0.027201 -0.005757 0.000000 -0.000004 0.000027 -0.000044 -0.023662 -0.004705 0.000000 -0.000000 -0.000001 0.000000 -0.118041 -0.020533 0.000401 -0.700319 -12.216810 -10.088117 -0.041479 -0.001286 -0.000000 1.632219 -28.320901 4.265852 -0.033078 -0.003702 0.000000 -0.000004 0.000022 0.000015 -0.032483 -0.002781 -0.000000 -0.000001 0.000007 -0.000000 -0.109891 0.035597 -0.001600 -1.534982 -25.475847 -3.401799 -0.035819 0.001057 0.000000 -5.984793 -24.408765 0.254346 -0.025683 0.002448 -0.000000 -2.095778 -14.330635 0.339637 -0.026731 0.002448 0.000000 0.000000 0.000001 0.000002 -0.115267 0.008064 0.000101 -3.722792 -25.718056 -11.819472 -0.036562 0.001400 0.000000 -0.514164 -24.178663 3.810769 -0.033090 0.000552 0.000000 -1.874301 -16.655852 -2.464555 -0.029610 0.000105 0.000000 0.000000 0.000000 -0.000000 -0.027300 -0.033600 -0.022800 -0.000030 0.000024 0.000036 -0.035686 -0.025978 -0.023293 2.389025 1.740933 -3.319229 -0.032563 -0.021217 -0.020255 7.972654 4.941054 -10.468880 -0.022147 -0.013446 -0.013949 0.000010 0.000001 0.000010 0.089000 -0.051500 0.015400 -86.822728 -10.044055 -9.637954 -0.000000 0.002800 -0.400300 80.377823 10.768742 1.877309 -0.000000 0.034400 -0.428100 6.321529 -0.731923 -10.161435 0.000000 -0.149000 -0.088500 -0.000000 0.000002 -0.000005 -0.000000 -0.078900 -0.000000 0.000000 0.000000 -0.000000 -0.089000 -0.051500 0.015400 -86.549623 9.779508 9.339540 -0.000000 0.002800 -0.400300 79.283770 -4.778293 -0.951868 0.000000 0.034400 -0.428100 7.269354 -5.048490 6.293096 -0.000000 -0.149000 -0.088500 -0.000002 0.000002 -0.000001 0.000000 -0.078900 -0.000000 -0.000000 0.000000 0.000000 
0.000000 0.000000 0.000000 -0.000000 0.000000 -0.000000 0.002794 0.331499 0.541539 0.000010 0.000000 0.000000 -0.000000 -0.034500 0.133800 0.000000 -0.000000 0.000000 0.000000 -0.015200 0.123100 10.980964 -0.042945 0.018553 0.000000 0.004500 0.141200 10.980974 -0.030375 0.050939 -0.000000 0.035467 0.161600 -10.980963 0.052079 -0.009361 0.000000 -0.045467 0.092300 0.000000 0.000000 -0.000000 0.000000 -0.002685 0.082543 -0.000002 0.000000 -0.000000 0.018800 -0.076300 0.143100 -2.367513 1.384158 -6.167376 0.173100 0.136800 -0.017100 16.930017 33.552211 -54.511887 0.274400 0.004700 0.000000 -16.359823 -0.276510 -68.683815 0.272600 -0.004700 -0.000000 -58.180316 27.178597 -4.836037 0.113505 -0.046028 -0.002000 0.000008 -0.000020 -0.000032 0.037675 -0.006459 -0.000000 -0.000018 -0.000005 0.000022 0.027201 -0.005757 -0.000000 -0.000003 0.000008 0.000044 0.023662 -0.004706 0.000000 -0.000001 -0.000004 -0.000003 0.118041 -0.020533 0.000400 4.615678 71.129665 -2.901325 0.041478 -0.001286 -0.000000 18.892493 70.976539 -14.574189 0.033079 -0.003702 -0.000000 12.591271 68.560435 -8.600764 0.032483 -0.002781 0.000000 0.000002 -0.000000 -0.000004 0.109891 0.035598 -0.001600 13.791308 76.878417 -20.708010 0.035819 0.001057 -0.000000 -18.971337 70.629340 10.916468 0.025683 0.002448 -0.000000 -14.470034 69.941479 10.033159 0.026731 0.002448 -0.000000 0.000000 0.000000 -0.000002 0.115266 0.008064 0.000100 -8.941320 72.406371 7.808374 0.036562 0.001400 0.000000 -2.399624 71.571879 0.894551 0.033090 0.000552 -0.000000 -1.403374 70.833686 1.161186 0.029609 0.000105 -0.000000 -0.000000 -0.000000 0.000004 0.027300 -0.033600 -0.022800 -0.868391 1.056003 -2.514026 0.035686 -0.025979 -0.023293 2.633926 -1.910153 3.171129 0.032563 -0.021217 -0.020255 7.972584 -4.941015 10.468774 0.022147 -0.013446 -0.013949 0.000008 0.000002 0.000014 -0.018800 -0.076300 0.143100 -1.755343 -1.720531 -5.728484 -0.173100 0.136800 -0.017100 12.559461 -19.864056 66.256537 -0.274400 0.004700 0.000000 -13.976764 0.237029 66.920486 -0.272600 -0.004700 -0.000000 -57.231224 8.170743 12.203059 -0.113505 -0.046028 -0.001999 0.290612 -1.694747 0.002861 -0.037675 -0.006459 -0.000000 0.310160 -1.448852 0.003863 -0.027202 -0.005757 0.000000 0.160032 -0.804670 0.001095 -0.023662 -0.004705 0.000000 0.000001 -0.000001 0.000000 -0.118041 -0.020533 0.000401 -0.746986 -13.289281 -9.956578 -0.041479 -0.001286 -0.000000 1.752276 -29.245262 4.324790 -0.033078 -0.003702 0.000000 0.069981 -0.817415 0.000511 -0.032483 -0.002781 -0.000000 -0.000000 0.000006 -0.000000 -0.109891 0.035597 -0.001600 -1.552721 -26.644867 -3.169368 -0.035819 0.001057 0.000000 -6.110341 -24.955840 0.223624 -0.025683 0.002448 0.000000 -2.146716 -14.995416 0.319365 -0.026731 0.002448 0.000000 -0.000001 -0.000000 0.000001 -0.115267 0.008064 0.000101 -3.873113 -26.788292 -11.777728 -0.036562 0.001400 -0.000000 -0.554556 -24.737045 3.782172 -0.033091 0.000553 0.000000 -1.886066 -17.299049 -2.447542 -0.029610 0.000105 0.000000 0.000000 -0.000000 -0.000000 -0.027300 -0.033600 -0.022800 0.365254 -0.427374 -0.082323 -0.035686 -0.025978 -0.023293 2.770786 1.783240 -3.675975 -0.032563 -0.021217 -0.020255 8.838018 4.673685 -12.017408 -0.022147 -0.013447 -0.013949 0.000013 -0.000003 0.000014 0.089000 -0.051500 0.015400 -86.822728 -10.044055 -9.637954 -0.000000 0.002800 -0.400300 80.377823 10.768742 1.877309 -0.000000 0.034400 -0.428100 6.321529 -0.731923 -10.161435 0.000000 -0.149000 -0.088500 -0.000000 0.000002 -0.000005 -0.000000 -0.078900 -0.000000 0.000000 0.000000 -0.000000 -0.089000 -0.051500 0.015400 -86.559971 9.912934 9.468725 0.000000 0.002800 -0.400300 79.279310 -5.041414 -1.003776 -0.000000 0.034400 -0.428100 7.281857 -4.916058 6.437443 -0.000000 -0.149000 -0.088500 0.000002 0.000002 -0.000001 -0.000000 -0.078900 -0.000000 0.000000 -0.000000 -0.000000 
0.000000 0.000000 0.000000 -0.000000 0.000000 -0.000000 0.002794 0.331499 0.541539 0.000010 0.000000 0.000000 -0.000000 -0.034500 0.133800 0.000000 -0.000000 0.000000 0.000000 -0.015200 0.123100 10.828720 -0.034662 0.016918 0.000000 0.004500 0.141200 10.828733 -0.022923 0.046767 -0.000000 0.035467 0.161600 -10.828694 0.043687 -0.011212 0.000000 -0.045467 0.092300 -0.000002 0.000000 0.000000 -0.000000 -0.002685 0.082543 -0.000001 0.000000 -0.000000 0.018800 -0.076300 0.143100 -2.367511 1.384157 -6.167376 0.173100 0.136800 -0.017100 16.827114 33.536430 -54.253664 0.274400 0.004700 0.000000 -16.007172 -0.270669 -69.322124 0.272600 -0.004700 -0.000000 -58.632523 26.848280 -4.384710 0.113505 -0.046028 -0.002000 0.000012 -0.000022 -0.000034 0.037675 -0.006459 -0.000000 -0.000017 -0.000005 0.000024 0.027202 -0.005757 -0.000000 -0.000001 0.000010 0.000045 0.023662 -0.004705 0.000000 0.000004 -0.000001 -0.000001 0.118041 -0.020533 0.000400 2.449737 63.796569 -0.384179 0.041478 -0.001286 -0.000000 14.019334 65.797965 -10.980202 0.033078 -0.003702 0.000000 8.560492 60.096553 -4.957810 0.032483 -0.002781 0.000000 -0.000000 -0.000001 -0.000008 0.109891 0.035598 -0.001600 6.596064 70.657303 -12.677028 0.035819 0.001057 -0.000000 -15.373246 64.930681 7.095947 0.025683 0.002448 -0.000000 -10.379107 63.110729 6.161495 0.026731 0.002448 0.000000 -0.000002 -0.000002 -0.000004 0.115266 0.008064 0.000100 -8.132839 66.550201 7.979780 0.036562 0.001400 0.000000 -1.598359 65.623597 -0.508804 0.033090 0.000552 -0.000000 -1.701761 64.062967 1.423548 0.029610 0.000105 -0.000000 -0.000000 0.000002 -0.000000 0.027300 -0.033600 -0.022800 -0.754943 0.944345 -2.215014 0.035686 -0.025979 -0.023294 2.581567 -1.873863 3.202808 0.032563 -0.021217 -0.020255 7.972588 -4.941019 10.468777 0.022147 -0.013446 -0.013949 0.000003 0.000008 0.000015 -0.018800 -0.076300 0.143100 -1.755340 -1.720532 -5.728492 -0.173100 0.136800 -0.017100 13.196387 -20.852322 66.272000 -0.274400 0.004700 0.000000 -13.736577 0.233042 66.527962 -0.272600 -0.004700 -0.000000 -56.252827 7.622590 11.777938 -0.113505 -0.046028 -0.002000 1.043492 -6.065447 0.049244 -0.037675 -0.006459 -0.000000 1.112653 -5.185111 0.049828 -0.027201 -0.005757 0.000000 0.573165 -2.879739 0.014358 -0.023662 -0.004705 0.000000 0.000001 0.000001 0.000001 -0.118041 -0.020533 0.000401 -0.855991 -16.054773 -9.615014 -0.041479 -0.001286 -0.000000 2.081402 -31.628219 4.495023 -0.033079 -0.003702 -0.000000 0.250674 -2.925493 0.006431 -0.032483 -0.002781 -0.000000 -0.000000 0.000006 -0.000001 -0.109891 0.035598 -0.001600 -1.572143 -29.660148 -2.551806 -0.035819 0.001057 0.000000 -6.420885 -26.367865 0.140747 -0.025683 0.002448 0.000000 -2.280460 -16.709785 0.263095 -0.026731 0.002448 0.000000 -0.000000 0.000000 -0.000001 -0.115267 0.008064 0.000101 -4.261726 -29.549044 -11.674951 -0.036562 0.001400 -0.000000 -0.648582 -26.178124 3.708215 -0.033091 0.000552 0.000000 -1.914535 -18.957791 -2.404547 -0.029610 0.000105 0.000000 0.000001 -0.000000 -0.000001 -0.027300 -0.033600 -0.022800 0.921850 -0.810435 -0.512075 -0.035686 -0.025978 -0.023293 3.560560 1.750526 -4.713599 -0.032563 -0.021217 -0.020255 11.047105 3.873346 -15.980631 -0.022147 -0.013446 -0.013949 0.000011 0.000001 0.000009 0.089000 -0.051500 0.015400 -86.822728 -10.044055 -9.637954 -0.000000 0.002800 -0.400300 80.377823 10.768742 1.877309 -0.000000 0.034400 -0.428100 6.321529 -0.731923 -10.161435 0.000000 -0.149000 -0.088500 -0.000000 0.000002 -0.000005 -0.000000 -0.078900 -0.000000 0.000000 0.000000 -0.000000 -0.089000 -0.051500 0.015400 -86.569076 10.034092 9.586028 -0.000000 0.002800 -0.400300 79.275062 -5.280338 -1.050948 0.000000 0.034400 -0.428100 7.292932 -4.795799 6.568445 -0.000000 -0.149000 -0.088500 0.000002 0.000002 -0.000000 -0.000000 -0.078900 -0.000000 0.000000 0.000000 -0.000000 
0.000000 0.000000 0.000000 -0.000000 0.000000 -0.000000 0.002794 0.331499 0.541539 0.000010 0.000000 0.000000 -0.000000 -0.034500 0.133800 0.000000 -0.000000 0.000000 0.000000 -0.015200 0.123100 10.675491 -0.029536 0.015894 -0.000000 0.004500 0.141200 10.675519 -0.018328 0.044161 0.000000 0.035467 0.161600 -10.675477 0.038465 -0.012357 0.000000 -0.045467 0.092300 -0.000003 -0.000000 0.000000 -0.000000 -0.002685 0.082543 -0.000001 0.000000 -0.000000 0.018800 -0.076300 0.143100 -2.367510 1.384157 -6.167378 0.173100 0.136800 -0.017100 16.431536 33.235697 -53.595446 0.274400 0.004700 -0.000000 -15.460024 -0.261632 -71.345704 0.272600 -0.004700 -0.000000 -59.785698 25.866194 -3.165364 0.113505 -0.046028 -0.002000 0.000011 -0.000019 -0.000033 0.037675 -0.006459 -0.000000 -0.000016 -0.000002 0.000022 0.027202 -0.005757 -0.000000 0.000005 0.000007 0.000046 0.023662 -0.004706 0.000000 -0.000000 -0.000003 -0.000000 0.118041 -0.020533 0.000400 0.854827 54.873006 1.904331 0.041479 -0.001286 -0.000000 10.021835 59.404129 -8.335603 0.033079 -0.003702 -0.000000 5.798999 49.726509 -2.688759 0.032483 -0.002781 0.000000 -0.000001 -0.000000 -0.000003 0.109890 0.035598 -0.001600 2.444426 62.914969 -7.375666 0.035819 0.001057 0.000000 -12.692150 57.934880 4.346896 0.025683 0.002448 -0.000000 -7.497299 54.716963 3.549388 0.026731 0.002448 0.000000 -0.000001 -0.000003 -0.000003 0.115267 0.008064 0.000100 -7.393576 59.443997 8.528216 0.036562 0.001400 0.000000 -1.182562 58.403786 -1.531124 0.033091 0.000552 -0.000000 -1.910107 55.840041 1.634068 0.029610 0.000105 -0.000000 -0.000001 0.000001 0.000001 0.027300 -0.033600 -0.022800 -0.641751 0.827382 -1.910365 0.035686 -0.025978 -0.023293 2.534143 -1.841105 3.231422 0.032563 -0.021217 -0.020255 7.972587 -4.941014 10.468779 0.022147 -0.013446 -0.013949 0.000003 0.000004 0.000015 -0.018800 -0.076300 0.143100 -1.755335 -1.720532 -5.728484 -0.173100 0.136800 -0.017100 13.698306 -21.625070 66.294567 -0.274400 0.004700 0.000000 -13.553815 0.230012 66.202278 -0.272600 -0.004700 -0.000000 -55.529373 7.182013 11.426803 -0.113505 -0.046028 -0.002000 2.093900 -12.039904 0.206378 -0.037675 -0.006459 0.000000 2.226231 -10.292127 0.198262 -0.027201 -0.005757 0.000000 1.140754 -5.716956 0.056947 -0.023662 -0.004706 0.000000 0.000001 -0.000001 0.000000 -0.118041 -0.020533 0.000401 -0.978299 -19.835472 -9.141809 -0.041479 -0.001286 -0.000000 2.581112 -34.883122 4.774543 -0.033079 -0.003702 0.000000 0.498930 -5.807951 0.025288 -0.032483 -0.002781 -0.000000 -0.000001 0.000005 0.000000 -0.109891 0.035598 -0.001600 -1.532018 -33.782652 -1.661331 -0.035819 0.001057 0.000000 -6.814586 -28.301915 0.018267 -0.025683 0.002448 0.000000 -2.469319 -19.053622 0.177401 -0.026731 0.002448 0.000000 -0.000000 -0.000000 0.000002 -0.115267 0.008064 0.000100 -4.797574 -33.325036 -11.549554 -0.036562 0.001400 0.000000 -0.753389 -28.149923 3.606812 -0.033091 0.000552 0.000000 -1.949295 -21.225974 -2.347883 -0.029610 0.000105 0.000000 0.000000 -0.000000 0.000000 -0.027300 -0.033600 -0.022800 1.575046 -1.143532 -1.157442 -0.035686 -0.025978 -0.023293 4.590669 1.652977 -6.160503 -0.032563 -0.021217 -0.020255 13.999424 2.527663 -21.319524 -0.022147 -0.013446 -0.013949 0.000011 -0.000003 0.000009 0.089000 -0.051500 0.015400 -86.822728 -10.044055 -9.637954 -0.000000 0.002800 -0.400300 80.377823 10.768742 1.877309 -0.000000 0.034400 -0.428100 6.321529 -0.731923 -10.161435 0.000000 -0.149000 -0.088500 -0.000000 0.000002 -0.000005 -0.000000 -0.078900 -0.000000 0.000000 0.000000 -0.000000 -0.089000 -0.051500 0.015400 -86.576964 10.142076 9.690563 0.000000 0.002800 -0.400300 79.271135 -5.493274 -1.093008 0.000000 0.034400 -0.428100 7.302533 -4.688616 6.685125 -0.000000 -0.149000 -0.088500 0.000001 0.000002 -0.000000 -0.000000 -0.078900 -0.000000 -0.000000 0.000000 -0.000000 
0.000000 0.000000 0.000000 -0.000000 0.000000 -0.000000 0.002794 0.331499 0.541539 0.000010 0.000000 0.000000 -0.000000 -0.034500 0.133800 0.000000 -0.000000 0.000000 0.000000 -0.015200 0.123100 10.525830 -0.027834 0.015503 0.000000 0.004500 0.141200 10.525844 -0.016849 0.043201 -0.000000 0.035467 0.161600 -10.525810 0.036675 -0.012722 0.000000 -0.045467 0.092300 -0.000005 0.000000 -0.000000 0.000000 -0.002685 0.082543 -0.000001 -0.000000 -0.000000 0.018800 -0.076300 0.143100 -2.367507 1.384158 -6.167377 0.173100 0.136800 -0.017100 15.814045 32.611114 -52.757645 0.274400 0.004700 0.000000 -14.864503 -0.251818 -74.147694 0.272600 -0.004700 0.000000 -61.416692 24.449980 -1.541222 0.113505 -0.046028 -0.002000 0.000010 -0.000015 -0.000032 0.037675 -0.006459 -0.000000 -0.000015 -0.000005 0.000021 0.027202 -0.005757 -0.000000 -0.000001 0.000002 0.000044 0.023662 -0.004705 0.000000 -0.000001 0.000002 -0.000000 0.118041 -0.020533 0.000400 -0.185647 45.147578 3.997298 0.041479 -0.001286 -0.000000 6.998317 52.370660 -6.575071 0.033078 -0.003702 0.000000 3.889788 38.394283 -1.354497 0.032483 -0.002781 0.000000 -0.000001 -0.000001 -0.000003 0.109891 0.035598 -0.001600 0.172011 54.405093 -3.715773 0.035819 0.001057 -0.000000 -10.708378 50.285263 2.511350 0.025683 0.002448 -0.000000 -5.539114 45.526961 1.894499 0.026731 0.002447 0.000000 -0.000004 -0.000001 -0.000003 0.115266 0.008064 0.000100 -6.647503 51.719852 9.279022 0.036562 0.001400 -0.000000 -0.982016 50.558177 -2.261500 0.033090 0.000552 -0.000000 -2.028154 46.890598 1.815869 0.029609 0.000105 -0.000000 -0.000000 -0.000001 0.000001 0.027300 -0.033600 -0.022800 -0.529442 0.704943 -1.600803 0.035686 -0.025978 -0.023294 2.492358 -1.812221 3.256700 0.032563 -0.021217 -0.020255 7.972588 -4.941021 10.468774 0.022147 -0.013446 -0.013949 0.000006 0.000007 0.000010 -0.018800 -0.076300 0.143100 -1.755338 -1.720531 -5.728483 -0.173100 0.136800 -0.017100 14.012982 -22.069292 66.403058 -0.274400 0.004700 0.000000 -13.460124 0.228418 65.881348 -0.272600 -0.004700 -0.000000 -55.143812 6.886783 11.240006 -0.113505 -0.046028 -0.002000 3.292403 -18.544896 0.511196 -0.037675 -0.006459 -0.000000 3.481031 -15.852191 0.479726 -0.027201 -0.005757 0.000000 1.765682 -8.807509 0.135845 -0.023662 -0.004705 0.000000 0.000001 -0.000000 -0.000001 -0.118041 -0.020533 0.000401 -1.075255 -23.953764 -8.616492 -0.041479 -0.001286 -0.000000 3.200309 -38.424599 5.148410 -0.033079 -0.003702 0.000000 0.772386 -8.948396 0.060465 -0.032483 -0.002781 -0.000000 -0.000000 0.000007 -0.000000 -0.109890 0.035598 -0.001600 -1.389132 -38.273597 -0.620836 -0.035819 0.001057 0.000000 -7.203031 -30.413504 -0.128252 -0.025683 0.002448 0.000000 -2.684134 -21.606906 0.071364 -0.026731 0.002448 -0.000000 -0.000000 -0.000002 -0.000001 -0.115267 0.008064 0.000100 -5.393649 -37.440351 -11.441205 -0.036562 0.001400 0.000000 -0.836044 -30.300300 3.495630 -0.033091 0.000552 0.000000 -1.981844 -23.697391 -2.288902 -0.029610 0.000105 0.000000 0.000000 -0.000002 -0.000001 -0.027300 -0.033600 -0.022800 2.233770 -1.420369 -1.887455 -0.035686 -0.025978 -0.023293 5.690349 1.506899 -7.746506 -0.032563 -0.021217 -0.020255 17.102218 0.746352 -27.018835 -0.022147 -0.013447 -0.013949 0.000008 0.000002 0.000010 0.089000 -0.051500 0.015400 -86.822728 -10.044055 -9.637954 -0.000000 0.002800 -0.400300 80.377823 10.768742 1.877309 -0.000000 0.034400 -0.428100 6.321529 -0.731923 -10.161435 0.000000 -0.149000 -0.088500 -0.000000 0.000002 -0.000005 -0.000000 -0.078900 -0.000000 0.000000 0.000000 -0.000000 -0.089000 -0.051500 0.015400 -86.583631 10.235949 9.781429 -0.000000 0.002800 -0.400300 79.267542 -5.678391 -1.129609 -0.000000 0.034400 -0.428100 7.310730 -4.595429 6.786540 -0.000000 -0.149000 -0.088500 0.000000 0.000002 -0.000000 -0.000000 -0.078900 -0.000000 0.000000 -0.000000 -0.000000 
0.000000 0.000000 0.000000 -0.000000 0.000000 -0.000000 0.002794 0.331499 0.541539 0.000010 0.000000 0.000000 -0.000000 -0.034500 0.133800 0.000000 -0.000000 0.000000 0.000000 -0.015200 0.123100 10.383503 -0.030287 0.015858 0.000000 0.004500 0.141200 10.383513 -0.019159 0.044206 0.000000 0.035467 0.161600 -10.383505 0.039045 -0.012151 -0.000000 -0.045467 0.092300 -0.000002 0.000000 -0.000000 0.000000 -0.002685 0.082543 0.000001 0.000000 -0.000000 0.018800 -0.076300 0.143100 -2.367509 1.384157 -6.167383 0.173100 0.136800 -0.017100 15.051777 31.688383 -51.886813 0.274400 0.004700 -0.000000 -14.321804 -0.242808 -77.261823 0.272600 -0.004700 -0.000000 -63.318633 22.778905 0.176867 0.113505 -0.046028 -0.002000 0.000012 -0.000018 -0.000032 0.037675 -0.006459 0.000000 -0.000015 -0.000002 0.000022 0.027202 -0.005757 -0.000000 -0.000001 0.000010 0.000047 0.023662 -0.004706 0.000000 0.000001 -0.000003 -0.000001 0.118041 -0.020533 0.000400 -0.748954 35.410750 5.896599 0.041479 -0.001286 -0.000000 4.813966 45.287965 -5.470185 0.033079 -0.003702 -0.000000 2.504303 27.039664 -0.602072 0.032483 -0.002781 0.000000 0.000003 -0.000001 -0.000001 0.109891 0.035598 -0.001600 -0.982051 45.857955 -1.059783 0.035819 0.001057 -0.000000 -9.157253 42.623601 1.315893 0.025683 0.002447 0.000000 -4.193032 36.308254 0.869008 0.026731 0.002447 0.000000 -0.000003 -0.000000 -0.000003 0.115266 0.008064 0.000100 -5.867488 44.006823 10.069982 0.036562 0.001400 0.000000 -0.858793 42.728113 -2.802616 0.033091 0.000552 0.000000 -2.065675 37.940745 1.987846 0.029609 0.000105 -0.000000 0.000000 -0.000000 -0.000002 0.027300 -0.033600 -0.022800 -0.418512 0.576747 -1.286913 0.035686 -0.025978 -0.023293 2.456789 -1.787678 3.278203 0.032563 -0.021217 -0.020255 7.972590 -4.941016 10.468773 0.022147 -0.013446 -0.013949 0.000006 0.000009 0.000012 -0.018800 -0.076300 0.143100 -1.755338 -1.720531 -5.728484 -0.173100 0.136800 -0.017100 14.110145 -22.137893 66.599645 -0.274400 0.004700 -0.000000 -13.463601 0.228509 65.586857 -0.272600 -0.004700 -0.000000 -55.150154 6.767078 11.230590 -0.113505 -0.046028 -0.001999 4.473352 -24.508544 0.931975 -0.037675 -0.006459 0.000000 4.693572 -20.948849 0.859517 -0.027202 -0.005757 0.000000 2.348456 -11.643207 0.239345 -0.023662 -0.004705 0.000000 -0.000002 0.000001 -0.000002 -0.118041 -0.020533 0.000401 -1.129386 -27.732653 -8.123730 -0.041479 -0.001286 -0.000000 3.849264 -41.669796 5.566456 -0.033079 -0.003702 0.000000 1.027492 -11.830516 0.106389 -0.032483 -0.002781 -0.000000 -0.000000 0.000007 -0.000000 -0.109891 0.035598 -0.001600 -1.151886 -42.394206 0.411379 -0.035819 0.001057 0.000000 -7.522092 -32.355579 -0.275775 -0.025683 0.002448 0.000000 -2.890840 -23.949847 -0.038585 -0.026731 0.002448 0.000000 -0.000000 -0.000003 0.000001 -0.115267 0.008064 0.000100 -5.960250 -41.218057 -11.377969 -0.036562 0.001400 -0.000000 -0.882670 -32.275837 3.392283 -0.033091 0.000553 0.000000 -2.006922 -25.965681 -2.236904 -0.029610 0.000105 0.000000 0.000000 0.000002 -0.000000 -0.027300 -0.033600 -0.022800 2.810010 -1.632393 -2.571162 -0.035686 -0.025978 -0.023293 6.687653 1.342695 -9.204703 -0.032563 -0.021217 -0.020255 19.825234 -1.160278 -32.134083 -0.022147 -0.013447 -0.013949 0.000011 -0.000002 0.000015 0.089000 -0.051500 0.015400 -86.822728 -10.044055 -9.637954 -0.000000 0.002800 -0.400300 80.377823 10.768742 1.877309 -0.000000 0.034400 -0.428100 6.321529 -0.731923 -10.161435 0.000000 -0.149000 -0.088500 -0.000000 0.000002 -0.000005 -0.000000 -0.078900 -0.000000 0.000000 0.000000 -0.000000 -0.089000 -0.051500 0.015400 -86.589108 10.314799 9.857755 0.000000 0.002800 -0.400300 79.264496 -5.833886 -1.160373 -0.000000 0.034400 -0.428100 7.317476 -4.517150 6.871699 -0.000000 -0.149000 -0.088500 0.000000 0.000002 -0.000000 0.000000 -0.078900 -0.000000 0.000000 -0.000000 0.000000 
0.000000 0.000000 0.000000 -0.000000 0.000000 -0.000000 0.002794 0.331499 0.541539 0.000010 0.000000 0.000000 -0.000000 -0.034500 0.133800 0.000000 -0.000000 0.000000 0.000000 -0.015200 0.123100 10.249313 -0.037213 0.016994 -0.000000 0.004500 0.141200 10.249335 -0.025556 0.047293 -0.000000 0.035467 0.161600 -10.249313 0.045885 -0.010576 0.000000 -0.045467 0.092300 0.000003 -0.000000 0.000000 0.000000 -0.002685 0.082543 0.000000 0.000000 -0.000000 0.018800 -0.076300 0.143100 -2.367509 1.384158 -6.167379 0.173100 0.136800 -0.017100 14.247098 30.542284 -51.152803 0.274400 0.004700 -0.000000 -13.914972 -0.236039 -80.160596 0.272600 -0.004700 -0.000000 -65.265497 21.104059 1.710109 0.113505 -0.046028 -0.002000 0.000011 -0.000020 -0.000035 0.037675 -0.006459 -0.000000 -0.000015 -0.000004 0.000020 0.027202 -0.005757 -0.000000 0.000001 0.000010 0.000045 0.023662 -0.004705 0.000000 0.000001 0.000001 -0.000000 0.118041 -0.020533 0.000400 -0.940848 26.455133 7.552025 0.041479 -0.001286 0.000000 3.309626 38.749251 -4.819521 0.033078 -0.003702 0.000000 1.462004 16.595686 -0.213165 0.032483 -0.002781 0.000000 0.000001 0.000003 -0.000003 0.109890 0.035598 -0.001600 -1.471147 37.988245 0.891191 0.035819 0.001057 0.000000 -7.897375 35.582427 0.552316 0.025683 0.002448 0.000000 -3.256122 27.822924 0.249569 0.026731 0.002447 0.000000 -0.000001 -0.000001 -0.000003 0.115267 0.008064 0.000100 -5.091210 36.930580 10.781955 0.036562 0.001400 0.000000 -0.747668 35.548379 -3.217043 0.033090 0.000552 -0.000000 -2.038470 29.716534 2.154705 0.029609 0.000105 -0.000000 -0.000001 0.000002 0.000004 0.027300 -0.033600 -0.022800 -0.309524 0.442467 -0.969271 0.035686 -0.025979 -0.023294 2.428066 -1.767864 3.295594 0.032563 -0.021217 -0.020255 7.972587 -4.941019 10.468778 0.022147 -0.013446 -0.013949 -0.000001 0.000004 0.000010 -0.018800 -0.076300 0.143100 -1.755339 -1.720531 -5.728481 -0.173100 0.136800 -0.017100 14.035137 -21.927841 66.827028 -0.274400 0.004700 0.000000 -13.534757 0.229685 65.359262 -0.272600 -0.004700 -0.000000 -55.466361 6.789289 11.325581 -0.113505 -0.046028 -0.002000 5.407737 -28.863953 1.341103 -0.037675 -0.006459 -0.000000 5.632096 -24.670887 1.220651 -0.027201 -0.005757 0.000000 2.782067 -13.716240 0.334546 -0.023662 -0.004705 0.000000 -0.000001 -0.000000 0.000000 -0.118041 -0.020533 0.000400 -1.146689 -30.495702 -7.755699 -0.041479 -0.001286 0.000000 4.381046 -44.039298 5.925170 -0.033079 -0.003702 0.000000 1.217432 -13.938208 0.148722 -0.032483 -0.002781 -0.000000 -0.000001 0.000008 0.000000 -0.109891 0.035598 -0.001600 -0.902986 -45.406490 1.222868 -0.035819 0.001057 0.000000 -7.732515 -33.778441 -0.392492 -0.025683 0.002448 0.000000 -3.048498 -25.663126 -0.127095 -0.026731 0.002448 0.000000 -0.000001 -0.000003 0.000002 -0.115267 0.008064 0.000100 -6.392636 -43.980899 -11.360957 -0.036562 0.001400 -0.000000 -0.898844 -33.721583 3.315455 -0.033090 0.000552 0.000000 -2.022361 -27.624714 -2.199969 -0.029610 0.000105 0.000000 0.000001 0.000001 0.000001 -0.027300 -0.033600 -0.022800 3.218176 -1.768665 -3.077757 -0.035686 -0.025978 -0.023293 7.410804 1.205400 -10.271300 -0.032563 -0.021217 -0.020255 21.731896 -2.708623 -35.803059 -0.022147 -0.013446 -0.013949 0.000013 -0.000004 0.000014 0.089000 -0.051500 0.015400 -86.822728 -10.044055 -9.637954 -0.000000 0.002800 -0.400300 80.377823 10.768742 1.877309 -0.000000 0.034400 -0.428100 6.321529 -0.731923 -10.161435 0.000000 -0.149000 -0.088500 -0.000000 0.000002 -0.000005 -0.000000 -0.078900 -0.000000 0.000000 0.000000 -0.000000 -0.089000 -0.051500 0.015400 -86.593391 10.377728 9.918658 -0.000000 0.002800 -0.400300 79.261927 -5.957966 -1.184935 0.000000 0.034400 -0.428100 7.322785 -4.454681 6.939628 -0.000000 -0.149000 -0.088500 -0.000000 0.000003 -0.000000 -0.000000 -0.078900 -0.000000 0.000000 -0.000000 -0.000000 
0.000000 0.000000 0.000000 -0.000000 0.000000 -0.000000 0.002794 0.331499 0.541539 0.000010 0.000000 0.000000 -0.000000 -0.034500 0.133800 0.000000 -0.000000 0.000000 0.000000 -0.015200 0.123100 10.123306 -0.048261 0.018821 -0.000000 0.004500 0.141200 10.123320 -0.035738 0.052242 -0.000000 0.035467 0.161600 -10.123280 0.056835 -0.008063 0.000000 -0.045467 0.092300 0.000003 0.000000 -0.000000 0.000000 -0.002685 0.082543 -0.000000 -0.000000 -0.000000 0.018800 -0.076300 0.143100 -2.367510 1.384158 -6.167376 0.173100 0.136800 -0.017100 13.511280 29.377723 -50.598103 0.274400 0.004700 -0.000000 -13.635764 -0.231365 -82.529456 0.272600 -0.004700 -0.000000 -67.024838 19.635612 2.888880 0.113505 -0.046028 -0.002000 0.000010 -0.000017 -0.000031 0.037675 -0.006459 -0.000000 -0.000019 -0.000002 0.000023 0.027202 -0.005757 -0.000000 -0.000001 0.000005 0.000044 0.023662 -0.004705 0.000000 0.000001 -0.000002 -0.000000 0.118041 -0.020533 0.000400 -0.895514 19.074464 8.877177 0.041479 -0.001286 0.000000 2.345033 33.347743 -4.470502 0.033079 -0.003702 0.000000 0.688607 7.991192 -0.048034 0.032483 -0.002781 -0.000000 0.000000 -0.000001 -0.000002 0.109890 0.035598 -0.001600 -1.593901 31.501543 2.265992 0.035819 0.001057 0.000000 -6.904074 29.786704 0.084413 0.025683 0.002448 0.000000 -2.617609 20.828682 -0.105057 0.026731 0.002448 0.000000 0.000000 -0.000003 -0.000005 0.115267 0.008064 0.000100 -4.402680 31.112348 11.338112 0.036562 0.001400 0.000000 -0.637763 29.647669 -3.529616 0.033091 0.000552 -0.000000 -1.972503 22.944035 2.306603 0.029609 0.000105 -0.000000 0.000000 0.000001 -0.000001 0.027300 -0.033600 -0.022800 -0.203056 0.301815 -0.648493 0.035686 -0.025978 -0.023293 2.406750 -1.753170 3.308403 0.032563 -0.021217 -0.020255 7.972591 -4.941020 10.468779 0.022147 -0.013446 -0.013949 0.000002 0.000001 0.000016 -0.018800 -0.076300 0.143100 -1.755340 -1.720532 -5.728485 -0.173100 0.136800 -0.017100 13.849343 -21.542027 67.072342 -0.274400 0.004700 0.000000 -13.649426 0.231536 65.170769 -0.272600 -0.004700 -0.000000 -55.972150 6.898229 11.487246 -0.113505 -0.046028 -0.002000 5.790503 -30.551115 1.526306 -0.037675 -0.006459 0.000000 6.010645 -26.112495 1.381800 -0.027202 -0.005757 0.000000 2.952218 -14.519906 0.376137 -0.023662 -0.004705 0.000000 -0.000001 -0.000000 0.000000 -0.118041 -0.020533 0.000401 -1.148049 -31.566993 -7.610897 -0.041479 -0.001286 -0.000000 4.601760 -44.957108 6.077691 -0.033078 -0.003702 0.000000 1.292003 -14.755476 0.167201 -0.032483 -0.002781 -0.000000 -0.000000 0.000004 0.000001 -0.109891 0.035597 -0.001600 -0.787015 -46.574230 1.552554 -0.035819 0.001057 0.000000 -7.808931 -34.330689 -0.439871 -0.025683 0.002448 0.000000 -3.111278 -26.327348 -0.163544 -0.026731 0.002448 0.000000 -0.000000 -0.000004 0.000001 -0.115267 0.008064 0.000100 -6.565741 -45.052249 -11.362547 -0.036562 0.001400 -0.000000 -0.900952 -34.282386 3.285468 -0.033091 0.000552 0.000000 -2.027743 -28.267952 -2.185926 -0.029610 0.000105 0.000000 0.000001 -0.000002 0.000000 -0.027300 -0.033600 -0.022800 3.373261 -1.816809 -3.275815 -0.035686 -0.025978 -0.023293 7.689568 1.148082 -10.685010 -0.032563 -0.021217 -0.020255 22.450733 -3.342204 -37.209460 -0.022147 -0.013447 -0.013949 0.000014 -0.000002 0.000012 0.089000 -0.051500 0.015400 -86.822728 -10.044055 -9.637954 -0.000000 0.002800 -0.400300 80.377823 10.768742 1.877309 -0.000000 0.034400 -0.428100 6.321529 -0.731923 -10.161435 0.000000 -0.149000 -0.088500 -0.000000 0.000002 -0.000005 -0.000000 -0.078900 -0.000000 0.000000 0.000000 -0.000000 -0.089000 -0.051500 0.015400 -86.596506 10.423803 9.963254 -0.000000 0.002800 -0.400300 79.260035 -6.048824 -1.202921 -0.000000 0.034400 -0.428100 7.326613 -4.408940 6.989355 -0.000000 -0.149000 -0.088500 0.000001 0.000002 -0.000001 -0.000000 -0.078900 -0.000000 -0.000000 -0.000000 -0.000000 
0.000000 0.000000 0.000000 -0.000000 0.000000 -0.000000 0.002794 0.331499 0.541539 0.000010 0.000000 0.000000 -0.000000 -0.034500 0.133800 0.000000 -0.000000 0.000000 0.000000 -0.015200 0.123100 10.005483 -0.063079 0.021254 0.000000 0.004500 0.141200 10.005498 -0.049394 0.058846 -0.000000 0.035467 0.161600 -10.005469 0.071533 -0.004683 0.000000 -0.045467 0.092300 0.000001 0.000000 0.000000 0.000000 -0.002685 0.082543 -0.000002 -0.000000 -0.000000 0.018800 -0.076300 0.143100 -2.367509 1.384157 -6.167376 0.173100 0.136800 -0.017100 12.972374 28.464726 -50.250030 0.274400 0.004700 0.000000 -13.436086 -0.228088 -84.063462 0.272600 -0.004700 -0.000000 -68.332136 18.614764 3.597537 0.113505 -0.046028 -0.002000 0.000008 -0.000014 -0.000031 0.037675 -0.006459 0.000000 -0.000015 -0.000002 0.000022 0.027202 -0.005757 -0.000000 -0.000000 0.000007 0.000043 0.023662 -0.004705 0.000000 -0.000002 -0.000002 -0.000003 0.118041 -0.020533 0.000400 -0.767052 14.063505 9.763464 0.041479 -0.001286 -0.000000 1.808216 29.675263 -4.310726 0.033078 -0.003702 0.000000 0.184269 2.151512 -0.003434 0.032483 -0.002781 0.000000 0.000001 -0.000002 -0.000004 0.109891 0.035598 -0.001600 -1.565296 27.098301 3.107768 0.035819 0.001057 0.000000 -6.233212 25.856243 -0.170972 0.025683 0.002448 0.000000 -2.230933 16.080347 -0.284425 0.026731 0.002448 0.000000 -0.000002 0.000000 -0.000001 0.115267 0.008064 0.000100 -3.909664 27.169552 11.693701 0.036562 0.001400 0.000000 -0.549663 25.650046 -3.735322 0.033090 0.000552 0.000000 -1.904363 18.348770 2.420103 0.029609 0.000105 -0.000000 0.000001 -0.000001 -0.000000 0.027300 -0.033600 -0.022800 -0.099718 0.154465 -0.325260 0.035686 -0.025978 -0.023293 2.393584 -1.744090 3.316523 0.032563 -0.021217 -0.020255 7.972590 -4.941018 10.468773 0.022147 -0.013446 -0.013949 -0.000000 0.000002 0.000018 -0.018800 -0.076300 0.143100 -1.755339 -1.720531 -5.728486 -0.173100 0.136800 -0.017100 13.615118 -21.083795 67.321234 -0.274400 0.004700 0.000000 -13.782912 0.233839 64.997808 -0.272600 -0.004700 -0.000000 -56.547071 7.040707 11.676155 -0.113505 -0.046028 -0.002000 5.790498 -30.551115 1.526298 -0.037675 -0.006459 -0.000000 6.010651 -26.112503 1.381838 -0.027202 -0.005757 0.000000 2.952213 -14.519908 0.376123 -0.023662 -0.004705 0.000000 -0.000000 0.000000 -0.000001 -0.118041 -0.020533 0.000400 -1.148056 -31.566956 -7.610904 -0.041479 -0.001286 0.000000 4.601778 -44.957145 6.077695 -0.033079 -0.003702 0.000000 1.292005 -14.755469 0.167208 -0.032483 -0.002781 -0.000000 0.000000 0.000008 0.000001 -0.109890 0.035598 -0.001600 -0.787030 -46.574223 1.552536 -0.035819 0.001057 0.000000 -7.808924 -34.330679 -0.439859 -0.025683 0.002448 0.000000 -3.111273 -26.327326 -0.163571 -0.026731 0.002448 0.000000 -0.000001 0.000002 0.000001 -0.115267 0.008064 0.000100 -6.565729 -45.052208 -11.362582 -0.036562 0.001400 0.000000 -0.900906 -34.282465 3.285486 -0.033091 0.000552 0.000000 -2.027723 -28.267937 -2.185909 -0.029610 0.000105 0.000000 -0.000000 -0.000001 0.000000 -0.027300 -0.033600 -0.022800 3.373216 -1.816815 -3.275761 -0.035686 -0.025978 -0.023293 7.689617 1.148071 -10.685091 -0.032563 -0.021217 -0.020255 22.450734 -3.342213 -37.209481 -0.022147 -0.013446 -0.013949 0.000013 0.000001 0.000015 0.089000 -0.051500 0.015400 -86.822728 -10.044055 -9.637954 -0.000000 0.002800 -0.400300 80.377823 10.768742 1.877309 -0.000000 0.034400 -0.428100 6.321529 -0.731923 -10.161435 0.000000 -0.149000 -0.088500 -0.000000 0.000002 -0.000005 -0.000000 -0.078900 -0.000000 0.000000 0.000000 -0.000000 -0.089000 -0.051500 0.015400 -86.598384 10.452122 9.990661 0.000000 0.002800 -0.400300 79.258868 -6.104673 -1.213979 0.000000 0.034400 -0.428100 7.328962 -4.380827 7.019911 -0.000000 -0.149000 -0.088500 -0.000001 0.000002 -0.000000 -0.000000 -0.078900 -0.000000 0.000000 -0.000000 -0.000000 
0.000000 0.000000 0.000000 -0.000000 0.000000 -0.000000 0.002794 0.331499 0.541539 0.000010 0.000000 0.000000 -0.000000 -0.034500 0.133800 0.000000 -0.000000 0.000000 0.000000 -0.015200 0.123100 9.895885 -0.081313 0.024215 0.000000 0.004500 0.141200 9.895901 -0.066210 0.066910 -0.000000 0.035467 0.161600 -9.895886 0.089620 -0.000509 0.000000 -0.045467 0.092300 0.000001 -0.000000 0.000000 -0.000000 -0.002685 0.082543 0.000001 -0.000000 -0.000000 0.018800 -0.076300 0.143100 -2.367511 1.384157 -6.167376 0.173100 0.136800 -0.017100 12.765211 28.106129 -50.120772 0.274400 0.004700 -0.000000 -13.243775 -0.224874 -84.481824 0.272600 -0.004700 -0.000000 -68.904533 18.279285 3.751300 0.113505 -0.046028 -0.002000 0.000010 -0.000020 -0.000033 0.037675 -0.006459 -0.000000 -0.000017 -0.000000 0.000025 0.027202 -0.005757 0.000000 -0.000000 0.000009 0.000043 0.023662 -0.004706 0.000000 -0.000001 0.000002 -0.000003 0.118040 -0.020533 0.000400 -0.700355 12.216791 10.088075 0.041479 -0.001286 -0.000000 1.632198 28.320944 -4.265838 0.033079 -0.003702 0.000000 -0.000005 -0.000031 0.000010 0.032483 -0.002781 0.000000 -0.000000 -0.000000 -0.000005 0.109890 0.035598 -0.001600 -1.535016 25.475902 3.401835 0.035819 0.001057 0.000000 -5.984777 24.408723 -0.254337 0.025683 0.002448 0.000000 -2.095766 14.330604 -0.339666 0.026731 0.002448 0.000000 -0.000001 -0.000001 0.000001 0.115267 0.008064 0.000100 -3.722824 25.718072 11.819517 0.036562 0.001400 0.000000 -0.514149 24.178692 -3.810831 0.033090 0.000552 0.000000 -1.874306 16.655828 2.464496 0.029609 0.000105 -0.000000 0.000001 0.000004 0.000002 0.027300 -0.033600 -0.022800 -0.000010 -0.000019 -0.000006 0.035686 -0.025979 -0.023293 2.389019 -1.740958 3.319221 0.032563 -0.021217 -0.020255 7.972587 -4.941016 10.468772 0.022147 -0.013446 -0.013949 0.000008 0.000010 0.000014 -0.018800 -0.076300 0.143100 -1.755339 -1.720531 -5.728479 -0.173100 0.136800 -0.017100 13.396725 -20.658617 67.556254 -0.274400 0.004700 -0.000000 -13.908559 0.235908 64.825114 -0.272600 -0.004700 -0.000000 -57.069079 7.167401 11.848398 -0.113505 -0.046028 -0.002000 5.790518 -30.551091 1.526336 -0.037675 -0.006459 -0.000000 6.010622 -26.112484 1.381807 -0.027201 -0.005757 0.000000 2.952221 -14.519947 0.376084 -0.023662 -0.004705 0.000000 -0.000002 -0.000000 0.000000 -0.118041 -0.020533 0.000401 -1.148055 -31.566966 -7.610900 -0.041479 -0.001286 -0.000000 4.601772 -44.957132 6.077685 -0.033079 -0.003702 -0.000000 1.292006 -14.755447 0.167248 -0.032483 -0.002781 -0.000000 0.000000 0.000007 0.000000 -0.109891 0.035598 -0.001600 -0.787000 -46.574213 1.552564 -0.035819 0.001057 0.000000 -7.808911 -34.330655 -0.439867 -0.025683 0.002448 0.000000 -3.111270 -26.327312 -0.163534 -0.026731 0.002448 -0.000000 -0.000000 0.000000 0.000000 -0.115267 0.008064 0.000100 -6.565651 -45.052143 -11.362489 -0.036562 0.001400 -0.000000 -0.900963 -34.282471 3.285418 -0.033091 0.000552 0.000000 -2.027719 -28.267954 -2.185973 -0.029609 0.000105 0.000000 -0.000000 0.000000 -0.000000 -0.027300 -0.033600 -0.022800 3.373241 -1.816805 -3.275772 -0.035686 -0.025978 -0.023293 7.689607 1.148073 -10.685077 -0.032563 -0.021216 -0.020255 22.450719 -3.342205 -37.209457 -0.022147 -0.013446 -0.013949 0.000013 -0.000004 0.000009 0.089000 -0.051500 0.015400 -86.822728 -10.044055 -9.637954 -0.000000 0.002800 -0.400300 80.377823 10.768742 1.877309 -0.000000 0.034400 -0.428100 6.321529 -0.731923 -10.161435 0.000000 -0.149000 -0.088500 -0.000000 0.000002 -0.000005 -0.000000 -0.078900 -0.000000 0.000000 0.000000 -0.000000 -0.089000 -0.051500 0.015400 -86.598999 10.461761 9.999989 -0.000000 0.002800 -0.400300 79.258471 -6.123676 -1.217745 -0.000000 0.034400 -0.428100 7.329738 -4.371258 7.030312 -0.000000 -0.149000 -0.088500 -0.000000 0.000002 -0.000001 -0.000000 -0.078900 -0.000000 -0.000000 -0.000000 -0.000000 
0.000000 0.000000 0.000000 -0.000000 0.000000 -0.000000 0.002794 0.331499 0.541539 0.000010 0.000000 0.000000 -0.000000 -0.034500 0.133800 0.000000 -0.000000 0.000000 0.000000 -0.015200 0.123100 9.794517 -0.102607 0.027634 -0.000000 0.004500 0.141200 9.794576 -0.085864 0.076250 0.000000 0.035467 0.161600 -9.794490 0.110734 0.004385 0.000000 -0.045467 0.092300 -0.000003 -0.000000 -0.000000 0.000000 -0.002685 0.082543 -0.000000 0.000000 -0.000000 0.018800 -0.076300 0.143100 -2.367509 1.384158 -6.167384 0.173100 0.136800 -0.017100 12.674726 27.938284 -50.080764 0.274400 0.004700 -0.000000 -13.265341 -0.225235 -83.558144 0.272600 -0.004700 0.000000 -68.443523 17.379131 3.257953 0.113505 -0.046028 -0.002000 0.000008 -0.000016 -0.000031 0.037675 -0.006459 -0.000000 -0.000017 -0.000001 0.000025 0.027202 -0.005757 -0.000000 0.000001 0.000008 0.000044 0.023662 -0.004706 0.000000 -0.000001 0.000001 -0.000003 0.118040 -0.020533 0.000401 -0.700347 12.216817 10.088097 0.041479 -0.001286 -0.000000 1.632202 28.320872 -4.265845 0.033078 -0.003702 0.000000 -0.000004 0.000022 -0.000035 0.032483 -0.002781 -0.000000 0.000001 0.000001 -0.000007 0.109890 0.035598 -0.001600 -1.535003 25.475827 3.401847 0.035819 0.001057 0.000000 -5.984769 24.408750 -0.254355 0.025683 0.002448 0.000000 -2.095763 14.330613 -0.339732 0.026731 0.002448 0.000000 0.000001 -0.000001 -0.000005 0.115267 0.008064 0.000100 -3.722800 25.718053 11.819513 0.036562 0.001400 0.000000 -0.514139 24.178660 -3.810827 0.033090 0.000552 0.000000 -1.874298 16.655843 2.464517 0.029610 0.000105 -0.000000 -0.000001 -0.000002 0.000001 0.027300 -0.033600 -0.022800 0.095561 -0.161837 0.326619 0.035686 -0.025978 -0.023293 2.389490 -1.741269 3.318939 0.032563 -0.021217 -0.020255 7.972589 -4.941017 10.468777 0.022147 -0.013446 -0.013949 0.000004 0.000009 0.000014 -0.018800 -0.076300 0.143100 -1.755339 -1.720531 -5.728488 -0.173100 0.136800 -0.017100 13.260764 -20.374700 67.757164 -0.274400 0.004700 0.000000 -13.997512 0.237386 64.645814 -0.272600 -0.004700 0.000000 -57.414843 7.232978 11.955593 -0.113505 -0.046028 -0.002000 5.790519 -30.551119 1.526285 -0.037675 -0.006459 -0.000000 6.010651 -26.112462 1.381860 -0.027201 -0.005757 -0.000000 2.952210 -14.519908 0.376118 -0.023662 -0.004705 0.000000 -0.000001 0.000001 0.000000 -0.118041 -0.020533 0.000401 -1.148023 -31.566908 -7.610905 -0.041479 -0.001286 0.000000 4.601783 -44.957155 6.077720 -0.033079 -0.003702 0.000000 1.292001 -14.755459 0.167236 -0.032483 -0.002781 -0.000000 0.000001 0.000010 -0.000001 -0.109890 0.035598 -0.001600 -0.787030 -46.574233 1.552491 -0.035819 0.001057 0.000000 -7.808877 -34.330686 -0.439843 -0.025683 0.002448 0.000000 -3.111266 -26.327357 -0.163478 -0.026731 0.002448 0.000000 0.000002 0.000005 -0.000000 -0.115267 0.008064 0.000100 -6.565668 -45.052129 -11.362470 -0.036562 0.001400 -0.000000 -0.900982 -34.282475 3.285479 -0.033091 0.000552 0.000000 -2.027764 -28.267978 -2.186060 -0.029609 0.000105 0.000000 -0.000000 0.000002 0.000000 -0.027300 -0.033600 -0.022800 3.373228 -1.816809 -3.275766 -0.035686 -0.025978 -0.023293 7.689646 1.148061 -10.685128 -0.032563 -0.021217 -0.020255 22.450719 -3.342194 -37.209450 -0.022147 -0.013446 -0.013949 0.000011 -0.000003 0.000010 0.089000 -0.051500 0.015400 -86.822728 -10.044055 -9.637954 -0.000000 0.002800 -0.400300 80.377823 10.768742 1.877309 -0.000000 0.034400 -0.428100 6.321529 -0.731923 -10.161435 0.000000 -0.149000 -0.088500 -0.000000 0.000002 -0.000005 -0.000000 -0.078900 -0.000000 0.000000 0.000000 -0.000000 -0.089000 -0.051500 0.015400 -86.598411 10.452951 9.991462 0.000000 0.002800 -0.400300 79.258840 -6.106303 -1.214309 0.000000 0.034400 -0.428100 7.329017 -4.380004 7.020810 -0.000000 -0.149000 -0.088500 0.000000 0.000003 -0.000000 -0.000000 -0.078900 -0.000000 0.000000 0.000000 0.000000 
0.000000 0.000000 0.000000 -0.000000 0.000000 -0.000000 0.002794 0.331499 0.541539 0.000010 0.000000 0.000000 -0.000000 -0.034500 0.133800 0.000000 -0.000000 0.000000 0.000000 -0.015200 0.123100 9.701480 -0.126603 0.031443 -0.000000 0.004500 0.141200 9.701535 -0.108032 0.086691 -0.000000 0.035467 0.161600 -9.701431 0.134519 0.009918 -0.000000 -0.045467 0.092300 -0.000000 0.000000 0.000000 -0.000000 -0.002685 0.082543 -0.000000 -0.000000 0.000000 0.018800 -0.076300 0.143100 -2.367509 1.384157 -6.167378 0.173100 0.136800 -0.017100 12.461834 27.502163 -50.050441 0.274400 0.004700 -0.000000 -13.606768 -0.230885 -81.625774 0.272600 -0.004700 -0.000000 -67.237420 15.094581 2.323232 0.113505 -0.046028 -0.002000 0.000009 -0.000021 -0.000033 0.037675 -0.006459 -0.000000 -0.000016 -0.000001 0.000024 0.027202 -0.005757 0.000000 0.000000 0.000007 0.000045 0.023662 -0.004706 0.000000 0.000001 -0.000000 0.000003 0.118040 -0.020533 0.000400 -0.700352 12.216765 10.088060 0.041479 -0.001286 -0.000000 1.632198 28.320961 -4.265849 0.033078 -0.003702 0.000000 0.000003 -0.000000 -0.000009 0.032483 -0.002781 0.000000 -0.000001 -0.000000 -0.000002 0.109890 0.035598 -0.001600 -1.535009 25.475887 3.401827 0.035819 0.001057 0.000000 -5.984785 24.408716 -0.254366 0.025683 0.002448 0.000000 -2.095775 14.330613 -0.339687 0.026731 0.002447 -0.000000 -0.000001 -0.000001 -0.000003 0.115267 0.008064 0.000100 -3.722814 25.718051 11.819500 0.036562 0.001400 0.000000 -0.514154 24.178675 -3.810824 0.033090 0.000552 0.000000 -1.874308 16.655874 2.464481 0.029609 0.000105 -0.000000 0.000001 0.000001 0.000003 0.027300 -0.033600 -0.022800 0.187074 -0.330711 0.654268 0.035686 -0.025978 -0.023293 2.390789 -1.742174 3.318079 0.032563 -0.021217 -0.020255 7.972590 -4.941016 10.468779 0.022147 -0.013446 -0.013949 0.000003 0.000003 0.000015 -0.018800 -0.076300 0.143100 -1.755339 -1.720531 -5.728486 -0.173100 0.136800 -0.017100 13.274622 -20.340577 67.901663 -0.274400 0.004700 -0.000000 -14.020168 0.237750 64.457964 -0.272600 -0.004700 0.000000 -57.460872 7.194651 11.947223 -0.113505 -0.046028 -0.002000 5.790537 -30.551105 1.526356 -0.037675 -0.006459 0.000000 6.010609 -26.112506 1.381794 -0.027202 -0.005757 -0.000000 2.952217 -14.519925 0.376124 -0.023662 -0.004705 0.000000 -0.000002 0.000000 0.000000 -0.118041 -0.020533 0.000400 -1.148039 -31.566921 -7.610940 -0.041479 -0.001286 0.000000 4.601808 -44.957125 6.077741 -0.033079 -0.003702 0.000000 1.292005 -14.755486 0.167220 -0.032483 -0.002781 -0.000000 -0.000001 0.000011 0.000000 -0.109891 0.035598 -0.001600 -0.787000 -46.574216 1.552561 -0.035819 0.001057 0.000000 -7.808926 -34.330689 -0.439855 -0.025683 0.002448 0.000000 -3.111278 -26.327321 -0.163542 -0.026731 0.002448 0.000000 -0.000001 -0.000002 0.000002 -0.115267 0.008064 0.000101 -6.565692 -45.052150 -11.362523 -0.036562 0.001400 0.000000 -0.900955 -34.282465 3.285422 -0.033091 0.000552 0.000000 -2.027715 -28.267960 -2.185913 -0.029610 0.000105 0.000000 0.000001 0.000001 0.000000 -0.027300 -0.033600 -0.022800 3.373262 -1.816800 -3.275805 -0.035686 -0.025978 -0.023293 7.689597 1.148078 -10.685063 -0.032563 -0.021217 -0.020255 22.450721 -3.342199 -37.209436 -0.022147 -0.013447 -0.013949 0.000013 -0.000006 0.000017 0.089000 -0.051500 0.015400 -86.822728 -10.044055 -9.637954 -0.000000 0.002800 -0.400300 80.377823 10.768742 1.877309 -0.000000 0.034400 -0.428100 6.321529 -0.731923 -10.161435 0.000000 -0.149000 -0.088500 -0.000000 0.000002 -0.000005 -0.000000 -0.078900 -0.000000 0.000000 0.000000 -0.000000 -0.089000 -0.051500 0.015400 -86.596683 10.427054 9.966393 0.000000 0.002800 -0.400300 79.259899 -6.055233 -1.204191 0.000000 0.034400 -0.428100 7.326880 -4.405714 6.992859 -0.000000 -0.149000 -0.088500 -0.000000 0.000002 -0.000000 -0.000000 -0.078900 -0.000000 0.000000 -0.000000 -0.000000 
0.000000 0.000000 0.000000 -0.000000 0.000000 -0.000000 0.002794 0.331499 0.541539 0.000010 0.000000 0.000000 -0.000000 -0.034500 0.133800 0.000000 -0.000000 0.000000 0.000000 -0.015200 0.123100 9.616715 -0.152942 0.035580 -0.000000 0.004500 0.141200 9.616799 -0.132385 0.098067 0.000000 0.035467 0.161600 -9.616666 0.160617 0.016011 0.000000 -0.045467 0.092300 0.000003 -0.000000 0.000000 0.000000 -0.002685 0.082543 -0.000000 0.000000 -0.000000 0.018800 -0.076300 0.143100 -2.367508 1.384157 -6.167383 0.173100 0.136800 -0.017100 12.213004 26.960698 -50.064395 0.274400 0.004700 0.000000 -14.043288 -0.238167 -79.328242 0.272600 -0.004700 -0.000000 -65.869217 12.295263 1.291349 0.113505 -0.046028 -0.002000 0.000007 -0.000019 -0.000032 0.037675 -0.006459 -0.000000 -0.000018 -0.000003 0.000025 0.027201 -0.005757 -0.000000 0.000002 0.000005 0.000045 0.023662 -0.004706 0.000000 0.000002 -0.000004 0.000002 0.118041 -0.020533 0.000400 -0.700355 12.216789 10.088104 0.041479 -0.001286 -0.000000 1.632200 28.320917 -4.265873 0.033079 -0.003702 -0.000000 -0.000000 0.000010 -0.000009 0.032483 -0.002781 0.000000 0.000000 0.000000 -0.000004 0.109890 0.035598 -0.001600 -1.535011 25.475892 3.401831 0.035819 0.001057 0.000000 -5.984775 24.408735 -0.254337 0.025683 0.002448 -0.000000 -2.095767 14.330616 -0.339705 0.026731 0.002448 0.000000 -0.000004 -0.000003 -0.000001 0.115267 0.008064 0.000100 -3.722817 25.718092 11.819500 0.036562 0.001400 0.000000 -0.514151 24.178661 -3.810825 0.033091 0.000552 0.000000 -1.874306 16.655821 2.464574 0.029610 0.000105 -0.000000 -0.000000 -0.000002 0.000004 0.027300 -0.033600 -0.022800 0.274677 -0.506173 0.982502 0.035686 -0.025978 -0.023293 2.392898 -1.743628 3.316943 0.032563 -0.021217 -0.020255 7.972591 -4.941019 10.468772 0.022147 -0.013446 -0.013949 0.000004 0.000007 0.000016 -0.018800 -0.076300 0.143100 -1.755337 -1.720531 -5.728481 -0.173100 0.136800 -0.017100 13.379287 -20.459333 68.005298 -0.274400 0.004700 -0.000000 -14.001440 0.237472 64.275516 -0.272600 -0.004700 0.000000 -57.320327 7.097034 11.865573 -0.113505 -0.046028 -0.002000 5.790525 -30.551098 1.526354 -0.037675 -0.006459 0.000000 6.010618 -26.112522 1.381800 -0.027202 -0.005757 0.000000 2.952208 -14.519908 0.376007 -0.023662 -0.004705 0.000000 -0.000002 0.000000 -0.000002 -0.118041 -0.020533 0.000401 -1.148067 -31.566938 -7.610952 -0.041479 -0.001286 -0.000000 4.601811 -44.957128 6.077737 -0.033079 -0.003702 0.000000 1.292007 -14.755468 0.167218 -0.032483 -0.002781 -0.000000 -0.000000 0.000006 0.000001 -0.109891 0.035598 -0.001600 -0.787013 -46.574244 1.552550 -0.035819 0.001057 0.000000 -7.808915 -34.330655 -0.439851 -0.025683 0.002448 0.000000 -3.111280 -26.327328 -0.163545 -0.026731 0.002448 0.000000 -0.000001 0.000000 -0.000000 -0.115267 0.008064 0.000100 -6.565691 -45.052126 -11.362518 -0.036562 0.001400 -0.000000 -0.900955 -34.282485 3.285421 -0.033090 0.000552 0.000000 -2.027714 -28.267947 -2.185912 -0.029610 0.000105 0.000000 0.000001 -0.000002 0.000001 -0.027300 -0.033600 -0.022800 3.373263 -1.816808 -3.275803 -0.035686 -0.025978 -0.023293 7.689567 1.148104 -10.685015 -0.032563 -0.021217 -0.020255 22.450753 -3.342220 -37.209487 -0.022147 -0.013447 -0.013949 0.000018 -0.000005 0.000012 0.089000 -0.051500 0.015400 -86.822728 -10.044055 -9.637954 -0.000000 0.002800 -0.400300 80.377823 10.768742 1.877309 -0.000000 0.034400 -0.428100 6.321529 -0.731923 -10.161435 0.000000 -0.149000 -0.088500 -0.000000 0.000002 -0.000005 -0.000000 -0.078900 -0.000000 0.000000 0.000000 -0.000000 -0.089000 -0.051500 0.015400 -86.593890 10.384866 9.925569 0.000000 0.002800 -0.400300 79.261634 -5.972042 -1.187716 -0.000000 0.034400 -0.428100 7.323371 -4.447598 6.947329 -0.000000 -0.149000 -0.088500 0.000001 0.000002 -0.000001 -0.000000 -0.078900 -0.000000 -0.000000 -0.000000 -0.000000 
0.000000 0.000000 0.000000 -0.000000 0.000000 -0.000000 0.002794 0.331499 0.541539 0.000010 0.000000 0.000000 -0.000000 -0.034500 0.133800 0.000000 -0.000000 0.000000 0.000000 -0.015200 0.123100 9.540221 -0.181267 0.039988 -0.000000 0.004500 0.141200 9.540337 -0.158593 0.110221 0.000000 0.035467 0.161600 -9.540186 0.188670 0.022581 -0.000000 -0.045467 0.092300 0.000002 -0.000000 -0.000000 0.000000 -0.002685 0.082543 -0.000001 -0.000000 -0.000000 0.018800 -0.076300 0.143100 -2.367509 1.384158 -6.167371 0.173100 0.136800 -0.017100 12.004136 26.479827 -50.119259 0.274400 0.004700 -0.000000 -14.368778 -0.243574 -77.325480 0.272600 -0.004700 0.000000 -64.834293 9.931211 0.433098 0.113505 -0.046028 -0.002000 0.000010 -0.000017 -0.000032 0.037675 -0.006459 -0.000000 -0.000017 -0.000001 0.000023 0.027201 -0.005757 0.000000 0.000001 0.000007 0.000046 0.023662 -0.004706 0.000000 0.000001 -0.000000 -0.000001 0.118041 -0.020533 0.000400 -0.700339 12.216814 10.088102 0.041479 -0.001286 -0.000000 1.632206 28.320882 -4.265854 0.033079 -0.003702 0.000000 -0.000001 0.000027 -0.000027 0.032483 -0.002781 0.000000 0.000000 -0.000002 -0.000002 0.109890 0.035598 -0.001600 -1.534997 25.475899 3.401815 0.035819 0.001057 0.000000 -5.984777 24.408717 -0.254399 0.025683 0.002448 0.000000 -2.095787 14.330616 -0.339571 0.026731 0.002448 0.000000 -0.000001 -0.000001 -0.000002 0.115267 0.008064 0.000100 -3.722801 25.718051 11.819489 0.036562 0.001400 0.000000 -0.514147 24.178632 -3.810788 0.033090 0.000552 0.000000 -1.874295 16.655864 2.464527 0.029609 0.000105 -0.000000 0.000001 -0.000002 0.000000 0.027300 -0.033600 -0.022800 0.358614 -0.687776 1.311068 0.035686 -0.025978 -0.023293 2.395554 -1.745452 3.315299 0.032563 -0.021217 -0.020255 7.972594 -4.941022 10.468773 0.022147 -0.013446 -0.013949 0.000009 0.000007 0.000007 -0.018800 -0.076300 0.143100 -1.755338 -1.720531 -5.728480 -0.173100 0.136800 -0.017100 13.471056 -20.562028 68.098659 -0.274400 0.004700 0.000000 -13.985571 0.237160 64.113852 -0.272600 -0.004700 -0.000000 -57.188703 7.013316 11.785868 -0.113505 -0.046028 -0.002000 5.595447 -29.698438 1.430705 -0.037675 -0.006459 -0.000000 5.818172 -25.383881 1.298770 -0.027202 -0.005757 0.000000 2.866064 -14.113697 0.354769 -0.023662 -0.004705 0.000000 0.000002 -0.000001 -0.000001 -0.118041 -0.020533 0.000401 -1.062347 -30.681439 -7.422037 -0.041479 -0.001286 -0.000000 4.430916 -44.002906 5.779386 -0.033079 -0.003702 0.000000 1.325628 -15.122222 0.175887 -0.032483 -0.002781 -0.000000 0.000000 0.000008 -0.000000 -0.109891 0.035598 -0.001600 -0.921495 -45.293474 1.172542 -0.035819 0.001057 0.000000 -7.780472 -34.050569 -0.415700 -0.025683 0.002448 0.000000 -3.079389 -25.991576 -0.144879 -0.026731 0.002448 0.000000 -0.000002 -0.000000 -0.000000 -0.115267 0.008064 0.000100 -6.307600 -43.859507 -11.200628 -0.036562 0.001400 -0.000000 -0.993963 -33.997427 3.300761 -0.033090 0.000552 0.000000 -2.025092 -27.942814 -2.193050 -0.029609 0.000105 0.000000 0.000000 0.000003 0.000001 -0.027300 -0.033600 -0.022800 3.260510 -1.753801 -3.164376 -0.035686 -0.025978 -0.023293 7.506521 1.176042 -10.434612 -0.032563 -0.021217 -0.020255 22.007080 -2.947809 -36.339844 -0.022147 -0.013446 -0.013949 0.000011 -0.000002 0.000015 0.089000 -0.051500 0.015400 -86.822728 -10.044055 -9.637954 -0.000000 0.002800 -0.400300 80.377823 10.768742 1.877309 -0.000000 0.034400 -0.428100 6.321529 -0.731923 -10.161435 0.000000 -0.149000 -0.088500 -0.000000 0.000002 -0.000005 -0.000000 -0.078900 -0.000000 0.000000 0.000000 -0.000000 -0.089000 -0.051500 0.015400 -86.589962 10.327177 9.869737 -0.000000 0.002800 -0.400300 79.263976 -5.858292 -1.165205 0.000000 0.034400 -0.428100 7.318531 -4.504863 6.885056 -0.000000 -0.149000 -0.088500 0.000000 0.000002 -0.000001 -0.000000 -0.078900 -0.000000 0.000000 -0.000000 -0.000000 
0.000000 0.000000 0.000000 -0.000000 0.000000 -0.000000 0.002794 0.331499 0.541539 0.000010 0.000000 0.000000 -0.000000 -0.034500 0.133800 0.000000 -0.000000 0.000000 0.000000 -0.015200 0.123100 9.471638 -0.211215 0.044611 -0.000000 0.004500 0.141200 9.471762 -0.186322 0.123000 -0.000000 0.035467 0.161600 -9.471590 0.218322 0.029545 0.000000 -0.045467 0.092300 -0.000003 -0.000000 0.000000 -0.000000 -0.002685 0.082543 -0.000001 -0.000000 -0.000000 0.018800 -0.076300 0.143100 -2.367507 1.384157 -6.167382 0.173100 0.136800 -0.017100 11.900900 26.243211 -50.144940 0.274400 0.004700 -0.000000 -14.382078 -0.243806 -76.354391 0.272600 -0.004700 -0.000000 -64.533526 8.964042 -0.034005 0.113505 -0.046028 -0.002000 0.000009 -0.000021 -0.000032 0.037675 -0.006459 -0.000000 -0.000016 -0.000003 0.000021 0.027202 -0.005757 0.000000 0.000000 0.000010 0.000043 0.023662 -0.004706 0.000000 -0.000002 -0.000001 -0.000000 0.118041 -0.020533 0.000400 -0.700358 12.216801 10.088104 0.041479 -0.001286 -0.000000 1.632211 28.320954 -4.265895 0.033079 -0.003702 0.000000 -0.000005 -0.000009 0.000064 0.032483 -0.002781 0.000000 -0.000001 -0.000001 -0.000005 0.109890 0.035598 -0.001600 -1.535003 25.475895 3.401805 0.035819 0.001057 0.000000 -5.984792 24.408723 -0.254271 0.025683 0.002448 0.000000 -2.095758 14.330616 -0.339694 0.026731 0.002447 0.000000 -0.000002 -0.000000 -0.000001 0.115267 0.008064 0.000100 -3.722818 25.718061 11.819504 0.036562 0.001400 0.000000 -0.514153 24.178685 -3.810820 0.033090 0.000552 0.000000 -1.874307 16.655824 2.464554 0.029609 0.000105 -0.000000 0.000000 0.000001 -0.000000 0.027300 -0.033600 -0.022800 0.438985 -0.874995 1.639487 0.035686 -0.025978 -0.023293 2.398758 -1.747653 3.313372 0.032563 -0.021217 -0.020255 7.972590 -4.941018 10.468774 0.022147 -0.013446 -0.013949 0.000009 0.000006 0.000009 -0.018800 -0.076300 0.143100 -1.755337 -1.720531 -5.728484 -0.173100 0.136800 -0.017100 13.550572 -20.649711 68.182124 -0.274400 0.004700 0.000000 -13.972211 0.236960 63.971804 -0.272600 -0.004700 -0.000000 -57.066050 6.942535 11.708389 -0.113505 -0.046028 -0.002000 5.081807 -27.382701 1.191271 -0.037675 -0.006459 0.000000 5.307003 -23.405045 1.089248 -0.027202 -0.005757 -0.000000 2.633731 -13.010997 0.300294 -0.023662 -0.004705 0.000000 0.000002 0.000001 0.000000 -0.118041 -0.020533 0.000401 -0.843981 -28.278359 -6.900345 -0.041479 -0.001286 -0.000000 4.012246 -41.408432 5.031914 -0.033079 -0.003702 0.000000 1.417545 -16.117614 0.200605 -0.032483 -0.002781 -0.000000 0.000001 0.000008 -0.000001 -0.109891 0.035598 -0.001600 -1.220511 -41.816317 0.186800 -0.035819 0.001057 0.000000 -7.676734 -33.292763 -0.351725 -0.025683 0.002448 0.000000 -2.994183 -25.080246 -0.096143 -0.026731 0.002448 -0.000000 0.000000 -0.000000 0.000000 -0.115267 0.008064 0.000100 -5.664502 -40.616461 -10.843115 -0.036562 0.001400 -0.000000 -1.231289 -33.223997 3.341841 -0.033090 0.000552 0.000000 -2.017366 -27.060233 -2.212372 -0.029610 0.000105 0.000000 0.000000 0.000000 -0.000001 -0.027300 -0.033600 -0.022800 2.957293 -1.585152 -2.865405 -0.035686 -0.025978 -0.023293 7.016231 1.248379 -9.762674 -0.032563 -0.021217 -0.020255 20.796215 -1.925495 -33.992154 -0.022147 -0.013447 -0.013949 0.000013 -0.000004 0.000014 0.089000 -0.051500 0.015400 -86.822728 -10.044055 -9.637954 -0.000000 0.002800 -0.400300 80.377823 10.768742 1.877309 -0.000000 0.034400 -0.428100 6.321529 -0.731923 -10.161435 0.000000 -0.149000 -0.088500 -0.000000 0.000002 -0.000005 -0.000000 -0.078900 -0.000000 0.000000 0.000000 -0.000000 -0.089000 -0.051500 0.015400 -86.584942 10.254801 9.799677 0.000000 0.002800 -0.400300 79.266811 -5.715567 -1.136966 0.000000 0.034400 -0.428100 7.312354 -4.576711 6.806903 -0.000000 -0.149000 -0.088500 0.000001 0.000002 -0.000001 -0.000000 -0.078900 -0.000000 -0.000000 0.000000 -0.000000 
0.000000 0.000000 0.000000 -0.000000 0.000000 -0.000000 0.002794 0.331499 0.541539 0.000010 0.000000 0.000000 -0.000000 -0.034500 0.133800 0.000000 -0.000000 0.000000 0.000000 -0.015200 0.123100 9.410546 -0.242426 0.049397 0.000000 0.004500 0.141200 9.410706 -0.215236 0.136255 -0.000000 0.035467 0.161600 -9.410487 0.249215 0.036816 0.000000 -0.045467 0.092300 -0.000001 0.000000 -0.000000 -0.000000 -0.002685 0.082543 0.000000 -0.000000 -0.000000 0.018800 -0.076300 0.143100 -2.367509 1.384158 -6.167380 0.173100 0.136800 -0.017100 11.917444 26.384316 -49.967697 0.274400 0.004700 0.000000 -13.956248 -0.236731 -76.996668 0.272600 -0.004700 0.000000 -65.286957 10.035250 0.071557 0.113505 -0.046028 -0.002000 0.000010 -0.000019 -0.000034 0.037675 -0.006459 -0.000000 -0.000017 -0.000004 0.000022 0.027202 -0.005757 -0.000000 0.000002 0.000011 0.000046 0.023662 -0.004706 0.000000 -0.000002 -0.000002 -0.000000 0.118041 -0.020533 0.000400 -0.700334 12.216798 10.088091 0.041479 -0.001286 -0.000000 1.632205 28.320901 -4.265852 0.033078 -0.003702 -0.000000 0.000002 -0.000001 -0.000029 0.032483 -0.002781 0.000000 -0.000000 -0.000000 -0.000002 0.109890 0.035598 -0.001600 -1.534992 25.475865 3.401806 0.035819 0.001057 0.000000 -5.984797 24.408765 -0.254396 0.025683 0.002448 0.000000 -2.095781 14.330591 -0.339653 0.026731 0.002447 -0.000000 -0.000001 0.000001 -0.000002 0.115267 0.008064 0.000100 -3.722822 25.718058 11.819554 0.036562 0.001400 0.000000 -0.514120 24.178661 -3.810847 0.033090 0.000552 0.000000 -1.874302 16.655874 2.464475 0.029610 0.000105 -0.000000 0.000000 0.000003 -0.000001 0.027300 -0.033600 -0.022800 0.516021 -1.067460 1.967506 0.035686 -0.025978 -0.023293 2.402325 -1.750114 3.311124 0.032563 -0.021217 -0.020255 7.972585 -4.941018 10.468778 0.022147 -0.013446 -0.013949 0.000003 0.000003 0.000010 -0.018800 -0.076300 0.143100 -1.755341 -1.720532 -5.728489 -0.173100 0.136800 -0.017100 13.628388 -20.735486 68.263035 -0.274400 0.004700 0.000000 -13.974348 0.237010 63.848281 -0.272600 -0.004700 -0.000000 -56.929780 6.876611 11.622234 -0.113505 -0.046028 -0.002000 4.361897 -23.966978 0.887538 -0.037675 -0.006459 0.000000 4.580306 -20.486060 0.819701 -0.027202 -0.005757 0.000000 2.295066 -11.385569 0.228810 -0.023662 -0.004705 0.000000 -0.000001 0.000000 -0.000003 -0.118041 -0.020533 0.000401 -0.561071 -24.738208 -6.109013 -0.041479 -0.001286 -0.000000 3.492725 -37.575592 4.073129 -0.033079 -0.003702 0.000000 1.554695 -17.584453 0.240339 -0.032483 -0.002781 -0.000000 -0.000001 0.000005 -0.000001 -0.109891 0.035598 -0.001600 -1.507688 -36.690697 -1.163640 -0.035819 0.001057 0.000000 -7.455466 -32.182588 -0.262410 -0.025683 0.002448 0.000000 -2.871640 -23.737021 -0.028021 -0.026731 0.002448 0.000000 -0.000001 -0.000003 0.000001 -0.115267 0.008064 0.000101 -4.835994 -35.824445 -10.500691 -0.036562 0.001400 -0.000000 -1.541240 -32.085200 3.401943 -0.033090 0.000552 0.000000 -2.004805 -25.759587 -2.241551 -0.029610 0.000105 0.000000 0.000000 -0.000002 -0.000000 -0.027300 -0.033600 -0.022800 2.515703 -1.341474 -2.431936 -0.035686 -0.025978 -0.023293 6.307349 1.346280 -8.787825 -0.032563 -0.021217 -0.020255 18.988590 -0.537963 -30.548554 -0.022147 -0.013447 -0.013949 0.000015 -0.000003 0.000011 0.089000 -0.051500 0.015400 -86.822728 -10.044055 -9.637954 -0.000000 0.002800 -0.400300 80.377823 10.768742 1.877309 -0.000000 0.034400 -0.428100 6.321529 -0.731923 -10.161435 0.000000 -0.149000 -0.088500 -0.000000 0.000002 -0.000005 -0.000000 -0.078900 -0.000000 0.000000 0.000000 -0.000000 -0.089000 -0.051500 0.015400 -86.578870 10.168513 9.716159 0.000000 0.002800 -0.400300 79.270124 -5.545425 -1.103324 -0.000000 0.034400 -0.428100 7.304863 -4.662361 6.713705 -0.000000 -0.149000 -0.088500 0.000002 0.000002 -0.000000 -0.000000 -0.078900 -0.000000 -0.000000 -0.000000 -0.000000 
0.000000 0.000000 0.000000 -0.000000 0.000000 -0.000000 0.002794 0.331499 0.541539 0.000010 0.000000 0.000000 -0.000000 -0.034500 0.133800 0.000000 -0.000000 0.000000 0.000000 -0.015200 0.123100 9.356496 -0.274541 0.054294 0.000000 0.004500 0.141200 9.356709 -0.244999 0.149840 -0.000000 0.035467 0.161600 -9.356441 0.280996 0.044310 -0.000000 -0.045467 0.092300 -0.000002 0.000000 0.000000 -0.000000 -0.002685 0.082543 0.000000 -0.000000 0.000000 0.018800 -0.076300 0.143100 -2.367510 1.384157 -6.167376 0.173100 0.136800 -0.017100 12.005141 26.755319 -49.666424 0.274400 0.004700 -0.000000 -13.248507 -0.224962 -78.690739 0.272600 -0.004700 -0.000000 -66.820191 12.550338 0.592880 0.113505 -0.046028 -0.002000 0.000007 -0.000018 -0.000031 0.037675 -0.006459 -0.000000 -0.000016 -0.000005 0.000026 0.027202 -0.005757 -0.000000 0.000002 0.000004 0.000044 0.023662 -0.004706 0.000000 0.000002 0.000004 0.000001 0.118041 -0.020533 0.000400 -0.700334 12.216792 10.088104 0.041479 -0.001286 -0.000000 1.632218 28.320956 -4.265897 0.033079 -0.003702 0.000000 0.000004 -0.000001 0.000038 0.032483 -0.002781 0.000000 -0.000000 -0.000000 -0.000002 0.109891 0.035598 -0.001600 -1.534998 25.475863 3.401862 0.035819 0.001057 0.000000 -5.984753 24.408743 -0.254415 0.025683 0.002448 0.000000 -2.095778 14.330604 -0.339631 0.026731 0.002448 0.000000 0.000001 -0.000000 -0.000004 0.115267 0.008064 0.000100 -3.722815 25.718073 11.819497 0.036562 0.001400 0.000000 -0.514154 24.178660 -3.810847 0.033090 0.000552 -0.000000 -1.874318 16.655852 2.464497 0.029609 0.000105 -0.000000 0.000001 -0.000001 0.000000 0.027300 -0.033600 -0.022800 0.589868 -1.264593 2.294695 0.035686 -0.025979 -0.023293 2.406246 -1.752825 3.308753 0.032563 -0.021217 -0.020255 7.972588 -4.941017 10.468775 0.022147 -0.013446 -0.013949 0.000006 0.000008 0.000015 -0.018800 -0.076300 0.143100 -1.755342 -1.720531 -5.728481 -0.173100 0.136800 -0.017100 14.112352 -21.333087 68.587523 -0.274400 0.004700 0.000000 -13.894099 0.235670 63.295862 -0.272600 -0.004700 -0.000000 -54.995051 5.587816 10.642808 -0.113505 -0.046028 -0.002000 3.536131 -19.815234 0.588654 -0.037675 -0.006459 0.000000 3.733457 -16.937906 0.550263 -0.027201 -0.005757 0.000000 1.888921 -9.411307 0.155480 -0.023662 -0.004705 0.000000 -0.000001 0.000000 0.000001 -0.118041 -0.020533 0.000400 -0.282249 -20.441387 -5.116177 -0.041479 -0.001286 -0.000000 2.975826 -32.911065 3.093147 -0.033079 -0.003702 0.000000 1.724269 -19.365536 0.294095 -0.032483 -0.002781 -0.000000 -0.000000 0.000007 0.000002 -0.109890 0.035598 -0.001600 -1.650279 -30.465837 -2.674030 -0.035819 0.001057 0.000000 -7.081082 -30.844663 -0.161244 -0.025683 0.002448 0.000000 -2.727323 -22.105755 0.049055 -0.026731 0.002448 0.000000 -0.000000 -0.000000 0.000001 -0.115267 0.008064 0.000101 -3.958973 -29.990445 -10.319088 -0.036562 0.001400 0.000000 -1.854980 -30.704023 3.474116 -0.033091 0.000552 0.000000 -1.987535 -24.180244 -2.277607 -0.029610 0.000105 0.000000 -0.000000 0.000000 0.000000 -0.027300 -0.033600 -0.022800 1.988017 -1.053482 -1.916705 -0.035686 -0.025978 -0.023293 5.468581 1.451847 -7.629012 -0.032563 -0.021217 -0.020255 16.767373 0.957868 -26.398022 -0.022147 -0.013446 -0.013949 0.000010 0.000001 0.000013 0.089000 -0.051500 0.015400 -86.822728 -10.044055 -9.637954 -0.000000 0.002800 -0.400300 80.377823 10.768742 1.877309 -0.000000 0.034400 -0.428100 6.321529 -0.731923 -10.161435 0.000000 -0.149000 -0.088500 -0.000000 0.000002 -0.000005 -0.000000 -0.078900 -0.000000 0.000000 0.000000 -0.000000 -0.089000 -0.051500 0.015400 -86.571651 10.069140 9.619953 0.000000 0.002800 -0.400300 79.273798 -5.349454 -1.064602 0.000000 0.034400 -0.428100 7.296072 -4.761004 6.606326 -0.000000 -0.149000 -0.088500 -0.000000 0.000002 -0.000001 -0.000000 -0.078900 -0.000000 -0.000000 -0.000000 -0.000000 
0.000000 0.000000 0.000000 -0.000000 0.000000 -0.000000 0.002794 0.331499 0.541539 0.000010 0.000000 0.000000 -0.000000 -0.034500 0.133800 0.000000 -0.000000 0.000000 0.000000 -0.015200 0.123100 9.309064 -0.307198 0.059252 0.000000 0.004500 0.141200 9.309321 -0.275275 0.163612 -0.000000 0.035467 0.161600 -9.308987 0.313307 0.051939 -0.000000 -0.045467 0.092300 -0.000000 0.000000 0.000000 -0.000000 -0.002685 0.082543 0.000000 -0.000000 0.000000 0.018800 -0.076300 0.143100 -2.367506 1.384157 -6.167375 0.173100 0.136800 -0.017100 12.130238 27.178171 -49.419707 0.274400 0.004700 0.000000 -12.440519 -0.211444 -80.694519 0.272600 -0.004700 -0.000000 -68.597618 15.502397 1.261131 0.113505 -0.046028 -0.002000 0.000008 -0.000021 -0.000034 0.037675 -0.006459 -0.000000 -0.000017 -0.000001 0.000026 0.027201 -0.005757 -0.000000 0.000001 0.000007 0.000046 0.023662 -0.004705 0.000000 0.000001 -0.000001 0.000001 0.118040 -0.020533 0.000400 -0.700336 12.216819 10.088090 0.041479 -0.001286 -0.000000 1.632190 28.320918 -4.265840 0.033079 -0.003702 0.000000 0.000007 -0.000001 -0.000045 0.032483 -0.002781 0.000000 0.000000 0.000000 -0.000004 0.109890 0.035598 -0.001600 -1.535001 25.475904 3.401814 0.035819 0.001057 0.000000 -5.984797 24.408723 -0.254291 0.025683 0.002448 0.000000 -2.095766 14.330640 -0.339691 0.026731 0.002448 0.000000 -0.000002 -0.000001 -0.000001 0.115267 0.008064 0.000100 -3.722834 25.718046 11.819533 0.036562 0.001400 0.000000 -0.514137 24.178706 -3.810813 0.033090 0.000552 -0.000000 -1.874294 16.655853 2.464460 0.029610 0.000105 -0.000000 -0.000001 0.000001 -0.000001 0.027300 -0.033600 -0.022800 0.660631 -1.465963 2.620620 0.035686 -0.025978 -0.023293 2.410418 -1.755707 3.306316 0.032562 -0.021217 -0.020255 7.972589 -4.941017 10.468773 0.022147 -0.013446 -0.013949 0.000006 0.000007 0.000011 -0.018800 -0.076300 0.143100 -1.755340 -1.720531 -5.728481 -0.173100 0.136800 -0.017100 15.155205 -22.606150 69.255386 -0.274400 0.004700 0.000000 -13.707797 0.232593 62.120079 -0.272600 -0.004700 -0.000000 -50.617091 2.531954 8.582943 -0.113505 -0.046028 -0.002000 2.684051 -15.293144 0.340322 -0.037675 -0.006459 -0.000000 2.846689 -13.072880 0.322672 -0.027202 -0.005757 0.000000 1.452148 -7.262329 0.092086 -0.023662 -0.004705 0.000000 0.000000 -0.000005 0.000000 -0.118041 -0.020533 0.000401 -0.062216 -15.767789 -4.000360 -0.041479 -0.001286 0.000000 2.507500 -27.827021 2.205687 -0.033079 -0.003702 -0.000000 1.913074 -21.303534 0.359700 -0.032483 -0.002781 -0.000000 -0.000000 0.000007 -0.000000 -0.109891 0.035598 -0.001600 -1.590353 -23.691532 -4.190824 -0.035819 0.001057 0.000000 -6.546304 -29.400891 -0.059158 -0.025683 0.002448 0.000000 -2.575477 -20.330319 0.126108 -0.026731 0.002448 0.000000 -0.000000 0.000000 -0.000000 -0.115267 0.008064 0.000101 -3.098332 -23.628534 -10.348814 -0.036562 0.001400 -0.000000 -2.119272 -29.202593 3.552008 -0.033091 0.000552 0.000000 -1.966251 -22.461653 -2.318099 -0.029610 0.000105 0.000000 0.000000 0.000000 -0.000001 -0.027300 -0.033600 -0.022800 1.428085 -0.751633 -1.373113 -0.035686 -0.025978 -0.023293 4.588338 1.550411 -6.406342 -0.032563 -0.021217 -0.020255 14.347181 2.347405 -21.953017 -0.022147 -0.013447 -0.013949 0.000012 -0.000005 0.000014 0.089000 -0.051500 0.015400 -86.822728 -10.044055 -9.637954 -0.000000 0.002800 -0.400300 80.377823 10.768742 1.877309 -0.000000 0.034400 -0.428100 6.321529 -0.731923 -10.161435 0.000000 -0.149000 -0.088500 -0.000000 0.000002 -0.000005 -0.000000 -0.078900 -0.000000 0.000000 0.000000 -0.000000 -0.089000 -0.051500 0.015400 -86.563338 9.957460 9.511834 0.000000 0.002800 -0.400300 79.277753 -5.129226 -1.021113 -0.000000 0.034400 -0.428100 7.285963 -4.871857 6.485598 -0.000000 -0.149000 -0.088500 0.000003 0.000002 -0.000001 -0.000000 -0.078900 -0.000000 -0.000000 -0.000000 -0.000000 
0.000000 0.000000 0.000000 -0.000000 0.000000 -0.000000 0.002794 0.331499 0.541539 0.000010 0.000000 0.000000 -0.000000 -0.034500 0.133800 0.000000 -0.000000 0.000000 -0.000000 -0.015200 0.123100 9.267806 -0.340034 0.064220 0.000000 0.004500 0.141200 9.268110 -0.305728 0.177430 -0.000000 0.035467 0.161600 -9.267752 0.345795 0.059619 -0.000000 -0.045467 0.092300 -0.000003 -0.000000 0.000000 0.000000 -0.002685 0.082543 -0.000001 -0.000000 0.000000 0.018800 -0.076300 0.143100 -2.367510 1.384157 -6.167375 0.173100 0.136800 -0.017100 12.261915 27.500181 -49.362409 0.274400 0.004700 -0.000000 -11.705611 -0.199117 -82.329420 0.272600 -0.004700 -0.000000 -69.999897 17.877721 1.751225 0.113505 -0.046028 -0.002000 0.000011 -0.000018 -0.000032 0.037675 -0.006459 -0.000000 -0.000016 -0.000001 0.000024 0.027201 -0.005757 0.000000 0.000002 0.000009 0.000047 0.023662 -0.004706 0.000000 0.000000 -0.000002 0.000001 0.118040 -0.020533 0.000400 -0.700336 12.216802 10.088109 0.041479 -0.001286 -0.000000 1.632221 28.320942 -4.265899 0.033079 -0.003702 0.000000 -0.000005 -0.000030 0.000057 0.032483 -0.002781 0.000000 0.000001 0.000000 -0.000001 0.109890 0.035598 -0.001600 -1.535011 25.475868 3.401843 0.035819 0.001057 0.000000 -5.984768 24.408741 -0.254393 0.025683 0.002448 0.000000 -2.095785 14.330638 -0.339662 0.026731 0.002448 0.000000 0.000001 0.000001 -0.000004 0.115267 0.008064 0.000100 -3.722810 25.718061 11.819520 0.036562 0.001400 0.000000 -0.514136 24.178663 -3.810849 0.033091 0.000552 0.000000 -1.874310 16.655852 2.464529 0.029610 0.000105 -0.000000 0.000000 -0.000003 0.000000 0.027300 -0.033600 -0.022800 0.728521 -1.671105 2.945045 0.035686 -0.025978 -0.023293 2.414733 -1.758658 3.303731 0.032563 -0.021217 -0.020255 7.972590 -4.941016 10.468774 0.022147 -0.013446 -0.013949 0.000003 0.000009 0.000009 -0.018800 -0.076300 0.143100 -1.755341 -1.720532 -5.728481 -0.173100 0.136800 -0.017100 16.387477 -24.055032 70.066259 -0.274400 0.004700 0.000000 -13.537006 0.229678 60.685404 -0.272600 -0.004700 -0.000000 -45.443817 -1.219335 6.419556 -0.113505 -0.046028 -0.001999 1.867226 -10.768204 0.163489 -0.037675 -0.006459 0.000000 1.986830 -9.205187 0.158238 -0.027202 -0.005757 0.000000 1.019541 -5.112976 0.045501 -0.023662 -0.004706 0.000000 0.000000 0.000003 0.000001 -0.118041 -0.020533 0.000401 0.067919 -11.097243 -2.851624 -0.041479 -0.001286 -0.000000 2.098225 -22.739090 1.463191 -0.033079 -0.003702 0.000000 2.106943 -23.241411 0.433094 -0.032483 -0.002781 -0.000000 -0.000001 0.000005 0.000000 -0.109891 0.035598 -0.001600 -1.338400 -16.918751 -5.600190 -0.035819 0.001057 0.000000 -5.881819 -27.969495 0.035307 -0.025683 0.002448 0.000000 -2.428494 -18.554631 0.196559 -0.026731 0.002448 0.000000 0.000001 -0.000000 -0.000000 -0.115267 0.008064 0.000101 -2.281610 -17.257224 -10.566607 -0.036562 0.001400 -0.000000 -2.303268 -27.703807 3.629222 -0.033091 0.000552 0.000000 -1.942290 -20.743051 -2.359755 -0.029610 0.000105 0.000000 0.000001 -0.000000 -0.000000 -0.027300 -0.033600 -0.022800 0.891411 -0.466081 -0.854950 -0.035686 -0.025978 -0.023293 3.754148 1.632185 -5.241053 -0.032563 -0.021217 -0.020255 11.978588 3.483728 -17.658605 -0.022147 -0.013447 -0.013949 0.000014 -0.000004 0.000014 0.089000 -0.051500 0.015400 -86.822728 -10.044055 -9.637954 -0.000000 0.002800 -0.400300 80.377823 10.768742 1.877309 -0.000000 0.034400 -0.428100 6.321529 -0.731923 -10.161435 0.000000 -0.149000 -0.088500 -0.000000 0.000002 -0.000005 -0.000000 -0.078900 -0.000000 0.000000 0.000000 -0.000000 -0.089000 -0.051500 0.015400 -86.553892 9.834290 9.392579 0.000000 0.002800 -0.400300 79.281954 -4.886327 -0.973178 -0.000000 0.034400 -0.428100 7.274525 -4.994115 6.352374 -0.000000 -0.149000 -0.088500 0.000003 0.000002 -0.000000 -0.000000 -0.078900 -0.000000 -0.000000 -0.000000 -0.000000 
0.000000 0.000000 0.000000 -0.000000 0.000000 -0.000000 0.002794 0.331499 0.541539 0.000010 0.000000 0.000000 -0.000000 -0.034500 0.133800 0.000000 -0.000000 0.000000 -0.000000 -0.015200 0.123100 9.232312 -0.372690 0.069150 0.000000 0.004500 0.141200 9.232669 -0.336012 0.191147 -0.000000 0.035467 0.161600 -9.232216 0.378098 0.067260 0.000000 -0.045467 0.092300 -0.000005 0.000000 -0.000000 -0.000000 -0.002685 0.082543 0.000001 -0.000000 -0.000000 0.018800 -0.076300 0.143100 -2.367510 1.384158 -6.167377 0.173100 0.136800 -0.017100 12.369619 27.580246 -49.607124 0.274400 0.004700 0.000000 -11.222771 -0.191028 -82.923606 0.272600 -0.004700 -0.000000 -70.344699 18.723253 1.675568 0.113505 -0.046028 -0.002000 0.000009 -0.000017 -0.000033 0.037675 -0.006459 -0.000000 -0.000017 -0.000002 0.000023 0.027201 -0.005757 -0.000000 0.000001 0.000008 0.000045 0.023662 -0.004706 0.000000 -0.000001 -0.000002 -0.000002 0.118041 -0.020533 0.000400 -0.700354 12.216826 10.088095 0.041479 -0.001286 -0.000000 1.632199 28.320903 -4.265861 0.033079 -0.003702 -0.000000 0.000006 -0.000021 0.000020 0.032483 -0.002781 0.000000 -0.000000 -0.000000 -0.000001 0.109890 0.035598 -0.001600 -1.535006 25.475904 3.401828 0.035819 0.001057 0.000000 -5.984778 24.408733 -0.254332 0.025683 0.002448 0.000000 -2.095766 14.330606 -0.339663 0.026731 0.002448 0.000000 -0.000001 0.000000 -0.000003 0.115267 0.008065 0.000100 -3.722820 25.718056 11.819505 0.036562 0.001400 0.000000 -0.514152 24.178701 -3.810817 0.033091 0.000552 0.000000 -1.874306 16.655828 2.464499 0.029609 0.000105 -0.000000 -0.000000 0.000001 -0.000002 0.027300 -0.033600 -0.022800 0.793647 -1.879540 3.267514 0.035686 -0.025978 -0.023293 2.419071 -1.761657 3.300986 0.032563 -0.021217 -0.020255 7.972589 -4.941021 10.468774 0.022147 -0.013446 -0.013949 0.000004 0.000006 0.000013 -0.018800 -0.076300 0.143100 -1.755338 -1.720531 -5.728483 -0.173100 0.136800 -0.017100 17.450829 -25.284573 70.725325 -0.274400 0.004700 0.000000 -13.417089 0.227760 59.567343 -0.272600 -0.004700 0.000000 -41.069825 -4.395509 4.784454 -0.113505 -0.046028 -0.001999 1.137628 -6.608356 0.058975 -0.037675 -0.006459 0.000000 1.212875 -5.649325 0.059155 -0.027201 -0.005757 0.000000 0.624590 -3.137628 0.017130 -0.023662 -0.004706 0.000000 0.000000 0.000003 -0.000001 -0.118041 -0.020533 0.000401 0.106001 -6.807749 -1.769104 -0.041479 -0.001286 -0.000000 1.748879 -18.063146 0.881602 -0.033079 -0.003702 0.000000 2.290129 -25.021734 0.508106 -0.032483 -0.002781 -0.000000 -0.000000 0.000007 0.000000 -0.109890 0.035597 -0.001600 -0.956966 -10.696903 -6.814173 -0.035819 0.001057 0.000000 -5.157726 -26.665093 0.116239 -0.025683 0.002448 0.000000 -2.297310 -16.922762 0.255756 -0.026731 0.002448 0.000000 0.000001 -0.000000 -0.000000 -0.115267 0.008064 0.000101 -1.534804 -11.397563 -10.904149 -0.036562 0.001400 0.000000 -2.400722 -26.328130 3.699864 -0.033090 0.000552 0.000000 -1.917888 -19.163843 -2.399319 -0.029610 0.000105 0.000000 -0.000000 0.000001 -0.000000 -0.027300 -0.033600 -0.022800 0.435399 -0.226349 -0.416759 -0.035686 -0.025978 -0.023293 3.052530 1.691999 -4.255687 -0.032563 -0.021217 -0.020255 9.937493 4.296798 -13.987599 -0.022147 -0.013447 -0.013949 0.000015 -0.000002 0.000012 0.089000 -0.051500 0.015400 -86.822728 -10.044055 -9.637954 -0.000000 0.002800 -0.400300 80.377823 10.768742 1.877309 -0.000000 0.034400 -0.428100 6.321529 -0.731923 -10.161435 0.000000 -0.149000 -0.088500 -0.000000 0.000002 -0.000005 -0.000000 -0.078900 -0.000000 0.000000 0.000000 -0.000000 -0.089000 -0.051500 0.015400 -86.543353 9.700411 9.262963 -0.000000 0.002800 -0.400300 79.286277 -4.622321 -0.921123 0.000000 0.034400 -0.428100 7.261791 -5.126988 6.207492 -0.000000 -0.149000 -0.088500 0.000000 0.000002 -0.000001 -0.000000 -0.078900 -0.000000 -0.000000 -0.000000 -0.000000 
0.000000 0.000000 0.000000 -0.000000 0.000000 -0.000000 0.002794 0.331499 0.541539 0.000010 0.000000 0.000000 -0.000000 -0.034500 0.133800 0.000000 -0.000000 0.000000 0.000000 -0.015200 0.123100 9.202125 -0.404804 0.073993 0.000000 0.004500 0.141200 9.202543 -0.365801 0.204629 0.000000 0.035467 0.161600 -9.202030 0.409867 0.074778 0.000000 -0.045467 0.092300 0.000001 0.000000 -0.000000 0.000000 -0.002685 0.082543 0.000001 -0.000000 0.000000 0.018800 -0.076300 0.143100 -2.367509 1.384158 -6.167377 0.173100 0.136800 -0.017100 12.446609 27.467976 -50.052985 0.274400 0.004700 0.000000 -10.954114 -0.186512 -82.680335 0.272600 -0.004700 -0.000000 -69.918522 18.555915 1.148030 0.113505 -0.046028 -0.002000 0.000010 -0.000021 -0.000032 0.037675 -0.006459 -0.000000 -0.000018 -0.000002 0.000024 0.027201 -0.005757 -0.000000 0.000000 0.000010 0.000045 0.023662 -0.004706 0.000000 0.000001 0.000002 -0.000000 0.118041 -0.020533 0.000400 -0.700336 12.216813 10.088091 0.041479 -0.001286 -0.000000 1.632189 28.320879 -4.265818 0.033079 -0.003702 -0.000000 0.000002 0.000011 -0.000053 0.032483 -0.002781 0.000000 -0.000000 0.000000 -0.000006 0.109891 0.035598 -0.001600 -1.534991 25.475887 3.401790 0.035819 0.001057 0.000000 -5.984817 24.408772 -0.254251 0.025683 0.002448 0.000000 -2.095759 14.330615 -0.339776 0.026731 0.002448 0.000000 -0.000001 -0.000001 -0.000002 0.115267 0.008064 0.000100 -3.722812 25.718044 11.819533 0.036562 0.001400 0.000000 -0.514131 24.178714 -3.810886 0.033091 0.000552 -0.000000 -1.874320 16.655824 2.464557 0.029610 0.000105 -0.000000 0.000001 0.000000 0.000001 0.027300 -0.033600 -0.022800 0.856162 -2.090755 3.587715 0.035686 -0.025978 -0.023294 2.423455 -1.764690 3.298316 0.032563 -0.021217 -0.020255 7.972589 -4.941013 10.468773 0.022147 -0.013446 -0.013949 0.000002 0.000003 0.000013 -0.018800 -0.076300 0.143100 -1.755341 -1.720531 -5.728484 -0.173100 0.136800 -0.017100 17.991427 -25.939945 70.967824 -0.274400 0.004700 -0.000000 -13.354347 0.226648 59.286664 -0.272600 -0.004700 0.000000 -39.085156 -5.706017 4.035372 -0.113505 -0.046028 -0.002000 0.546003 -3.181988 0.012348 -0.037675 -0.006459 0.000000 0.582594 -2.720158 0.013688 -0.027201 -0.005757 0.000000 0.300498 -1.510712 0.003948 -0.023662 -0.004705 0.000000 0.000000 -0.000001 0.000000 -0.118041 -0.020533 0.000401 0.077011 -3.277017 -0.859237 -0.041479 -0.001286 0.000000 1.467735 -14.213144 0.461790 -0.033079 -0.003702 0.000000 2.444965 -26.487861 0.575261 -0.032483 -0.002781 -0.000000 0.000000 0.000006 -0.000000 -0.109891 0.035598 -0.001600 -0.544167 -5.574874 -7.760914 -0.035819 0.001057 0.000000 -4.479475 -25.598654 0.179184 -0.025683 0.002448 0.000000 -2.191822 -15.578724 0.300804 -0.026731 0.002448 0.000000 0.000001 -0.000000 -0.000000 -0.115267 0.008064 0.000101 -0.904055 -6.569768 -11.268477 -0.036562 0.001400 0.000000 -2.428434 -25.196604 3.757838 -0.033090 0.000552 0.000000 -1.896037 -17.863335 -2.432697 -0.029610 0.000105 0.000000 -0.000001 0.000001 -0.000001 -0.027300 -0.033600 -0.022800 0.118555 -0.061391 -0.113318 -0.035686 -0.025978 -0.023293 2.569154 1.728371 -3.573902 -0.032563 -0.021217 -0.020255 8.508908 4.778392 -11.428303 -0.022147 -0.013447 -0.013949 0.000013 -0.000007 0.000017 0.089000 -0.051500 0.015400 -86.822728 -10.044055 -9.637954 -0.000000 0.002800 -0.400300 80.377823 10.768742 1.877309 -0.000000 0.034400 -0.428100 6.321529 -0.731923 -10.161435 0.000000 -0.149000 -0.088500 -0.000000 0.000002 -0.000005 -0.000000 -0.078900 -0.000000 0.000000 0.000000 -0.000000 -0.089000 -0.051500 0.015400 -86.531605 9.556649 9.123756 0.000000 0.002800 -0.400300 79.290635 -4.338803 -0.865260 0.000000 0.034400 -0.428100 7.247727 -5.269675 6.051810 -0.000000 -0.149000 -0.088500 0.000001 0.000002 -0.000001 -0.000000 -0.078900 -0.000000 -0.000000 -0.000000 0.000000 
0.000000 0.000000 0.000000 -0.000000 0.000000 -0.000000 0.002794 0.331499 0.541539 0.000010 0.000000 0.000000 -0.000000 -0.034500 0.133800 0.000000 -0.000000 0.000000 0.000000 -0.015200 0.123100 9.176849 -0.436014 0.078698 -0.000000 0.004500 0.141200 9.177315 -0.394749 0.217726 -0.000000 0.035467 0.161600 -9.176755 0.440743 0.082086 0.000000 -0.045467 0.092300 0.000001 0.000000 -0.000000 0.000000 -0.002685 0.082543 -0.000000 -0.000000 0.000000 0.018800 -0.076300 0.143100 -2.367510 1.384157 -6.167384 0.173100 0.136800 -0.017100 12.509271 27.304248 -50.535542 0.274400 0.004700 0.000000 -10.740974 -0.182939 -82.248339 0.272600 -0.004700 -0.000000 -69.450368 18.505807 0.538924 0.113505 -0.046028 -0.002000 0.000011 -0.000015 -0.000029 0.037675 -0.006459 -0.000000 -0.000017 0.000001 0.000025 0.027202 -0.005757 -0.000000 -0.000001 0.000009 0.000045 0.023662 -0.004706 0.000000 -0.000001 0.000001 -0.000001 0.118041 -0.020533 0.000400 -0.700338 12.216823 10.088053 0.041479 -0.001286 -0.000000 1.632185 28.320903 -4.265830 0.033078 -0.003702 -0.000000 -0.000000 0.000011 0.000036 0.032483 -0.002781 0.000000 -0.000001 -0.000000 0.000000 0.109890 0.035598 -0.001600 -1.535004 25.475911 3.401818 0.035819 0.001057 0.000000 -5.984786 24.408726 -0.254376 0.025683 0.002448 0.000000 -2.095781 14.330608 -0.339671 0.026731 0.002448 0.000000 -0.000001 0.000001 -0.000002 0.115267 0.008064 0.000100 -3.722819 25.718073 11.819558 0.036562 0.001400 0.000000 -0.514114 24.178685 -3.810890 0.033090 0.000552 0.000000 -1.874318 16.655826 2.464564 0.029609 0.000105 -0.000000 -0.000000 0.000001 -0.000001 0.027300 -0.033600 -0.022800 0.916159 -2.304272 3.905205 0.035686 -0.025978 -0.023293 2.427805 -1.767685 3.295693 0.032562 -0.021217 -0.020255 7.972590 -4.941017 10.468773 0.022147 -0.013446 -0.013949 0.000004 0.000006 0.000015 -0.018800 -0.076300 0.143100 -1.755339 -1.720531 -5.728481 -0.173100 0.136800 -0.017100 18.149694 -26.389167 70.493863 -0.274400 0.004700 0.000000 -13.085459 0.222186 60.603183 -0.272600 -0.004700 -0.000000 -39.345773 -4.894081 3.915829 -0.113505 -0.046028 -0.002000 0.146873 -0.856623 0.000396 -0.037675 -0.006459 -0.000000 0.156743 -0.732357 0.000977 -0.027202 -0.005757 0.000000 0.080889 -0.406737 0.000362 -0.023662 -0.004705 0.000000 0.000000 -0.000001 0.000001 -0.118041 -0.020533 0.000401 0.025576 -0.882229 -0.232707 -0.041479 -0.001286 0.000000 1.276092 -11.601612 0.202838 -0.033079 -0.003702 0.000000 2.552325 -27.482680 0.624061 -0.032483 -0.002781 -0.000000 0.000000 0.000009 -0.000001 -0.109891 0.035597 -0.001600 -0.216271 -2.100300 -8.377166 -0.035819 0.001057 0.000000 -3.976689 -24.879171 0.220122 -0.025683 0.002448 0.000000 -2.121466 -14.666605 0.329404 -0.026731 0.002448 0.000000 0.000001 0.000000 -0.000001 -0.115267 0.008064 0.000100 -0.461231 -3.293234 -11.556655 -0.036562 0.001400 0.000000 -2.419524 -24.429459 3.797153 -0.033090 0.000553 0.000000 -1.880292 -16.980921 -2.455815 -0.029610 0.000105 0.000000 -0.000002 0.000002 0.000000 -0.027300 -0.033600 -0.022800 -0.000000 -0.000000 0.000009 -0.035686 -0.025978 -0.023293 2.388997 1.740933 -3.319202 -0.032563 -0.021217 -0.020255 7.972601 4.941044 -10.468776 -0.022147 -0.013447 -0.013949 0.000015 0.000000 0.000014 0.089000 -0.051500 0.015400 -86.822728 -10.044055 -9.637954 -0.000000 0.002800 -0.400300 80.377823 10.768742 1.877309 -0.000000 0.034400 -0.428100 6.321529 -0.731923 -10.161435 0.000000 -0.149000 -0.088500 -0.000000 0.000002 -0.000005 -0.000000 -0.078900 -0.000000 0.000000 0.000000 -0.000000 -0.089000 -0.051500 0.015400 -86.518751 9.403780 8.975745 0.000000 0.002800 -0.400300 79.294972 -4.037329 -0.805918 0.000000 0.034400 -0.428100 7.232309 -5.421380 5.886158 -0.000000 -0.149000 -0.088500 0.000003 0.000002 -0.000000 -0.000000 -0.078900 -0.000000 0.000000 -0.000000 -0.000000 
0.000000 0.000000 0.000000 -0.000000 0.000000 -0.000000 0.002794 0.331499 0.541539 0.000010 0.000000 0.000000 -0.000000 -0.034500 0.133800 0.000000 -0.000000 0.000000 -0.000000 -0.015200 0.123100 9.156015 -0.465961 0.083215 0.000000 0.004500 0.141200 9.156540 -0.422523 0.230298 0.000000 0.035467 0.161600 -9.155939 0.470370 0.089097 -0.000000 -0.045467 0.092300 0.000003 0.000000 -0.000000 -0.000000 -0.002685 0.082543 0.000000 0.000000 0.000000 0.018800 -0.076300 0.143100 -2.367510 1.384157 -6.167377 0.173100 0.136800 -0.017100 12.556931 27.094963 -51.045504 0.274400 0.004700 0.000000 -10.577537 -0.180168 -81.652985 0.272600 -0.004700 -0.000000 -68.946368 18.555102 -0.143560 0.113505 -0.046028 -0.002000 0.000008 -0.000021 -0.000034 0.037675 -0.006459 0.000000 -0.000014 -0.000003 0.000024 0.027202 -0.005757 -0.000000 -0.000001 0.000006 0.000044 0.023662 -0.004706 0.000000 -0.000001 -0.000002 0.000001 0.118041 -0.020533 0.000401 -0.700332 12.216802 10.088075 0.041479 -0.001286 -0.000000 1.632192 28.320888 -4.265789 0.033079 -0.003702 -0.000000 0.000000 0.000000 -0.000073 0.032483 -0.002781 0.000000 0.000001 0.000001 -0.000003 0.109890 0.035598 -0.001600 -1.535000 25.475854 3.401839 0.035819 0.001057 0.000000 -5.984761 24.408731 -0.254367 0.025683 0.002448 0.000000 -2.095775 14.330604 -0.339664 0.026731 0.002448 0.000000 0.000001 0.000001 -0.000006 0.115267 0.008064 0.000100 -3.722812 25.718036 11.819493 0.036562 0.001400 0.000000 -0.514148 24.178677 -3.810853 0.033090 0.000552 -0.000000 -1.874317 16.655853 2.464572 0.029609 0.000105 -0.000000 -0.000001 -0.000001 0.000000 0.027300 -0.033600 -0.022800 0.973751 -2.519609 4.219600 0.035686 -0.025978 -0.023293 2.432068 -1.770613 3.293148 0.032563 -0.021217 -0.020255 7.972590 -4.941016 10.468773 0.022147 -0.013446 -0.013949 0.000003 0.000006 0.000009 -0.018800 -0.076300 0.143100 -1.755338 -1.720530 -5.728483 -0.173100 0.136800 -0.017100 18.233035 -27.034355 69.410554 -0.274400 0.004700 0.000000 -12.505250 0.212512 63.344499 -0.272600 -0.004700 -0.000000 -40.498278 -2.866167 4.055464 -0.113505 -0.046028 -0.002000 -0.000028 0.000092 0.000027 -0.037675 -0.006459 -0.000000 -0.000012 -0.000004 -0.000026 -0.027201 -0.005757 0.000000 0.000003 -0.000007 -0.000015 -0.023662 -0.004705 0.000000 -0.000000 -0.000000 -0.000002 -0.118041 -0.020533 0.000401 0.000017 0.000040 0.000036 -0.041479 -0.001286 0.000000 1.204790 -10.639760 0.112098 -0.033079 -0.003702 0.000000 2.592375 -27.849118 0.642663 -0.032483 -0.002781 -0.000000 -0.000001 0.000009 0.000001 -0.109890 0.035597 -0.001600 -0.086068 -0.820419 -8.599150 -0.035819 0.001057 0.000000 -3.782584 -24.614868 0.235013 -0.025683 0.002448 0.000000 -2.095774 -14.330645 0.339703 -0.026731 0.002448 0.000000 0.000000 0.000000 0.000000 -0.115267 0.008064 0.000101 -0.294216 -2.085999 -11.670879 -0.036562 0.001400 -0.000000 -2.410479 -24.146940 3.811705 -0.033090 0.000552 0.000000 -1.874299 -16.655816 -2.464466 -0.029609 0.000105 0.000000 0.000000 0.000002 0.000000 -0.027300 -0.033600 -0.022800 -0.000028 0.000005 0.000044 -0.035686 -0.025978 -0.023293 2.389015 1.740944 -3.319235 -0.032563 -0.021217 -0.020255 7.972616 4.941051 -10.468803 -0.022147 -0.013447 -0.013949 0.000009 0.000000 0.000014 0.089000 -0.051500 0.015400 -86.822728 -10.044055 -9.637954 -0.000000 0.002800 -0.400300 80.377823 10.768742 1.877309 -0.000000 0.034400 -0.428100 6.321529 -0.731923 -10.161435 0.000000 -0.149000 -0.088500 -0.000000 0.000002 -0.000005 -0.000000 -0.078900 -0.000000 0.000000 0.000000 -0.000000 -0.089000 -0.051500 0.015400 -86.504715 9.242611 8.819703 0.000000 0.002800 -0.400300 79.299213 -3.719500 -0.743392 -0.000000 0.034400 -0.428100 7.215594 -5.581310 5.711379 -0.000000 -0.149000 -0.088500 -0.000001 0.000002 -0.000001 -0.000000 -0.078900 -0.000000 0.000000 -0.000000 -0.000000 
0.000000 0.000000 0.000000 -0.000000 0.000000 -0.000000 0.002794 0.331499 0.541539 0.000010 0.000000 0.000000 -0.000000 -0.034500 0.133800 0.000000 -0.000000 0.000000 0.000000 -0.015200 0.123100 9.139217 -0.494283 0.087492 0.000000 0.004500 0.141200 9.139781 -0.448786 0.242195 -0.000000 0.035467 0.161600 -9.139111 0.498392 0.095726 0.000000 -0.045467 0.092300 0.000003 0.000000 0.000000 -0.000000 -0.002685 0.082543 -0.000000 -0.000000 0.000000 0.018800 -0.076300 0.143100 -2.367511 1.384157 -6.167378 0.173100 0.136800 -0.017100 12.588850 26.846613 -51.572204 0.274400 0.004700 0.000000 -10.457166 -0.178150 -80.922961 0.272600 -0.004700 0.000000 -68.412589 18.684044 -0.890560 0.113505 -0.046028 -0.002000 0.000010 -0.000021 -0.000033 0.037675 -0.006459 -0.000000 -0.000014 -0.000008 0.000023 0.027202 -0.005757 0.000000 -0.000001 0.000011 0.000045 0.023662 -0.004706 0.000000 0.000002 0.000001 -0.000001 0.118040 -0.020533 0.000400 -0.700331 12.216791 10.088078 0.041479 -0.001286 -0.000000 1.632195 28.320910 -4.265852 0.033079 -0.003702 -0.000000 0.000000 0.000010 -0.000030 0.032483 -0.002781 0.000000 0.000001 -0.000001 -0.000002 0.109890 0.035598 -0.001600 -1.534993 25.475847 3.401842 0.035819 0.001057 0.000000 -5.984765 24.408733 -0.254316 0.025683 0.002448 0.000000 -2.095764 14.330642 -0.339666 0.026731 0.002448 0.000000 -0.000003 0.000002 -0.000003 0.115267 0.008064 0.000100 -3.722822 25.718037 11.819548 0.036562 0.001400 0.000000 -0.514118 24.178687 -3.810870 0.033090 0.000552 0.000000 -1.874293 16.655824 2.464478 0.029610 0.000105 -0.000000 -0.000001 -0.000001 -0.000001 0.027300 -0.033600 -0.022800 1.029084 -2.736254 4.530597 0.035686 -0.025978 -0.023293 2.436187 -1.773459 3.290710 0.032562 -0.021217 -0.020255 7.972590 -4.941022 10.468775 0.022147 -0.013446 -0.013949 0.000005 0.000002 0.000012 -0.018800 -0.076300 0.143100 -1.755341 -1.720531 -5.728481 -0.173100 0.136800 -0.017100 18.141462 -27.534808 68.137359 -0.274400 0.004700 0.000000 -11.891995 0.202267 66.485833 -0.272600 -0.004700 -0.000000 -42.347241 -0.131434 4.644932 -0.113505 -0.046028 -0.002000 -0.000017 0.000038 -0.000023 -0.037675 -0.006459 -0.000000 -0.000011 -0.000009 0.000023 -0.027201 -0.005757 0.000000 0.000000 -0.000009 -0.000015 -0.023662 -0.004705 0.000000 0.000000 -0.000000 -0.000003 -0.118041 -0.020533 0.000401 0.000016 0.000093 -0.000035 -0.041479 -0.001286 0.000000 1.204808 -10.639748 0.112176 -0.033079 -0.003702 0.000000 2.592378 -27.849214 0.642670 -0.032483 -0.002781 -0.000000 0.000001 0.000006 0.000001 -0.109891 0.035597 -0.001600 -0.086088 -0.820425 -8.599093 -0.035819 0.001057 0.000000 -3.782618 -24.614858 0.234910 -0.025683 0.002448 0.000000 -2.095759 -14.330599 0.339653 -0.026731 0.002448 0.000000 -0.000000 0.000003 0.000001 -0.115267 0.008064 0.000101 -0.294228 -2.085970 -11.670924 -0.036562 0.001400 0.000000 -2.410454 -24.146981 3.811748 -0.033091 0.000552 0.000000 -1.874303 -16.655843 -2.464500 -0.029610 0.000105 0.000000 0.000001 -0.000001 -0.000001 -0.027300 -0.033600 -0.022800 -0.000007 0.000030 -0.000007 -0.035686 -0.025978 -0.023293 2.388997 1.740919 -3.319181 -0.032563 -0.021217 -0.020255 7.972614 4.941072 -10.468801 -0.022147 -0.013447 -0.013949 0.000011 -0.000001 0.000013 0.089000 -0.051500 0.015400 -86.822728 -10.044055 -9.637954 -0.000000 0.002800 -0.400300 80.377823 10.768742 1.877309 -0.000000 0.034400 -0.428100 6.321529 -0.731923 -10.161435 0.000000 -0.149000 -0.088500 -0.000000 0.000002 -0.000005 -0.000000 -0.078900 -0.000000 0.000000 0.000000 -0.000000 -0.089000 -0.051500 0.015400 -86.489463 9.073958 8.656412 0.000000 0.002800 -0.400300 79.303236 -3.386882 -0.678018 0.000000 0.034400 -0.428100 7.197560 -5.748664 5.528327 -0.000000 -0.149000 -0.088500 0.000003 0.000002 -0.000001 -0.000000 -0.078900 -0.000000 -0.000000 0.000000 -0.000000 
0.000000 0.000000 0.000000 -0.000000 0.000000 -0.000000 0.002794 0.331499 0.541539 0.000010 0.000000 0.000000 -0.000000 -0.034500 0.133800 0.000000 -0.000000 0.000000 0.000000 -0.015200 0.123100 9.125994 -0.520619 0.091476 0.000000 0.004500 0.141200 9.126644 -0.473206 0.253277 -0.000000 0.035467 0.161600 -9.125912 0.524454 0.101886 -0.000000 -0.045467 0.092300 -0.000001 -0.000000 -0.000000 0.000000 -0.002685 0.082543 0.000000 0.000000 -0.000000 0.018800 -0.076300 0.143100 -2.367509 1.384158 -6.167383 0.173100 0.136800 -0.017100 12.604450 26.566280 -52.103821 0.274400 0.004700 0.000000 -10.372530 -0.176700 -80.090156 0.272600 -0.004700 -0.000000 -67.855252 18.871369 -1.692325 0.113505 -0.046028 -0.002000 0.000008 -0.000019 -0.000032 0.037675 -0.006459 -0.000000 -0.000015 -0.000007 0.000022 0.027201 -0.005757 0.000000 -0.000001 0.000010 0.000044 0.023662 -0.004706 0.000000 -0.000001 0.000000 0.000001 0.118040 -0.020533 0.000400 -0.700330 12.216773 10.088054 0.041479 -0.001286 -0.000000 1.632183 28.320896 -4.265851 0.033078 -0.003702 0.000000 0.000003 -0.000001 0.000001 0.032483 -0.002781 0.000000 -0.000001 -0.000000 -0.000005 0.109890 0.035598 -0.001600 -1.534990 25.475839 3.401820 0.035819 0.001057 0.000000 -5.984779 24.408724 -0.254409 0.025683 0.002448 0.000000 -2.095793 14.330647 -0.339624 0.026731 0.002448 0.000000 -0.000001 0.000001 -0.000002 0.115267 0.008064 0.000100 -3.722785 25.718025 11.819499 0.036562 0.001400 0.000000 -0.514138 24.178658 -3.810796 0.033090 0.000552 0.000000 -1.874292 16.655865 2.464438 0.029609 0.000105 -0.000000 -0.000002 -0.000001 0.000000 0.027300 -0.033600 -0.022800 1.082229 -2.953720 4.837773 0.035686 -0.025978 -0.023293 2.440097 -1.776167 3.288361 0.032563 -0.021217 -0.020255 7.972589 -4.941015 10.468774 0.022147 -0.013446 -0.013949 0.000006 0.000006 0.000015 -0.018800 -0.076300 0.143100 -1.755338 -1.720531 -5.728487 -0.173100 0.136800 -0.017100 17.808088 -27.639639 66.947650 -0.274400 0.004700 0.000000 -11.448256 0.194772 69.324986 -0.272600 -0.004700 -0.000000 -44.763171 2.872941 5.723240 -0.113505 -0.046028 -0.002000 -0.000017 0.000076 0.000019 -0.037675 -0.006459 -0.000000 -0.000012 -0.000010 0.000026 -0.027201 -0.005757 -0.000000 -0.000002 0.000005 -0.000050 -0.023662 -0.004705 0.000000 0.000001 0.000001 0.000003 -0.118041 -0.020533 0.000401 0.000022 0.000100 0.000017 -0.041479 -0.001286 0.000000 1.204795 -10.639696 0.112108 -0.033079 -0.003702 0.000000 2.592385 -27.849173 0.642644 -0.032483 -0.002781 -0.000000 -0.000000 0.000007 0.000000 -0.109891 0.035598 -0.001600 -0.086083 -0.820481 -8.599080 -0.035819 0.001057 0.000000 -3.782613 -24.614827 0.234990 -0.025683 0.002448 0.000000 -2.095781 -14.330579 0.339579 -0.026731 0.002448 0.000000 -0.000000 0.000001 0.000000 -0.115267 0.008064 0.000101 -0.294232 -2.086040 -11.670878 -0.036562 0.001400 -0.000000 -2.410472 -24.146906 3.811736 -0.033091 0.000553 0.000000 -1.874311 -16.655845 -2.464537 -0.029609 0.000105 0.000000 -0.000000 0.000002 -0.000000 -0.027300 -0.033600 -0.022800 -0.000028 0.000028 0.000029 -0.035686 -0.025978 -0.023293 2.389030 1.740919 -3.319226 -0.032563 -0.021217 -0.020255 7.972627 4.941046 -10.468814 -0.022147 -0.013447 -0.013949 0.000011 -0.000003 0.000010 0.089000 -0.051500 0.015400 -86.822728 -10.044055 -9.637954 -0.000000 0.002800 -0.400300 80.377823 10.768742 1.877309 -0.000000 0.034400 -0.428100 6.321529 -0.731923 -10.161435 0.000000 -0.149000 -0.088500 -0.000000 0.000002 -0.000005 -0.000000 -0.078900 -0.000000 0.000000 0.000000 -0.000000 -0.089000 -0.051500 0.015400 -86.473118 8.898603 8.486647 0.000000 0.002800 -0.400300 79.307082 -3.041059 -0.610090 0.000000 0.034400 -0.428100 7.178226 -5.922650 5.337847 -0.000000 -0.149000 -0.088500 0.000002 0.000002 0.000000 -0.000000 -0.078900 -0.000000 -0.000000 -0.000000 -0.000000 
0.000000 0.000000 0.000000 -0.000000 0.000000 -0.000000 0.002794 0.331499 0.541539 0.000010 0.000000 0.000000 -0.000000 -0.034500 0.133800 0.000000 -0.000000 0.000000 -0.000000 -0.015200 0.123100 9.115953 -0.544610 0.095115 -0.000000 0.004500 0.141200 9.116651 -0.495443 0.263387 -0.000000 0.035467 0.161600 -9.115850 0.548198 0.107495 -0.000000 -0.045467 0.092300 0.000000 -0.000000 0.000000 -0.000000 -0.002685 0.082543 -0.000002 0.000000 0.000000 0.018800 -0.076300 0.143100 -2.367507 1.384158 -6.167381 0.173100 0.136800 -0.017100 12.604172 26.257397 -52.638004 0.274400 0.004700 0.000000 -10.319536 -0.175846 -79.169071 0.272600 -0.004700 -0.000000 -67.279651 19.103648 -2.541853 0.113505 -0.046028 -0.002000 0.000010 -0.000016 -0.000032 0.037675 -0.006459 -0.000000 -0.000013 -0.000005 0.000026 0.027202 -0.005757 -0.000000 0.000001 0.000010 0.000046 0.023662 -0.004705 0.000000 0.000001 0.000001 0.000003 0.118040 -0.020533 0.000400 -0.700328 12.216793 10.088038 0.041479 -0.001286 -0.000000 1.632159 28.320882 -4.265828 0.033079 -0.003702 0.000000 -0.000002 -0.000009 0.000059 0.032483 -0.002781 0.000000 0.000000 0.000000 -0.000004 0.109891 0.035598 -0.001600 -1.534966 25.475815 3.401780 0.035819 0.001057 0.000000 -5.984800 24.408726 -0.254329 0.025683 0.002448 0.000000 -2.095782 14.330638 -0.339702 0.026731 0.002447 0.000000 -0.000001 0.000002 -0.000004 0.115267 0.008064 0.000100 -3.722777 25.718008 11.819460 0.036562 0.001400 0.000000 -0.514160 24.178656 -3.810783 0.033090 0.000552 0.000000 -1.874304 16.655865 2.464484 0.029609 0.000105 -0.000000 0.000001 -0.000001 0.000000 0.027300 -0.033600 -0.022800 1.133293 -3.171536 5.140768 0.035686 -0.025978 -0.023293 2.443786 -1.778711 3.286089 0.032562 -0.021217 -0.020255 7.972590 -4.941020 10.468770 0.022147 -0.013446 -0.013949 0.000004 0.000002 0.000014 -0.018800 -0.076300 0.143100 -1.755339 -1.720531 -5.728484 -0.173100 0.136800 -0.017100 17.195423 -27.083601 66.199969 -0.274400 0.004700 0.000000 -11.401815 0.194004 70.997426 -0.272600 -0.004700 -0.000000 -47.666855 5.602565 7.319889 -0.113505 -0.046028 -0.002000 -0.000014 0.000050 0.000023 -0.037675 -0.006459 -0.000000 -0.000011 0.000003 0.000033 -0.027201 -0.005757 0.000000 0.000002 -0.000005 0.000007 -0.023662 -0.004706 0.000000 0.000001 0.000000 0.000003 -0.118041 -0.020533 0.000401 0.000016 0.000078 -0.000007 -0.041479 -0.001286 0.000000 1.204802 -10.639696 0.112128 -0.033079 -0.003702 0.000000 2.592389 -27.849152 0.642663 -0.032483 -0.002781 -0.000000 -0.000001 0.000004 0.000001 -0.109891 0.035598 -0.001600 -0.086069 -0.820441 -8.599129 -0.035819 0.001057 0.000000 -3.782592 -24.614808 0.234937 -0.025683 0.002448 0.000000 -2.095762 -14.330650 0.339759 -0.026731 0.002448 0.000000 -0.000000 0.000001 0.000000 -0.115267 0.008064 0.000101 -0.294223 -2.086033 -11.670898 -0.036562 0.001400 0.000000 -2.410461 -24.146855 3.811753 -0.033090 0.000552 0.000000 -1.874314 -16.655867 -2.464541 -0.029610 0.000105 0.000000 0.000001 -0.000001 0.000001 -0.027300 -0.033600 -0.022800 -0.000013 0.000007 0.000025 -0.035686 -0.025978 -0.023293 2.389020 1.740933 -3.319232 -0.032563 -0.021217 -0.020255 7.972639 4.941063 -10.468852 -0.022147 -0.013447 -0.013949 0.000013 -0.000002 0.000012 0.089000 -0.051500 0.015400 -86.822728 -10.044055 -9.637954 -0.000000 0.002800 -0.400300 80.377823 10.768742 1.877309 -0.000000 0.034400 -0.428100 6.321529 -0.731923 -10.161435 0.000000 -0.149000 -0.088500 -0.000000 0.000002 -0.000005 -0.000000 -0.078900 -0.000000 0.000000 0.000000 -0.000000 -0.089000 -0.051500 0.015400 -86.455571 8.717363 8.311194 0.000000 0.002800 -0.400300 79.310613 -2.683615 -0.539925 -0.000000 0.034400 -0.428100 7.157622 -6.102459 5.140767 -0.000000 -0.149000 -0.088500 -0.000002 0.000002 -0.000000 -0.000000 -0.078900 -0.000000 -0.000000 -0.000000 -0.000000 
0.000000 0.000000 0.000000 -0.000000 0.000000 -0.000000 0.002794 0.331499 0.541539 0.000010 0.000000 0.000000 -0.000000 -0.034500 0.133800 0.000000 -0.000000 0.000000 -0.000000 -0.015200 0.123100 9.108640 -0.565895 0.098353 0.000000 0.004500 0.141200 9.109389 -0.515170 0.272376 -0.000000 0.035467 0.161600 -9.108516 0.569275 0.112466 -0.000000 -0.045467 0.092300 0.000001 0.000000 -0.000000 0.000000 -0.002685 0.082543 0.000000 0.000000 -0.000000 0.018800 -0.076300 0.143100 -2.367508 1.384157 -6.167379 0.173100 0.136800 -0.017100 12.588320 25.925301 -53.167849 0.274400 0.004700 0.000000 -10.292353 -0.175365 -78.183454 0.272600 -0.004700 -0.000000 -66.691920 19.363675 -3.429792 0.113505 -0.046028 -0.002000 0.000009 -0.000019 -0.000031 0.037675 -0.006459 -0.000000 -0.000014 -0.000004 0.000026 0.027202 -0.005757 -0.000000 -0.000001 0.000008 0.000042 0.023662 -0.004706 0.000000 -0.000001 -0.000001 -0.000003 0.118041 -0.020533 0.000400 -0.700299 12.216802 10.088055 0.041479 -0.001286 -0.000000 1.632173 28.320843 -4.265867 0.033079 -0.003702 0.000000 -0.000000 0.000000 -0.000016 0.032483 -0.002781 0.000000 -0.000000 -0.000001 -0.000003 0.109891 0.035598 -0.001600 -1.534949 25.475788 3.401761 0.035819 0.001057 0.000000 -5.984809 24.408760 -0.254319 0.025683 0.002448 0.000000 -2.095780 14.330647 -0.339688 0.026731 0.002448 0.000000 -0.000001 -0.000005 -0.000001 0.115267 0.008064 0.000100 -3.722760 25.717986 11.819474 0.036562 0.001400 0.000000 -0.514152 24.178680 -3.810868 0.033090 0.000552 0.000000 -1.874321 16.655862 2.464585 0.029609 0.000105 -0.000000 -0.000001 -0.000002 -0.000000 0.027300 -0.033600 -0.022800 1.182353 -3.389186 5.439213 0.035686 -0.025978 -0.023293 2.447237 -1.781091 3.284002 0.032563 -0.021217 -0.020255 7.972590 -4.941019 10.468772 0.022147 -0.013446 -0.013949 0.000004 0.000004 0.000015 -0.018800 -0.076300 0.143100 -1.755337 -1.720531 -5.728483 -0.173100 0.136800 -0.017100 16.431403 -26.058517 65.885337 -0.274400 0.004700 -0.000000 -11.683511 0.198757 71.565260 -0.272600 -0.004700 -0.000000 -50.761259 7.821840 9.137471 -0.113505 -0.046028 -0.002000 -0.000013 0.000014 0.000030 -0.037675 -0.006459 -0.000000 -0.000012 -0.000002 -0.000049 -0.027201 -0.005757 0.000000 -0.000000 -0.000006 -0.000017 -0.023662 -0.004705 0.000000 -0.000000 -0.000001 0.000003 -0.118041 -0.020533 0.000401 0.000024 0.000013 0.000036 -0.041479 -0.001286 0.000000 1.204787 -10.639698 0.112082 -0.033078 -0.003702 0.000000 2.592384 -27.849138 0.642636 -0.032483 -0.002781 -0.000000 0.000001 0.000009 -0.000000 -0.109891 0.035598 -0.001600 -0.086064 -0.820397 -8.599111 -0.035819 0.001057 0.000000 -3.782600 -24.614842 0.234924 -0.025683 0.002448 0.000000 -2.095766 -14.330638 0.339655 -0.026731 0.002448 0.000000 0.000000 0.000001 0.000001 -0.115267 0.008064 0.000101 -0.294215 -2.085970 -11.670877 -0.036562 0.001400 -0.000000 -2.410484 -24.146945 3.811714 -0.033091 0.000552 0.000000 -1.874314 -16.655886 -2.464574 -0.029610 0.000105 0.000000 -0.000001 0.000000 0.000000 -0.027300 -0.033600 -0.022800 -0.000030 0.000021 0.000039 -0.035686 -0.025978 -0.023293 2.389034 1.740935 -3.319251 -0.032563 -0.021217 -0.020255 7.972582 4.941063 -10.468747 -0.022147 -0.013446 -0.013949 0.000013 -0.000003 0.000012 0.089000 -0.051500 0.015400 -86.822728 -10.044055 -9.637954 -0.000000 0.002800 -0.400300 80.377823 10.768742 1.877309 -0.000000 0.034400 -0.428100 6.321529 -0.731923 -10.161435 0.000000 -0.149000 -0.088500 -0.000000 0.000002 -0.000005 -0.000000 -0.078900 -0.000000 0.000000 0.000000 -0.000000 -0.089000 -0.051500 0.015400 -86.436857 8.531033 8.130835 0.000000 0.002800 -0.400300 79.313728 -2.316115 -0.467830 -0.000000 0.034400 -0.428100 7.135776 -6.287322 4.937953 -0.000000 -0.149000 -0.088500 0.000000 0.000002 -0.000001 0.000000 -0.078900 -0.000000 -0.000000 -0.000000 0.000000 
0.000000 0.000000 0.000000 -0.000000 0.000000 -0.000000 0.002794 0.331499 0.541539 0.000010 0.000000 0.000000 -0.000000 -0.034500 0.133800 0.000000 -0.000000 0.000000 -0.000000 -0.015200 0.123100 9.103606 -0.584116 0.101132 -0.000000 0.004500 0.141200 9.104420 -0.532055 0.280088 0.000000 0.035467 0.161600 -9.103525 0.587315 0.116721 -0.000000 -0.045467 0.092300 -0.000003 -0.000000 0.000000 -0.000000 -0.002685 0.082543 0.000001 -0.000000 -0.000000 0.018800 -0.076300 0.143100 -2.367508 1.384158 -6.167377 0.173100 0.136800 -0.017100 12.557154 25.575456 -53.685741 0.274400 0.004700 0.000000 -10.285191 -0.175267 -77.158038 0.272600 -0.004700 -0.000000 -66.099101 19.634313 -4.345585 0.113505 -0.046028 -0.002000 0.000011 -0.000016 -0.000035 0.037675 -0.006459 -0.000000 -0.000014 -0.000003 0.000023 0.027201 -0.005757 0.000000 -0.000001 0.000003 0.000044 0.023662 -0.004706 0.000000 0.000002 0.000004 0.000001 0.118041 -0.020533 0.000400 -0.700324 12.216790 10.088096 0.041479 -0.001286 -0.000000 1.632200 28.320906 -4.265857 0.033078 -0.003702 0.000000 0.000001 -0.000011 0.000036 0.032483 -0.002781 0.000000 0.000001 -0.000000 -0.000003 0.109890 0.035598 -0.001600 -1.534991 25.475854 3.401837 0.035819 0.001057 0.000000 -5.984761 24.408748 -0.254333 0.025683 0.002448 0.000000 -2.095763 14.330613 -0.339663 0.026731 0.002447 0.000000 -0.000000 -0.000001 -0.000002 0.115267 0.008064 0.000100 -3.722798 25.718066 11.819481 0.036562 0.001400 0.000000 -0.514161 24.178690 -3.810788 0.033090 0.000552 -0.000000 -1.874302 16.655857 2.464509 0.029609 0.000105 -0.000000 -0.000001 -0.000002 -0.000003 0.027300 -0.033600 -0.022800 1.229424 -3.606136 5.732574 0.035686 -0.025978 -0.023293 2.450434 -1.783314 3.282147 0.032563 -0.021217 -0.020255 7.972590 -4.941022 10.468775 0.022147 -0.013446 -0.013949 0.000008 0.000004 0.000016 -0.018800 -0.076300 0.143100 -1.755337 -1.720531 -5.728484 -0.173100 0.136800 -0.017100 15.690246 -24.959664 65.770863 -0.274400 0.004700 0.000000 -12.064935 0.205159 71.657468 -0.272600 -0.004700 -0.000000 -53.695573 9.628921 10.869992 -0.113505 -0.046028 -0.002000 -0.000004 0.000029 0.000042 -0.037675 -0.006459 -0.000000 -0.000012 -0.000006 -0.000026 -0.027201 -0.005757 0.000000 -0.000002 0.000002 0.000053 -0.023662 -0.004705 0.000000 0.000002 -0.000002 0.000003 -0.118041 -0.020533 0.000401 0.000018 0.000030 0.000028 -0.041479 -0.001286 0.000000 1.204788 -10.639698 0.112080 -0.033079 -0.003702 0.000000 2.592388 -27.849155 0.642650 -0.032483 -0.002781 -0.000000 -0.000000 0.000006 0.000003 -0.109891 0.035598 -0.001600 -0.086053 -0.820389 -8.599143 -0.035819 0.001057 0.000000 -3.782590 -24.614849 0.234943 -0.025683 0.002448 0.000000 -2.095759 -14.330608 0.339662 -0.026731 0.002448 0.000000 -0.000001 -0.000006 -0.000000 -0.115267 0.008064 0.000101 -0.294204 -2.085961 -11.670884 -0.036562 0.001400 -0.000000 -2.410473 -24.146932 3.811669 -0.033091 0.000552 0.000000 -1.874294 -16.655855 -2.464456 -0.029610 0.000105 0.000000 -0.000000 0.000002 0.000001 -0.027300 -0.033600 -0.022800 -0.000010 0.000015 0.000022 -0.035686 -0.025978 -0.023293 2.389005 1.740924 -3.319215 -0.032563 -0.021217 -0.020255 7.972599 4.941063 -10.468776 -0.022147 -0.013447 -0.013949 0.000015 -0.000002 0.000012 0.089000 -0.051500 0.015400 -86.822728 -10.044055 -9.637954 -0.000000 0.002800 -0.400300 80.377823 10.768742 1.877309 -0.000000 0.034400 -0.428100 6.321529 -0.731923 -10.161435 0.000000 -0.149000 -0.088500 -0.000000 0.000002 -0.000005 -0.000000 -0.078900 -0.000000 0.000000 0.000000 -0.000000 -0.089000 -0.051500 0.015400 -86.417138 8.340401 7.946356 0.000000 0.002800 -0.400300 79.316460 -1.940139 -0.394115 -0.000000 0.034400 -0.428100 7.112738 -6.476418 4.730245 -0.000000 -0.149000 -0.088500 0.000003 0.000002 -0.000000 -0.000000 -0.078900 -0.000000 0.000000 -0.000000 -0.000000 
0.000000 0.000000 0.000000 -0.000000 0.000000 -0.000000 0.002794 0.331499 0.541539 0.000010 0.000000 0.000000 -0.000000 -0.034500 0.133800 0.000000 -0.000000 0.000000 0.000000 -0.015200 0.123100 9.100458 -0.598911 0.103397 0.000000 0.004500 0.141200 9.101286 -0.545757 0.286362 0.000000 0.035467 0.161600 -9.100354 0.601970 0.120172 -0.000000 -0.045467 0.092300 -0.000002 0.000000 -0.000000 -0.000000 -0.002685 0.082543 -0.000000 -0.000000 0.000000 0.018800 -0.076300 0.143100 -2.367510 1.384158 -6.167376 0.173100 0.136800 -0.017100 12.512042 25.209812 -54.193781 0.274400 0.004700 0.000000 -10.295444 -0.175417 -76.100779 0.272600 -0.004700 0.000000 -65.507286 19.906059 -5.281268 0.113505 -0.046028 -0.002000 0.000009 -0.000017 -0.000031 0.037675 -0.006459 -0.000000 -0.000014 -0.000006 0.000025 0.027202 -0.005757 -0.000000 0.000001 0.000008 0.000046 0.023662 -0.004705 0.000000 0.000000 -0.000004 -0.000000 0.118040 -0.020533 0.000400 -0.700334 12.216790 10.088097 0.041479 -0.001286 -0.000000 1.632201 28.320882 -4.265888 0.033078 -0.003702 0.000000 -0.000002 0.000022 0.000032 0.032483 -0.002781 0.000000 0.000000 0.000000 -0.000002 0.109890 0.035598 -0.001600 -1.534992 25.475858 3.401811 0.035819 0.001057 0.000000 -5.984791 24.408724 -0.254289 0.025683 0.002448 0.000000 -2.095767 14.330638 -0.339667 0.026731 0.002448 0.000000 -0.000001 -0.000000 -0.000003 0.115267 0.008064 0.000100 -3.722784 25.718053 11.819474 0.036562 0.001400 0.000000 -0.514165 24.178656 -3.810810 0.033091 0.000552 0.000000 -1.874304 16.655845 2.464512 0.029609 0.000105 -0.000000 -0.000001 -0.000002 -0.000003 0.027300 -0.033600 -0.022800 1.274667 -3.821943 6.020671 0.035686 -0.025978 -0.023293 2.453281 -1.785275 3.280287 0.032563 -0.021217 -0.020255 7.972592 -4.941011 10.468778 0.022147 -0.013446 -0.013949 0.000008 0.000006 0.000013 -0.018800 -0.076300 0.143100 -1.755341 -1.720532 -5.728486 -0.173100 0.136800 -0.017100 15.017055 -23.886681 65.818121 -0.274400 0.004700 0.000000 -12.488949 0.212230 71.380518 -0.272600 -0.004700 -0.000000 -56.307516 10.989137 12.414287 -0.113505 -0.046028 -0.002000 -0.000003 0.000053 -0.000008 -0.037675 -0.006459 -0.000000 -0.000011 -0.000016 -0.000006 -0.027202 -0.005757 -0.000000 0.000004 -0.000008 0.000095 -0.023662 -0.004705 0.000000 0.000001 0.000003 0.000002 -0.118041 -0.020533 0.000400 0.000024 0.000048 0.000003 -0.041479 -0.001286 -0.000000 1.204798 -10.639711 0.112103 -0.033079 -0.003702 0.000000 2.592389 -27.849140 0.642676 -0.032483 -0.002781 -0.000000 -0.000000 0.000009 -0.000003 -0.109891 0.035598 -0.001600 -0.086053 -0.820376 -8.599133 -0.035819 0.001057 0.000000 -3.782588 -24.614847 0.235008 -0.025683 0.002448 0.000000 -2.095775 -14.330620 0.339617 -0.026731 0.002448 -0.000000 -0.000000 -0.000001 0.000001 -0.115267 0.008064 0.000100 -0.294184 -2.085957 -11.670900 -0.036562 0.001400 -0.000000 -2.410471 -24.146945 3.811709 -0.033090 0.000552 0.000000 -1.874292 -16.655821 -2.464544 -0.029609 0.000105 0.000000 0.000001 0.000001 0.000002 -0.027300 -0.033600 -0.022800 0.000005 0.000017 0.000008 -0.035686 -0.025978 -0.023293 2.389010 1.740919 -3.319210 -0.032563 -0.021217 -0.020255 7.972627 4.941053 -10.468813 -0.022147 -0.013446 -0.013949 0.000011 -0.000000 0.000008 0.089000 -0.051500 0.015400 -86.822728 -10.044055 -9.637954 -0.000000 0.002800 -0.400300 80.377823 10.768742 1.877309 -0.000000 0.034400 -0.428100 6.321529 -0.731923 -10.161435 0.000000 -0.149000 -0.088500 -0.000000 0.000002 -0.000005 -0.000000 -0.078900 -0.000000 0.000000 0.000000 -0.000000 -0.089000 -0.051500 0.015400 -86.396340 8.146272 7.758528 0.000000 0.002800 -0.400300 79.318741 -1.557266 -0.319083 0.000000 0.034400 -0.428100 7.088557 -6.668969 4.518485 -0.000000 -0.149000 -0.088500 0.000002 0.000002 0.000000 -0.000000 -0.078900 -0.000000 0.000000 -0.000000 -0.000000 
0.000000 0.000000 0.000000 -0.000000 0.000000 -0.000000 0.002794 0.331499 0.541539 0.000010 0.000000 0.000000 -0.000000 -0.034500 0.133800 0.000000 -0.000000 0.000000 0.000000 -0.015200 0.123100 9.098735 -0.609924 0.105089 -0.000000 0.004500 0.141200 9.099611 -0.555950 0.291042 -0.000000 0.035467 0.161600 -9.098638 0.612876 0.122737 -0.000000 -0.045467 0.092300 0.000002 0.000000 -0.000000 0.000000 -0.002685 0.082543 0.000000 -0.000000 0.000000 0.018800 -0.076300 0.143100 -2.367507 1.384157 -6.167379 0.173100 0.136800 -0.017100 12.452231 24.841659 -54.664435 0.274400 0.004700 0.000000 -10.310434 -0.175667 -75.072884 0.272600 -0.004700 -0.000000 -64.927027 20.147878 -6.217044 0.113505 -0.046028 -0.002000 0.000011 -0.000020 -0.000031 0.037675 -0.006459 0.000000 -0.000016 -0.000007 0.000025 0.027202 -0.005757 0.000000 -0.000001 0.000005 0.000041 0.023662 -0.004706 0.000000 -0.000002 -0.000004 -0.000000 0.118041 -0.020533 0.000400 -0.700334 12.216805 10.088120 0.041479 -0.001286 -0.000000 1.632211 28.320874 -4.265897 0.033079 -0.003702 0.000000 0.000001 0.000011 0.000045 0.032483 -0.002781 0.000000 0.000001 -0.000000 -0.000002 0.109890 0.035598 -0.001600 -1.534993 25.475841 3.401859 0.035819 0.001057 0.000000 -5.984749 24.408736 -0.254343 0.025683 0.002448 0.000000 -2.095769 14.330645 -0.339666 0.026731 0.002448 0.000000 -0.000002 -0.000001 -0.000001 0.115267 0.008064 0.000100 -3.722773 25.718024 11.819464 0.036562 0.001400 0.000000 -0.514164 24.178713 -3.810845 0.033090 0.000552 0.000000 -1.874317 16.655821 2.464578 0.029609 0.000105 -0.000000 -0.000000 -0.000003 -0.000001 0.027300 -0.033600 -0.022800 1.318064 -4.036066 6.302976 0.035686 -0.025978 -0.023293 2.455898 -1.787078 3.278750 0.032562 -0.021217 -0.020255 7.972587 -4.941008 10.468774 0.022147 -0.013446 -0.013949 0.000004 0.000007 0.000014 -0.018800 -0.076300 0.143100 -1.755339 -1.720531 -5.728484 -0.173100 0.136800 -0.017100 14.454284 -22.931546 65.990207 -0.274400 0.004700 -0.000000 -12.903458 0.219132 70.841513 -0.272600 -0.004700 -0.000000 -58.426722 11.885500 13.667194 -0.113505 -0.046028 -0.002000 0.000005 0.000023 0.000045 -0.037675 -0.006459 -0.000000 -0.000018 0.000010 -0.000019 -0.027201 -0.005757 0.000000 0.000003 -0.000020 0.000085 -0.023662 -0.004706 0.000000 0.000001 0.000003 -0.000001 -0.118041 -0.020533 0.000401 0.000015 0.000024 0.000024 -0.041479 -0.001286 0.000000 1.204794 -10.639699 0.112093 -0.033079 -0.003702 0.000000 2.592382 -27.849089 0.642626 -0.032483 -0.002781 -0.000000 -0.000002 0.000005 -0.000001 -0.109891 0.035598 -0.001600 -0.086057 -0.820380 -8.599136 -0.035819 0.001057 0.000000 -3.782586 -24.614829 0.235000 -0.025683 0.002448 0.000000 -2.095776 -14.330650 0.339721 -0.026731 0.002448 0.000000 0.000000 0.000002 0.000001 -0.115267 0.008064 0.000101 -0.294211 -2.085958 -11.670863 -0.036562 0.001400 0.000000 -2.410478 -24.146945 3.811754 -0.033091 0.000552 0.000000 -1.874316 -16.655807 -2.464564 -0.029610 0.000105 0.000000 -0.000001 0.000000 0.000000 -0.027300 -0.033600 -0.022800 -0.000025 0.000023 0.000030 -0.035686 -0.025978 -0.023293 2.389023 1.740929 -3.319212 -0.032563 -0.021217 -0.020255 7.972626 4.941050 -10.468822 -0.022147 -0.013447 -0.013949 0.000013 0.000003 0.000011 0.089000 -0.051500 0.015400 -86.822728 -10.044055 -9.637954 -0.000000 0.002800 -0.400300 80.377823 10.768742 1.877309 -0.000000 0.034400 -0.428100 6.321529 -0.731923 -10.161435 0.000000 -0.149000 -0.088500 -0.000000 0.000002 -0.000005 -0.000000 -0.078900 -0.000000 0.000000 0.000000 -0.000000 -0.089000 -0.051500 0.015400 -86.374483 7.949458 7.568140 0.000000 0.002800 -0.400300 79.320551 -1.169077 -0.243030 -0.000000 0.034400 -0.428100 7.063258 -6.864175 4.303534 -0.000000 -0.149000 -0.088500 0.000002 0.000002 -0.000001 -0.000000 -0.078900 -0.000000 -0.000000 -0.000000 -0.000000 
0.000000 0.000000 0.000000 -0.000000 0.000000 -0.000000 0.002794 0.331499 0.541539 0.000010 0.000000 0.000000 -0.000000 -0.034500 0.133800 0.000000 -0.000000 0.000000 0.000000 -0.015200 0.123100 9.098019 -0.616795 0.106148 -0.000000 0.004500 0.141200 9.098910 -0.562311 0.293971 0.000000 0.035467 0.161600 -9.097920 0.619688 0.124336 -0.000000 -0.045467 0.092300 0.000001 0.000000 -0.000000 -0.000000 -0.002685 0.082543 0.000000 -0.000000 -0.000000 0.018800 -0.076300 0.143100 -2.367509 1.384158 -6.167380 0.173100 0.136800 -0.017100 12.379503 24.473130 -55.099297 0.274400 0.004700 0.000000 -10.327880 -0.175980 -74.083367 0.272600 -0.004700 -0.000000 -64.366084 20.351522 -7.142453 0.113505 -0.046028 -0.002000 0.000009 -0.000019 -0.000033 0.037675 -0.006459 -0.000000 -0.000015 -0.000009 0.000023 0.027202 -0.005757 -0.000000 0.000001 0.000013 0.000046 0.023662 -0.004706 0.000000 -0.000002 0.000001 -0.000000 0.118041 -0.020533 0.000400 -0.700334 12.216795 10.088050 0.041479 -0.001286 -0.000000 1.632167 28.320891 -4.265768 0.033078 -0.003702 0.000000 0.000002 0.000020 -0.000005 0.032483 -0.002781 0.000000 -0.000000 -0.000000 -0.000001 0.109890 0.035598 -0.001600 -1.534999 25.475830 3.401849 0.035819 0.001057 0.000000 -5.984773 24.408765 -0.254333 0.025683 0.002448 0.000000 -2.095766 14.330644 -0.339736 0.026731 0.002448 0.000000 -0.000001 0.000001 -0.000003 0.115267 0.008064 0.000100 -3.722806 25.718027 11.819523 0.036562 0.001400 0.000000 -0.514138 24.178711 -3.810810 0.033091 0.000552 -0.000000 -1.874297 16.655850 2.464521 0.029609 0.000105 -0.000000 0.000001 -0.000003 0.000001 0.027300 -0.033600 -0.022800 1.359730 -4.248055 6.579239 0.035686 -0.025978 -0.023294 2.458198 -1.788640 3.277350 0.032563 -0.021217 -0.020255 7.972591 -4.941019 10.468776 0.022147 -0.013446 -0.013949 0.000009 0.000009 0.000014 -0.018800 -0.076300 0.143100 -1.755339 -1.720531 -5.728481 -0.173100 0.136800 -0.017100 14.043073 -22.179670 66.250793 -0.274400 0.004700 0.000000 -13.260931 0.225099 70.149560 -0.272600 -0.004700 -0.000000 -59.882365 12.313982 14.534637 -0.113505 -0.046028 -0.002000 -0.000013 0.000009 -0.000028 -0.037675 -0.006459 -0.000000 -0.000020 0.000030 -0.000044 -0.027201 -0.005757 -0.000000 -0.000003 -0.000009 -0.000008 -0.023662 -0.004705 0.000000 -0.000000 -0.000002 -0.000003 -0.118041 -0.020533 0.000401 0.000019 0.000003 0.000017 -0.041479 -0.001286 0.000000 1.204792 -10.639705 0.112156 -0.033079 -0.003702 0.000000 2.592358 -27.849116 0.642638 -0.032483 -0.002781 -0.000000 0.000001 0.000009 -0.000002 -0.109891 0.035598 -0.001600 -0.086046 -0.820423 -8.599094 -0.035819 0.001057 0.000000 -3.782610 -24.614846 0.234979 -0.025683 0.002448 0.000000 -2.095781 -14.330621 0.339650 -0.026731 0.002448 0.000000 -0.000001 -0.000002 -0.000000 -0.115267 0.008064 0.000101 -0.294202 -2.085975 -11.670843 -0.036562 0.001400 -0.000000 -2.410493 -24.146918 3.811684 -0.033090 0.000552 0.000000 -1.874313 -16.655888 -2.464529 -0.029610 0.000105 0.000000 0.000001 -0.000002 -0.000002 -0.027300 -0.033600 -0.022800 -0.000004 0.000016 0.000006 -0.035686 -0.025978 -0.023293 2.389021 1.740931 -3.319227 -0.032563 -0.021217 -0.020255 7.972622 4.941043 -10.468807 -0.022147 -0.013447 -0.013949 0.000010 -0.000001 0.000013 0.089000 -0.051500 0.015400 -86.822728 -10.044055 -9.637954 -0.000000 0.002800 -0.400300 80.377823 10.768742 1.877309 -0.000000 0.034400 -0.428100 6.321529 -0.731923 -10.161435 0.000000 -0.149000 -0.088500 -0.000000 0.000002 -0.000005 -0.000000 -0.078900 -0.000000 0.000000 0.000000 -0.000000 -0.089000 -0.051500 0.015400 -86.351759 7.750736 7.375977 0.000000 0.002800 -0.400300 79.321896 -0.777122 -0.166272 0.000000 0.034400 -0.428100 7.036966 -7.061248 4.086249 -0.000000 -0.149000 -0.088500 -0.000002 0.000002 -0.000001 -0.000000 -0.078900 -0.000000 0.000000 0.000000 -0.000000 
0.000000 0.000000 0.000000 -0.000000 0.000000 -0.000000 0.002794 0.331499 0.541539 0.000010 0.000000 0.000000 -0.000000 -0.034500 0.133800 0.000000 -0.000000 0.000000 0.000000 -0.015200 0.123100 9.097879 -0.619166 0.106514 -0.000000 0.004500 0.141200 9.098772 -0.564502 0.294983 0.000000 0.035467 0.161600 -9.097808 0.622035 0.124887 -0.000000 -0.045467 0.092300 -0.000000 -0.000000 0.000000 0.000000 -0.002685 0.082543 0.000000 0.000000 -0.000000 0.018800 -0.076300 0.143100 -2.367509 1.384158 -6.167372 0.173100 0.136800 -0.017100 12.294516 24.111389 -55.485595 0.274400 0.004700 0.000000 -10.340754 -0.176198 -73.167309 0.272600 -0.004700 -0.000000 -63.834559 20.498344 -8.040729 0.113505 -0.046028 -0.002000 0.000009 -0.000015 -0.000031 0.037675 -0.006459 -0.000000 -0.000014 -0.000006 0.000025 0.027202 -0.005757 -0.000000 -0.000001 0.000008 0.000044 0.023662 -0.004706 0.000000 -0.000000 -0.000002 -0.000002 0.118041 -0.020533 0.000400 -0.700328 12.216783 10.088051 0.041479 -0.001286 -0.000000 1.632170 28.320905 -4.265814 0.033079 -0.003702 0.000000 -0.000000 -0.000010 0.000025 0.032483 -0.002781 0.000000 0.000000 0.000000 -0.000003 0.109890 0.035598 -0.001600 -1.534985 25.475839 3.401822 0.035819 0.001057 0.000000 -5.984776 24.408741 -0.254390 0.025683 0.002448 0.000000 -2.095787 14.330638 -0.339633 0.026731 0.002448 0.000000 0.000001 -0.000000 -0.000001 0.115267 0.008064 0.000100 -3.722800 25.718008 11.819522 0.036562 0.001400 0.000000 -0.514123 24.178692 -3.810833 0.033090 0.000552 0.000000 -1.874298 16.655850 2.464530 0.029609 0.000105 -0.000000 0.000001 -0.000003 -0.000001 0.027300 -0.033600 -0.022800 1.399658 -4.457348 6.848948 0.035686 -0.025978 -0.023293 2.460165 -1.790009 3.276112 0.032563 -0.021217 -0.020255 7.972586 -4.941014 10.468779 0.022147 -0.013446 -0.013949 0.000008 0.000004 0.000015 -0.018800 -0.076300 0.143100 -1.755339 -1.720531 -5.728484 -0.173100 0.136800 -0.017100 13.824472 -21.710767 66.563813 -0.274400 0.004700 -0.000000 -13.517983 0.229418 69.415540 -0.272600 -0.004700 -0.000000 -60.510859 12.275413 14.939273 -0.113505 -0.046028 -0.002000 0.000007 0.000012 0.000059 -0.037675 -0.006459 -0.000000 -0.000018 0.000011 -0.000073 -0.027201 -0.005757 0.000000 0.000005 -0.000020 0.000025 -0.023662 -0.004706 0.000000 -0.000000 -0.000000 0.000003 -0.118041 -0.020533 0.000401 0.000023 0.000019 -0.000021 -0.041479 -0.001286 0.000000 1.204803 -10.639737 0.112129 -0.033079 -0.003702 0.000000 2.592390 -27.849106 0.642712 -0.032483 -0.002781 -0.000000 0.000001 0.000011 -0.000002 -0.109891 0.035598 -0.001600 -0.086045 -0.820399 -8.599155 -0.035819 0.001057 0.000000 -3.782575 -24.614849 0.235005 -0.025683 0.002448 0.000000 -2.095765 -14.330608 0.339707 -0.026731 0.002448 0.000000 -0.000001 0.000003 0.000002 -0.115267 0.008064 0.000100 -0.294216 -2.085972 -11.670862 -0.036562 0.001400 0.000000 -2.410476 -24.146944 3.811647 -0.033090 0.000552 0.000000 -1.874293 -16.655853 -2.464463 -0.029610 0.000105 0.000000 0.000000 0.000003 -0.000001 -0.027300 -0.033600 -0.022800 0.000003 -0.000000 0.000009 -0.035686 -0.025978 -0.023293 2.388981 1.740933 -3.319175 -0.032563 -0.021217 -0.020255 7.972667 4.941057 -10.468890 -0.022147 -0.013446 -0.013949 0.000013 -0.000002 0.000007 0.089000 -0.051500 0.015400 -86.822728 -10.044055 -9.637954 -0.000000 0.002800 -0.400300 80.377823 10.768742 1.877309 -0.000000 0.034400 -0.428100 6.321529 -0.731923 -10.161435 0.000000 -0.149000 -0.088500 -0.000000 0.000002 -0.000005 -0.000000 -0.078900 -0.000000 0.000000 0.000000 -0.000000 -0.089000 -0.051500 0.015400 -86.328134 7.550910 7.182805 0.000000 0.002800 -0.400300 79.322702 -0.382992 -0.089090 -0.000000 0.034400 -0.428100 7.009742 -7.259396 3.867470 -0.000000 -0.149000 -0.088500 -0.000004 0.000002 -0.000000 -0.000000 -0.078900 -0.000000 0.000000 0.000000 0.000000 
0.000000 0.000000 0.000000 -0.000000 0.000000 -0.000000 0.002794 0.331499 0.541539 0.000010 0.000000 0.000000 -0.000000 -0.034500 0.133800 0.000000 -0.000000 0.000000 0.000000 -0.015200 0.123100 9.106663 -0.615878 0.106107 0.000000 0.004500 0.141200 9.107560 -0.561407 0.293779 0.000000 0.035467 0.161600 -9.106591 0.618822 0.124075 -0.000000 -0.045467 0.092300 0.000002 -0.000000 0.000000 -0.000000 -0.002685 0.082543 0.000001 0.000000 0.000000 0.018800 -0.076300 0.143100 -2.367509 1.384157 -6.167380 0.173100 0.136800 -0.017100 12.187122 23.746882 -55.801587 0.274400 0.004700 0.000000 -10.345650 -0.176266 -72.380532 0.272600 -0.004700 -0.000000 -63.349786 20.557196 -8.897785 0.113505 -0.046028 -0.002000 0.000009 -0.000018 -0.000032 0.037675 -0.006459 -0.000000 -0.000014 -0.000003 0.000024 0.027202 -0.005757 0.000000 -0.000001 0.000009 0.000047 0.023662 -0.004706 0.000000 -0.000001 -0.000000 0.000001 0.118041 -0.020533 0.000400 -0.700333 12.216746 10.088095 0.041479 -0.001286 -0.000000 1.632210 28.320912 -4.265871 0.033078 -0.003702 0.000000 -0.000004 -0.000010 -0.000008 0.032483 -0.002781 0.000000 0.000001 0.000000 -0.000004 0.109891 0.035598 -0.001600 -1.534988 25.475805 3.401835 0.035819 0.001057 0.000000 -5.984777 24.408765 -0.254350 0.025683 0.002448 0.000000 -2.095769 14.330613 -0.339650 0.026731 0.002448 0.000000 -0.000002 -0.000002 -0.000000 0.115267 0.008064 0.000100 -3.722779 25.717957 11.819510 0.036562 0.001400 0.000000 -0.514141 24.178704 -3.810879 0.033091 0.000552 -0.000000 -1.874315 16.655864 2.464523 0.029609 0.000105 -0.000000 -0.000001 -0.000000 0.000001 0.027300 -0.033600 -0.022800 1.437886 -4.663424 7.111691 0.035686 -0.025978 -0.023293 2.461862 -1.791209 3.275137 0.032563 -0.021217 -0.020255 7.972584 -4.941017 10.468774 0.022147 -0.013446 -0.013949 0.000008 0.000006 0.000013 -0.018800 -0.076300 0.143100 -1.755338 -1.720531 -5.728486 -0.173100 0.136800 -0.017100 13.712995 -21.412573 66.874082 -0.274400 0.004700 -0.000000 -13.703119 0.232474 68.742220 -0.272600 -0.004700 -0.000000 -60.616693 12.010697 15.052747 -0.113505 -0.046028 -0.002000 0.000004 0.000041 0.000001 -0.037675 -0.006459 -0.000000 -0.000015 -0.000021 0.000028 -0.027201 -0.005757 0.000000 0.000005 0.000000 -0.000004 -0.023662 -0.004705 0.000000 0.000002 -0.000001 0.000003 -0.118041 -0.020533 0.000401 0.000023 0.000028 -0.000013 -0.041479 -0.001286 0.000000 1.204796 -10.639699 0.112121 -0.033079 -0.003702 0.000000 2.592388 -27.849121 0.642690 -0.032483 -0.002781 -0.000000 0.000001 0.000003 0.000000 -0.109890 0.035597 -0.001600 -0.086042 -0.820385 -8.599174 -0.035819 0.001057 0.000000 -3.782566 -24.614853 0.235036 -0.025683 0.002448 0.000000 -2.095773 -14.330678 0.339701 -0.026731 0.002448 -0.000000 0.000000 -0.000000 0.000002 -0.115267 0.008064 0.000101 -0.294205 -2.085957 -11.670877 -0.036562 0.001400 0.000000 -2.410474 -24.146930 3.811681 -0.033091 0.000552 0.000000 -1.874299 -16.655888 -2.464448 -0.029609 0.000105 0.000000 -0.000001 -0.000000 0.000001 -0.027300 -0.033600 -0.022800 0.000008 0.000013 -0.000019 -0.035686 -0.025978 -0.023293 2.388984 1.740930 -3.319155 -0.032563 -0.021217 -0.020255 7.972604 4.941046 -10.468781 -0.022147 -0.013446 -0.013949 0.000011 -0.000006 0.000011 0.089000 -0.051500 0.015400 -86.822728 -10.044055 -9.637954 -0.000000 0.002800 -0.400300 80.377823 10.768742 1.877309 -0.000000 0.034400 -0.428100 6.321529 -0.731923 -10.161435 0.000000 -0.149000 -0.088500 -0.000000 0.000002 -0.000005 -0.000000 -0.078900 -0.000000 0.000000 0.000000 -0.000000 -0.089000 -0.051500 0.015400 -86.303730 7.350776 6.989402 0.000000 0.002800 -0.400300 79.322935 0.011760 -0.011801 -0.000000 0.034400 -0.428100 6.981672 -7.457833 3.648069 -0.000000 -0.149000 -0.088500 0.000003 0.000003 -0.000001 -0.000000 -0.078900 -0.000000 -0.000000 0.000000 -0.000000 
0.000000 0.000000 0.000000 -0.000000 0.000000 -0.000000 0.002794 0.331499 0.541539 0.000010 0.000000 0.000000 -0.000000 -0.034500 0.133800 0.000000 -0.000000 0.000000 -0.000000 -0.015200 0.123100 9.131980 -0.606409 0.104928 -0.000000 0.004500 0.141200 9.132829 -0.552479 0.290294 -0.000000 0.035467 0.161600 -9.131880 0.609559 0.121734 -0.000000 -0.045467 0.092300 0.000004 -0.000000 0.000000 0.000000 -0.002685 0.082543 0.000001 -0.000000 -0.000000 0.018800 -0.076300 0.143100 -2.367509 1.384157 -6.167375 0.173100 0.136800 -0.017100 12.049119 23.364788 -56.043041 0.274400 0.004700 -0.000000 -10.345035 -0.176255 -71.744252 0.272600 -0.004700 0.000000 -62.927045 20.513602 -9.706458 0.113505 -0.046028 -0.002000 0.000009 -0.000020 -0.000033 0.037675 -0.006459 -0.000000 -0.000014 -0.000003 0.000022 0.027201 -0.005757 -0.000000 -0.000001 0.000006 0.000047 0.023662 -0.004706 0.000000 0.000000 0.000001 0.000001 0.118041 -0.020533 0.000400 -0.700328 12.216761 10.088049 0.041478 -0.001285 -0.000000 1.632186 28.320906 -4.265769 0.033078 -0.003703 0.000000 -0.000002 0.000027 -0.000079 0.032483 -0.002781 0.000000 0.000001 0.000000 -0.000002 0.109891 0.035598 -0.001600 -1.534980 25.475810 3.401849 0.035819 0.001057 0.000000 -5.984766 24.408762 -0.254358 0.025683 0.002448 -0.000000 -2.095769 14.330615 -0.339664 0.026731 0.002448 0.000000 -0.000001 -0.000004 -0.000003 0.115267 0.008064 0.000100 -3.722778 25.718005 11.819461 0.036562 0.001400 0.000000 -0.514164 24.178702 -3.810779 0.033090 0.000552 0.000000 -1.874296 16.655855 2.464448 0.029609 0.000105 -0.000000 0.000000 -0.000002 -0.000001 0.027300 -0.033600 -0.022800 1.474433 -4.865867 7.367137 0.035686 -0.025978 -0.023293 2.463240 -1.792152 3.274234 0.032562 -0.021217 -0.020255 7.972590 -4.941015 10.468774 0.022147 -0.013446 -0.013949 0.000004 0.000002 0.000018 -0.018800 -0.076300 0.143100 -1.755340 -1.720531 -5.728484 -0.173100 0.136800 -0.017100 13.595855 -21.121841 67.150902 -0.274400 0.004700 0.000000 -13.872687 0.235303 68.155678 -0.272600 -0.004700 -0.000000 -60.614917 11.762521 15.092251 -0.113505 -0.046028 -0.002000 -0.000011 0.000010 0.000048 -0.037675 -0.006459 -0.000000 -0.000006 -0.000002 0.000046 -0.027202 -0.005757 0.000000 0.000005 -0.000018 0.000015 -0.023662 -0.004706 0.000000 -0.000002 -0.000000 0.000000 -0.118041 -0.020533 0.000401 0.000013 0.000041 0.000007 -0.041479 -0.001286 -0.000000 1.204790 -10.639737 0.112148 -0.033079 -0.003702 0.000000 2.592368 -27.849128 0.642674 -0.032483 -0.002781 -0.000000 -0.000002 0.000009 -0.000000 -0.109891 0.035598 -0.001600 -0.086044 -0.820393 -8.599078 -0.035819 0.001057 0.000000 -3.782614 -24.614878 0.234915 -0.025683 0.002448 0.000000 -2.095762 -14.330594 0.339722 -0.026731 0.002448 0.000000 0.000001 -0.000000 0.000001 -0.115267 0.008064 0.000101 -0.294214 -2.085955 -11.670876 -0.036562 0.001400 -0.000000 -2.410471 -24.146920 3.811695 -0.033090 0.000552 0.000000 -1.874302 -16.655857 -2.464481 -0.029609 0.000105 0.000000 -0.000001 -0.000002 0.000001 -0.027300 -0.033600 -0.022800 -0.000022 0.000009 0.000046 -0.035686 -0.025978 -0.023293 2.389034 1.740939 -3.319254 -0.032563 -0.021217 -0.020255 7.972642 4.941046 -10.468851 -0.022147 -0.013446 -0.013949 0.000012 0.000000 0.000012 0.089000 -0.051500 0.015400 -86.822728 -10.044055 -9.637954 -0.000000 0.002800 -0.400300 80.377823 10.768742 1.877309 -0.000000 0.034400 -0.428100 6.321529 -0.731923 -10.161435 0.000000 -0.149000 -0.088500 -0.000000 0.000002 -0.000005 -0.000000 -0.078900 -0.000000 0.000000 0.000000 -0.000000 -0.089000 -0.051500 0.015400 -86.278663 7.151131 6.796551 0.000000 0.002800 -0.400300 79.322661 0.405560 0.065303 0.000000 0.034400 -0.428100 6.952915 -7.655778 3.428909 -0.000000 -0.149000 -0.088500 0.000000 0.000002 -0.000001 -0.000000 -0.078900 -0.000000 0.000000 -0.000000 -0.000000 
0.000000 0.000000 0.000000 -0.000000 0.000000 -0.000000 0.002794 0.331499 0.541539 0.000010 0.000000 0.000000 -0.000000 -0.034500 0.133800 0.000000 -0.000000 0.000000 -0.000000 -0.015200 0.123100 9.172214 -0.591348 0.103035 0.000000 0.004500 0.141200 9.173059 -0.538303 0.284725 0.000000 0.035467 0.161600 -9.172110 0.594830 0.118020 -0.000000 -0.045467 0.092300 0.000003 -0.000000 0.000000 0.000000 -0.002685 0.082543 -0.000000 0.000000 0.000000 0.018800 -0.076300 0.143100 -2.367507 1.384157 -6.167373 0.173100 0.136800 -0.017100 11.883149 22.975792 -56.195668 0.274400 0.004700 0.000000 -10.331280 -0.176050 -71.295038 0.272600 -0.004700 -0.000000 -62.577278 20.351763 -10.447406 0.113505 -0.046028 -0.002000 0.000010 -0.000022 -0.000032 0.037675 -0.006459 -0.000000 -0.000014 -0.000005 0.000025 0.027202 -0.005757 0.000000 -0.000001 0.000010 0.000044 0.023662 -0.004706 0.000000 0.000000 0.000000 0.000001 0.118041 -0.020533 0.000400 -0.700361 12.216815 10.088100 0.041479 -0.001286 -0.000000 1.632215 28.320942 -4.265887 0.033079 -0.003702 0.000000 -0.000001 0.000011 0.000055 0.032483 -0.002781 0.000000 0.000001 0.000001 -0.000003 0.109890 0.035598 -0.001600 -1.535016 25.475911 3.401817 0.035819 0.001057 0.000000 -5.984781 24.408733 -0.254314 0.025683 0.002448 0.000000 -2.095765 14.330606 -0.339634 0.026731 0.002448 0.000000 -0.000003 -0.000001 -0.000004 0.115267 0.008064 0.000100 -3.722831 25.718085 11.819519 0.036562 0.001400 0.000000 -0.514142 24.178704 -3.810793 0.033091 0.000552 -0.000000 -1.874292 16.655824 2.464440 0.029609 0.000105 -0.000000 -0.000000 -0.000001 0.000000 0.027300 -0.033600 -0.022800 1.509319 -5.064073 7.614833 0.035686 -0.025978 -0.023293 2.464381 -1.792934 3.273601 0.032563 -0.021217 -0.020255 7.972589 -4.941018 10.468778 0.022147 -0.013446 -0.013949 0.000004 0.000007 0.000010 -0.018800 -0.076300 0.143100 -1.755337 -1.720531 -5.728484 -0.173100 0.136800 -0.017100 13.474040 -20.839066 67.395628 -0.274400 0.004700 0.000000 -14.027258 0.237900 67.651917 -0.272600 -0.004700 -0.000000 -60.516152 11.531612 15.065167 -0.113505 -0.046028 -0.002000 -0.000016 0.000006 0.000006 -0.037675 -0.006459 -0.000000 -0.000013 -0.000009 0.000001 -0.027201 -0.005757 0.000000 0.000001 0.000002 0.000010 -0.023662 -0.004705 0.000000 0.000001 -0.000002 -0.000002 -0.118041 -0.020533 0.000401 0.000023 0.000017 -0.000007 -0.041479 -0.001286 -0.000000 1.204806 -10.639730 0.112158 -0.033079 -0.003702 0.000000 2.592363 -27.849159 0.642637 -0.032483 -0.002781 -0.000000 0.000000 0.000011 -0.000001 -0.109891 0.035598 -0.001600 -0.086069 -0.820426 -8.599089 -0.035819 0.001057 0.000000 -3.782616 -24.614875 0.234955 -0.025683 0.002448 0.000000 -2.095775 -14.330577 0.339640 -0.026731 0.002448 0.000000 -0.000001 -0.000006 -0.000002 -0.115267 0.008064 0.000101 -0.294216 -2.085965 -11.670859 -0.036562 0.001400 -0.000000 -2.410489 -24.146974 3.811708 -0.033090 0.000552 0.000000 -1.874319 -16.655865 -2.464564 -0.029610 0.000105 0.000000 -0.000001 -0.000005 -0.000003 -0.027300 -0.033600 -0.022800 -0.000001 0.000003 0.000001 -0.035686 -0.025978 -0.023293 2.388998 1.740929 -3.319219 -0.032563 -0.021217 -0.020255 7.972601 4.941061 -10.468778 -0.022147 -0.013446 -0.013949 0.000015 -0.000006 0.000011 0.089000 -0.051500 0.015400 -86.822728 -10.044055 -9.637954 -0.000000 0.002800 -0.400300 80.377823 10.768742 1.877309 -0.000000 0.034400 -0.428100 6.321529 -0.731923 -10.161435 0.000000 -0.149000 -0.088500 -0.000000 0.000002 -0.000005 -0.000000 -0.078900 -0.000000 0.000000 0.000000 -0.000000 -0.089000 -0.051500 0.015400 -86.253036 6.952758 6.605017 0.000000 0.002800 -0.400300 79.321849 0.796850 0.141925 0.000000 0.034400 -0.428100 6.923513 -7.852428 3.210840 -0.000000 -0.149000 -0.088500 0.000001 0.000002 -0.000000 -0.000000 -0.078900 -0.000000 -0.000000 -0.000000 -0.000000 
0.000000 0.000000 0.000000 -0.000000 0.000000 -0.000000 0.002794 0.331499 0.541539 0.000010 0.000000 0.000000 -0.000000 -0.034500 0.133800 0.000000 -0.000000 0.000000 -0.000000 -0.015200 0.123100 9.225862 -0.571293 0.100481 -0.000000 0.004500 0.141200 9.226635 -0.519429 0.277237 0.000000 0.035467 0.161600 -9.225780 0.575191 0.113087 0.000000 -0.045467 0.092300 0.000002 0.000000 -0.000000 0.000000 -0.002685 0.082543 -0.000000 -0.000000 0.000000 0.018800 -0.076300 0.143100 -2.367512 1.384157 -6.167378 0.173100 0.136800 -0.017100 11.692173 22.588366 -56.248920 0.274400 0.004700 -0.000000 -10.298578 -0.175468 -71.062531 0.272600 -0.004700 -0.000000 -62.310812 20.059084 -11.103231 0.113505 -0.046028 -0.002000 0.000008 -0.000021 -0.000033 0.037675 -0.006459 -0.000000 -0.000015 -0.000008 0.000023 0.027202 -0.005757 -0.000000 -0.000002 0.000008 0.000044 0.023662 -0.004706 0.000000 0.000001 0.000001 -0.000001 0.118040 -0.020533 0.000400 -0.700322 12.216742 10.088105 0.041479 -0.001286 -0.000000 1.632206 28.320918 -4.265828 0.033079 -0.003703 -0.000000 0.000002 -0.000020 -0.000067 0.032483 -0.002781 0.000000 0.000001 -0.000000 -0.000004 0.109890 0.035597 -0.001600 -1.534981 25.475777 3.401802 0.035819 0.001057 0.000000 -5.984788 24.408735 -0.254323 0.025683 0.002448 0.000000 -2.095773 14.330638 -0.339715 0.026731 0.002448 0.000000 -0.000001 -0.000002 -0.000003 0.115267 0.008064 0.000100 -3.722773 25.717974 11.819457 0.036562 0.001400 0.000000 -0.514168 24.178714 -3.810759 0.033091 0.000552 0.000000 -1.874297 16.655872 2.464426 0.029609 0.000105 -0.000000 0.000000 0.000001 -0.000001 0.027300 -0.033600 -0.022800 1.542587 -5.257603 7.854444 0.035686 -0.025978 -0.023293 2.465283 -1.793532 3.273193 0.032563 -0.021217 -0.020255 7.972588 -4.941019 10.468780 0.022147 -0.013446 -0.013949 0.000001 -0.000003 0.000016 -0.018800 -0.076300 0.143100 -1.755341 -1.720531 -5.728486 -0.173100 0.136800 -0.017100 13.328796 -20.539914 67.595800 -0.274400 0.004700 0.000000 -14.142557 0.239786 67.226895 -0.272600 -0.004700 0.000000 -60.376379 11.331613 15.002698 -0.113505 -0.046028 -0.002000 -0.000013 0.000007 0.000032 -0.037675 -0.006459 -0.000000 -0.000012 -0.000003 -0.000062 -0.027201 -0.005757 0.000000 0.000007 0.000002 0.000043 -0.023662 -0.004705 0.000000 -0.000000 -0.000001 0.000000 -0.118041 -0.020533 0.000401 0.000018 -0.000002 0.000011 -0.041479 -0.001286 0.000000 1.204790 -10.639698 0.112081 -0.033079 -0.003702 0.000000 2.592397 -27.849155 0.642700 -0.032483 -0.002781 -0.000000 -0.000001 0.000009 0.000002 -0.109891 0.035598 -0.001600 -0.086071 -0.820415 -8.599107 -0.035819 0.001057 0.000000 -3.782609 -24.614890 0.234979 -0.025683 0.002448 0.000000 -2.095774 -14.330606 0.339692 -0.026731 0.002448 0.000000 -0.000001 0.000002 -0.000001 -0.115267 0.008064 0.000101 -0.294214 -2.085963 -11.670881 -0.036562 0.001400 -0.000000 -2.410478 -24.146976 3.811716 -0.033091 0.000552 0.000000 -1.874307 -16.655852 -2.464493 -0.029610 0.000105 0.000000 0.000001 -0.000000 -0.000000 -0.027300 -0.033600 -0.022800 0.000004 0.000012 0.000023 -0.035686 -0.025978 -0.023293 2.389002 1.740938 -3.319218 -0.032563 -0.021217 -0.020255 7.972582 4.941050 -10.468730 -0.022147 -0.013447 -0.013949 0.000009 -0.000002 0.000015 0.089000 -0.051500 0.015400 -86.822728 -10.044055 -9.637954 -0.000000 0.002800 -0.400300 80.377823 10.768742 1.877309 -0.000000 0.034400 -0.428100 6.321529 -0.731923 -10.161435 0.000000 -0.149000 -0.088500 -0.000000 0.000002 -0.000005 -0.000000 -0.078900 -0.000000 0.000000 0.000000 -0.000000 -0.089000 -0.051500 0.015400 -86.226835 6.756458 6.415563 0.000000 0.002800 -0.400300 79.320551 1.184069 0.217759 0.000000 0.034400 -0.428100 6.893683 -8.047016 2.994744 -0.000000 -0.149000 -0.088500 -0.000002 0.000002 -0.000000 -0.000000 -0.078900 -0.000000 0.000000 0.000000 0.000000 
0.000000 0.000000 0.000000 -0.000000 0.000000 -0.000000 0.002794 0.331499 0.541539 0.000010 0.000000 0.000000 -0.000000 -0.034500 0.133800 0.000000 -0.000000 0.000000 0.000000 -0.015200 0.123100 9.291285 -0.546833 0.097314 -0.000000 0.004500 0.141200 9.292010 -0.496445 0.268008 -0.000000 0.035467 0.161600 -9.291187 0.551230 0.107094 -0.000000 -0.045467 0.092300 0.000002 -0.000000 0.000000 -0.000000 -0.002685 0.082543 -0.000000 0.000000 0.000000 0.018800 -0.076300 0.143100 -2.367508 1.384157 -6.167380 0.173100 0.136800 -0.017100 11.009798 21.521069 -55.742933 0.274400 0.004700 0.000000 -10.444842 -0.177932 -71.675507 0.272600 -0.004700 0.000000 -63.040194 19.273223 -11.305597 0.113505 -0.046028 -0.002000 0.000009 -0.000018 -0.000032 0.037675 -0.006459 -0.000000 -0.000014 -0.000007 0.000023 0.027202 -0.005757 0.000000 -0.000001 0.000013 0.000044 0.023662 -0.004706 0.000000 -0.000002 -0.000003 -0.000000 0.118040 -0.020533 0.000400 -0.700348 12.216835 10.088066 0.041479 -0.001286 -0.000000 1.632187 28.320876 -4.265831 0.033079 -0.003702 0.000000 -0.000002 0.000000 -0.000023 0.032483 -0.002781 -0.000000 0.000001 -0.000000 -0.000004 0.109890 0.035598 -0.001600 -1.535001 25.475865 3.401846 0.035819 0.001057 0.000000 -5.984780 24.408791 -0.254391 0.025683 0.002447 0.000000 -2.095778 14.330603 -0.339598 0.026731 0.002448 0.000000 -0.000002 0.000002 -0.000001 0.115267 0.008064 0.000100 -3.722818 25.718054 11.819525 0.036562 0.001400 0.000000 -0.514142 24.178716 -3.810838 0.033091 0.000552 -0.000000 -1.874301 16.655833 2.464564 0.029609 0.000105 -0.000000 0.000000 -0.000003 0.000000 0.027300 -0.033600 -0.022800 1.574237 -5.445935 8.085584 0.035686 -0.025978 -0.023293 2.465836 -1.793927 3.272728 0.032563 -0.021217 -0.020255 7.972588 -4.941015 10.468777 0.022147 -0.013446 -0.013949 0.000006 0.000011 0.000012 -0.018800 -0.076300 0.143100 -1.755341 -1.720531 -5.728486 -0.173100 0.136800 -0.017100 13.144381 -20.203886 67.741632 -0.274400 0.004700 -0.000000 -14.197358 0.240720 66.875762 -0.272600 -0.004700 -0.000000 -60.245315 11.173948 14.931907 -0.113505 -0.046028 -0.002000 -0.000018 0.000049 -0.000047 -0.037675 -0.006459 -0.000000 -0.000007 -0.000019 0.000073 -0.027201 -0.005757 0.000000 0.000009 -0.000038 0.000054 -0.023662 -0.004706 0.000000 -0.000001 0.000000 -0.000001 -0.118041 -0.020533 0.000401 0.000024 0.000037 -0.000014 -0.041479 -0.001286 0.000000 1.204806 -10.639746 0.112168 -0.033079 -0.003702 0.000000 2.592366 -27.849126 0.642588 -0.032483 -0.002781 -0.000000 0.000002 0.000007 -0.000001 -0.109891 0.035598 -0.001600 -0.086045 -0.820397 -8.599156 -0.035819 0.001057 0.000000 -3.782579 -24.614853 0.234988 -0.025683 0.002448 0.000000 -2.095766 -14.330647 0.339749 -0.026731 0.002448 0.000000 -0.000001 0.000001 0.000000 -0.115267 0.008064 0.000101 -0.294212 -2.085955 -11.670919 -0.036562 0.001400 0.000000 -2.410452 -24.146932 3.811766 -0.033090 0.000552 0.000000 -1.874314 -16.655850 -2.464564 -0.029610 0.000105 0.000000 -0.000001 -0.000002 0.000001 -0.027300 -0.033600 -0.022800 -0.000021 0.000006 0.000047 -0.035686 -0.025978 -0.023293 2.389040 1.740930 -3.319280 -0.032563 -0.021217 -0.020255 7.972614 4.941054 -10.468803 -0.022147 -0.013447 -0.013949 0.000013 -0.000003 0.000010 0.089000 -0.051500 0.015400 -86.822728 -10.044055 -9.637954 -0.000000 0.002800 -0.400300 80.377823 10.768742 1.877309 -0.000000 0.034400 -0.428100 6.321529 -0.731923 -10.161435 0.000000 -0.149000 -0.088500 -0.000000 0.000002 -0.000005 -0.000000 -0.078900 -0.000000 0.000000 0.000000 -0.000000 -0.089000 -0.051500 0.015400 -86.200464 6.563009 6.228964 0.000000 0.002800 -0.400300 79.318741 1.565660 0.292515 -0.000000 0.034400 -0.428100 6.863523 -8.238744 2.781486 -0.000000 -0.149000 -0.088500 0.000003 0.000003 -0.000001 -0.000000 -0.078900 -0.000000 -0.000000 -0.000000 -0.000000 
0.000000 0.000000 0.000000 -0.000000 0.000000 -0.000000 0.002794 0.331499 0.541539 0.000010 0.000000 0.000000 -0.000000 -0.034500 0.133800 0.000000 -0.000000 0.000000 -0.000000 -0.015200 0.123100 9.366959 -0.518567 0.093584 0.000000 0.004500 0.141200 9.367608 -0.469923 0.257208 -0.000000 0.035467 0.161600 -9.366817 0.523512 0.100198 -0.000000 -0.045467 0.092300 0.000002 -0.000000 0.000000 0.000000 -0.002685 0.082543 -0.000000 0.000000 -0.000000 0.018800 -0.076300 0.143100 -2.367509 1.384158 -6.167381 0.173100 0.136800 -0.017100 9.629628 19.355877 -54.534409 0.274400 0.004700 0.000000 -10.936484 -0.186213 -73.257611 0.272600 -0.004700 0.000000 -65.215199 17.909098 -10.962022 0.113505 -0.046028 -0.002000 0.000010 -0.000015 -0.000033 0.037675 -0.006459 -0.000000 -0.000013 -0.000004 0.000024 0.027202 -0.005757 -0.000000 -0.000001 0.000007 0.000047 0.023662 -0.004706 0.000000 -0.000002 0.000002 0.000001 0.118041 -0.020533 0.000400 -0.700353 12.216840 10.088063 0.041478 -0.001286 -0.000000 1.632181 28.320888 -4.265787 0.033079 -0.003702 0.000000 -0.000000 -0.000011 -0.000066 0.032483 -0.002781 -0.000000 0.000000 -0.000000 -0.000002 0.109890 0.035598 -0.001600 -1.535005 25.475868 3.401828 0.035819 0.001057 0.000000 -5.984774 24.408745 -0.254404 0.025683 0.002448 0.000000 -2.095787 14.330638 -0.339584 0.026731 0.002448 0.000000 -0.000001 0.000001 -0.000003 0.115267 0.008064 0.000100 -3.722841 25.718084 11.819543 0.036562 0.001400 0.000000 -0.514122 24.178711 -3.810831 0.033090 0.000552 -0.000000 -1.874295 16.655843 2.464518 0.029609 0.000105 -0.000000 0.000000 0.000000 -0.000001 0.027300 -0.033600 -0.022800 1.604235 -5.628521 8.307730 0.035686 -0.025978 -0.023293 2.466210 -1.794197 3.272519 0.032563 -0.021217 -0.020255 7.972590 -4.941014 10.468774 0.022147 -0.013446 -0.013949 0.000004 0.000006 0.000013 -0.018800 -0.076300 0.143100 -1.755340 -1.720532 -5.728486 -0.173100 0.136800 -0.017100 12.926513 -19.837345 67.837111 -0.274400 0.004700 0.000000 -14.196966 0.240681 66.596271 -0.272600 -0.004700 -0.000000 -60.123491 11.056739 14.853139 -0.113505 -0.046028 -0.002000 -0.000003 0.000043 -0.000013 -0.037675 -0.006459 -0.000000 -0.000004 -0.000047 0.000092 -0.027202 -0.005757 0.000000 -0.000006 0.000040 -0.000144 -0.023662 -0.004705 0.000000 0.000002 0.000000 0.000004 -0.118041 -0.020533 0.000401 0.000016 0.000023 0.000025 -0.041479 -0.001286 -0.000000 1.204794 -10.639684 0.112140 -0.033079 -0.003702 0.000000 2.592361 -27.849157 0.642589 -0.032483 -0.002781 -0.000000 -0.000002 0.000010 -0.000001 -0.109891 0.035598 -0.001600 -0.086043 -0.820376 -8.599066 -0.035819 0.001057 0.000000 -3.782623 -24.614847 0.234915 -0.025683 0.002448 0.000000 -2.095775 -14.330638 0.339668 -0.026731 0.002448 0.000000 -0.000000 -0.000001 0.000000 -0.115267 0.008064 0.000101 -0.294193 -2.085950 -11.670883 -0.036562 0.001400 -0.000000 -2.410470 -24.146942 3.811761 -0.033090 0.000552 0.000000 -1.874321 -16.655859 -2.464520 -0.029610 0.000105 0.000000 -0.000000 -0.000005 -0.000001 -0.027300 -0.033600 -0.022800 -0.000026 0.000032 0.000043 -0.035686 -0.025978 -0.023293 2.388995 1.740929 -3.319187 -0.032563 -0.021217 -0.020255 7.972626 4.941050 -10.468814 -0.022147 -0.013446 -0.013949 0.000005 0.000002 0.000010 0.089000 -0.051500 0.015400 -86.822728 -10.044055 -9.637954 -0.000000 0.002800 -0.400300 80.377823 10.768742 1.877309 -0.000000 0.034400 -0.428100 6.321529 -0.731923 -10.161435 0.000000 -0.149000 -0.088500 -0.000000 0.000002 -0.000005 -0.000000 -0.078900 -0.000000 0.000000 0.000000 -0.000000 -0.089000 -0.051500 0.015400 -86.173799 6.373203 6.045969 0.000000 0.002800 -0.400300 79.316494 1.940076 0.365894 -0.000000 0.034400 -0.428100 6.833179 -8.426851 2.571942 -0.000000 -0.149000 -0.088500 0.000003 0.000002 -0.000000 -0.000000 -0.078900 -0.000000 0.000000 0.000000 -0.000000 
0.000000 0.000000 0.000000 -0.000000 0.000000 -0.000000 0.002794 0.331499 0.541539 0.000010 0.000000 0.000000 -0.000000 -0.034500 0.133800 0.000000 -0.000000 0.000000 -0.000000 -0.015200 0.123100 9.451257 -0.487086 0.089339 -0.000000 0.004500 0.141200 9.451828 -0.440425 0.245002 -0.000000 0.035467 0.161600 -9.451151 0.492610 0.092554 -0.000000 -0.045467 0.092300 0.000004 -0.000000 0.000000 -0.000000 -0.002685 0.082543 -0.000001 -0.000000 0.000000 0.018800 -0.076300 0.143100 -2.367509 1.384158 -6.167379 0.173100 0.136800 -0.017100 7.938444 16.527543 -53.034305 0.274400 0.004700 -0.000000 -11.695084 -0.198956 -75.165098 0.272600 -0.004700 -0.000000 -68.166394 16.333052 -10.441020 0.113505 -0.046028 -0.002000 0.000009 -0.000017 -0.000032 0.037675 -0.006459 -0.000000 -0.000013 -0.000004 0.000023 0.027202 -0.005757 0.000000 0.000001 0.000008 0.000046 0.023662 -0.004705 0.000000 -0.000003 -0.000003 0.000001 0.118040 -0.020533 0.000400 -0.700332 12.216795 10.088078 0.041479 -0.001286 -0.000000 1.632189 28.320908 -4.265860 0.033079 -0.003702 0.000000 0.000000 0.000011 0.000031 0.032483 -0.002781 0.000000 0.000000 0.000001 -0.000003 0.109891 0.035598 -0.001600 -1.535009 25.475795 3.401832 0.035819 0.001057 0.000000 -5.984781 24.408777 -0.254314 0.025683 0.002448 0.000000 -2.095766 14.330645 -0.339654 0.026731 0.002447 0.000000 -0.000001 0.000002 -0.000002 0.115267 0.008064 0.000100 -3.722768 25.718002 11.819455 0.036562 0.001400 0.000000 -0.514177 24.178709 -3.810793 0.033091 0.000552 0.000000 -1.874311 16.655877 2.464500 0.029609 0.000105 -0.000000 0.000001 0.000001 -0.000000 0.027300 -0.033600 -0.022800 1.632611 -5.804927 8.520599 0.035686 -0.025979 -0.023293 2.466415 -1.794303 3.272468 0.032562 -0.021217 -0.020255 7.972587 -4.941016 10.468774 0.022147 -0.013446 -0.013949 0.000003 0.000002 0.000017 -0.018800 -0.076300 0.143100 -1.755340 -1.720531 -5.728481 -0.173100 0.136800 -0.017100 12.680755 -19.446436 67.886391 -0.274400 0.004700 0.000000 -14.146788 0.239855 66.385798 -0.272600 -0.004700 -0.000000 -60.011517 10.978062 14.766941 -0.113505 -0.046028 -0.002000 -0.000011 -0.000024 0.000034 -0.037675 -0.006459 -0.000000 -0.000009 -0.000002 0.000057 -0.027202 -0.005757 0.000000 -0.000000 -0.000020 -0.000019 -0.023662 -0.004705 0.000000 0.000002 -0.000001 -0.000001 -0.118041 -0.020533 0.000401 0.000007 -0.000034 0.000014 -0.041479 -0.001286 0.000000 1.204794 -10.639754 0.112116 -0.033079 -0.003702 0.000000 2.592365 -27.849164 0.642595 -0.032483 -0.002781 -0.000000 -0.000001 0.000003 -0.000003 -0.109891 0.035598 -0.001600 -0.086078 -0.820428 -8.599131 -0.035819 0.001057 0.000000 -3.782610 -24.614916 0.234965 -0.025683 0.002448 0.000000 -2.095774 -14.330666 0.339656 -0.026731 0.002448 0.000000 -0.000000 -0.000000 -0.000001 -0.115267 0.008064 0.000101 -0.294237 -2.085977 -11.670816 -0.036562 0.001400 0.000000 -2.410508 -24.146995 3.811628 -0.033091 0.000552 0.000000 -1.874316 -16.655901 -2.464532 -0.029610 0.000105 0.000000 -0.000000 0.000001 -0.000000 -0.027300 -0.033600 -0.022800 -0.000026 0.000000 0.000026 -0.035686 -0.025978 -0.023293 2.389023 1.740925 -3.319225 -0.032563 -0.021217 -0.020255 7.972599 4.941047 -10.468782 -0.022147 -0.013446 -0.013949 0.000011 -0.000003 0.000010 0.089000 -0.051500 0.015400 -86.822728 -10.044055 -9.637954 -0.000000 0.002800 -0.400300 80.377823 10.768742 1.877309 -0.000000 0.034400 -0.428100 6.321529 -0.731923 -10.161435 0.000000 -0.149000 -0.088500 -0.000000 0.000002 -0.000005 -0.000000 -0.078900 -0.000000 0.000000 0.000000 -0.000000 -0.089000 -0.051500 0.015400 -86.147161 6.187824 5.867348 0.000000 0.002800 -0.400300 79.313837 2.305761 0.437590 -0.000000 0.034400 -0.428100 6.802897 -8.610551 2.366996 -0.000000 -0.149000 -0.088500 0.000000 0.000002 -0.000000 -0.000000 -0.078900 -0.000000 -0.000000 -0.000000 -0.000000 
0.000000 0.000000 0.000000 -0.000000 0.000000 -0.000000 0.002794 0.331499 0.541539 0.000010 0.000000 0.000000 -0.000000 -0.034500 0.133800 0.000000 -0.000000 0.000000 0.000000 -0.015200 0.123100 9.542663 -0.452986 0.084634 -0.000000 0.004500 0.141200 9.543152 -0.408533 0.231578 0.000000 0.035467 0.161600 -9.542556 0.459096 0.084321 -0.000000 -0.045467 0.092300 -0.000001 -0.000000 0.000000 -0.000000 -0.002685 0.082543 0.000002 -0.000000 -0.000000 0.018800 -0.076300 0.143100 -2.367510 1.384157 -6.167378 0.173100 0.136800 -0.017100 6.293886 13.554218 -51.617328 0.274400 0.004700 -0.000000 -12.573635 -0.213684 -76.833611 0.272600 -0.004700 -0.000000 -71.222843 14.885047 -10.015054 0.113505 -0.046028 -0.002000 0.000008 -0.000017 -0.000034 0.037675 -0.006459 0.000000 -0.000015 -0.000005 0.000023 0.027202 -0.005757 -0.000000 -0.000002 0.000009 0.000047 0.023662 -0.004706 0.000000 -0.000002 -0.000002 -0.000001 0.118041 -0.020533 0.000400 -0.700357 12.216791 10.088106 0.041478 -0.001286 -0.000000 1.632214 28.320951 -4.265872 0.033079 -0.003702 -0.000000 0.000000 0.000000 0.000003 0.032483 -0.002781 0.000000 0.000000 0.000000 -0.000005 0.109890 0.035598 -0.001600 -1.535001 25.475868 3.401808 0.035819 0.001057 0.000000 -5.984802 24.408762 -0.254319 0.025683 0.002448 0.000000 -2.095772 14.330613 -0.339642 0.026731 0.002448 0.000000 -0.000001 -0.000000 -0.000002 0.115267 0.008064 0.000100 -3.722812 25.718039 11.819491 0.036562 0.001400 0.000000 -0.514163 24.178713 -3.810802 0.033091 0.000552 0.000000 -1.874307 16.655876 2.464496 0.029609 0.000105 -0.000000 -0.000000 -0.000000 0.000000 0.027300 -0.033600 -0.022800 1.659344 -5.974591 8.723723 0.035686 -0.025978 -0.023293 2.466371 -1.794299 3.272420 0.032563 -0.021217 -0.020255 7.972589 -4.941024 10.468776 0.022147 -0.013446 -0.013949 0.000001 0.000009 0.000014 -0.018800 -0.076300 0.143100 -1.755340 -1.720531 -5.728481 -0.173100 0.136800 -0.017100 12.411993 -19.034474 67.898221 -0.274400 0.004700 0.000000 -14.054625 0.238308 66.231784 -0.272600 -0.004700 -0.000000 -59.910403 10.931701 14.676224 -0.113505 -0.046028 -0.002000 -0.000008 0.000037 0.000073 -0.037675 -0.006459 -0.000000 -0.000016 0.000009 -0.000144 -0.027202 -0.005757 0.000000 -0.000000 -0.000006 0.000089 -0.023662 -0.004705 0.000000 -0.000002 -0.000000 0.000002 -0.118041 -0.020533 0.000401 0.000017 0.000036 0.000002 -0.041479 -0.001286 -0.000000 1.204803 -10.639697 0.112148 -0.033079 -0.003702 0.000000 2.592374 -27.849142 0.642639 -0.032483 -0.002781 -0.000000 0.000001 0.000009 -0.000001 -0.109891 0.035598 -0.001600 -0.086063 -0.820378 -8.599068 -0.035819 0.001057 0.000000 -3.782620 -24.614829 0.234945 -0.025683 0.002448 0.000000 -2.095785 -14.330645 0.339704 -0.026731 0.002448 0.000000 -0.000000 -0.000000 -0.000000 -0.115267 0.008064 0.000101 -0.294202 -2.085941 -11.670825 -0.036562 0.001400 -0.000000 -2.410499 -24.146930 3.811644 -0.033090 0.000552 0.000000 -1.874303 -16.655886 -2.464531 -0.029610 0.000105 0.000000 0.000000 0.000002 0.000000 -0.027300 -0.033600 -0.022800 -0.000030 0.000011 0.000066 -0.035686 -0.025978 -0.023293 2.389051 1.740927 -3.319288 -0.032562 -0.021217 -0.020255 7.972611 4.941066 -10.468809 -0.022147 -0.013446 -0.013949 0.000011 0.000001 0.000013 0.089000 -0.051500 0.015400 -86.822728 -10.044055 -9.637954 -0.000000 0.002800 -0.400300 80.377823 10.768742 1.877309 -0.000000 0.034400 -0.428100 6.321529 -0.731923 -10.161435 0.000000 -0.149000 -0.088500 -0.000000 0.000002 -0.000005 -0.000000 -0.078900 -0.000000 0.000000 0.000000 -0.000000 -0.089000 -0.051500 0.015400 -86.120646 6.007663 5.693851 -0.000000 0.002800 -0.400300 79.310825 2.661165 0.507310 -0.000000 0.034400 -0.428100 6.772750 -8.789057 2.167524 -0.000000 -0.149000 -0.088500 0.000003 0.000002 -0.000001 -0.000000 -0.078900 -0.000000 -0.000000 -0.000000 -0.000000 
0.000000 0.000000 0.000000 -0.000000 0.000000 -0.000000 0.002794 0.331499 0.541539 0.000010 0.000000 0.000000 -0.000000 -0.034500 0.133800 0.000000 -0.000000 0.000000 -0.000000 -0.015200 0.123100 9.639563 -0.416857 0.079527 0.000000 0.004500 0.141200 9.639986 -0.374806 0.217119 0.000000 0.035467 0.161600 -9.639449 0.423542 0.075647 -0.000000 -0.045467 0.092300 -0.000004 0.000000 0.000000 -0.000000 -0.002685 0.082543 0.000000 -0.000000 -0.000000 0.018800 -0.076300 0.143100 -2.367509 1.384157 -6.167375 0.173100 0.136800 -0.017100 5.007640 11.049262 -50.617200 0.274400 0.004700 0.000000 -13.341648 -0.226507 -77.848556 0.272600 -0.004700 0.000000 -73.697400 13.823607 -9.829963 0.113505 -0.046028 -0.002000 0.000009 -0.000020 -0.000033 0.037675 -0.006459 -0.000000 -0.000013 -0.000006 0.000025 0.027202 -0.005757 0.000000 -0.000002 0.000007 0.000041 0.023662 -0.004706 0.000000 -0.000001 -0.000008 -0.000001 0.118040 -0.020533 0.000400 -0.700326 12.216745 10.088055 0.041479 -0.001286 -0.000000 1.632183 28.320920 -4.265812 0.033078 -0.003702 0.000000 0.000001 -0.000000 -0.000038 0.032483 -0.002781 0.000000 0.000001 -0.000000 -0.000002 0.109890 0.035598 -0.001600 -1.534974 25.475788 3.401832 0.035819 0.001057 0.000000 -5.984773 24.408765 -0.254370 0.025683 0.002448 0.000000 -2.095778 14.330637 -0.339662 0.026731 0.002448 0.000000 -0.000000 -0.000000 -0.000001 0.115267 0.008064 0.000100 -3.722785 25.717966 11.819523 0.036562 0.001400 0.000000 -0.514129 24.178735 -3.810905 0.033090 0.000552 0.000000 -1.874320 16.655870 2.464595 0.029609 0.000105 -0.000000 -0.000000 -0.000000 -0.000001 0.027300 -0.033600 -0.022800 1.684430 -6.137029 8.916711 0.035686 -0.025978 -0.023293 2.466197 -1.794177 3.272504 0.032563 -0.021217 -0.020255 7.972592 -4.941015 10.468779 0.022147 -0.013446 -0.013949 0.000008 0.000000 0.000016 -0.018800 -0.076300 0.143100 -1.755338 -1.720531 -5.728478 -0.173100 0.136800 -0.017100 12.125529 -18.606796 67.877785 -0.274400 0.004700 0.000000 -13.926724 0.236188 66.128867 -0.272600 -0.004700 -0.000000 -59.820279 10.914519 14.582363 -0.113505 -0.046028 -0.002000 -0.000002 -0.000013 0.000056 -0.037675 -0.006459 -0.000000 -0.000019 0.000032 -0.000115 -0.027202 -0.005757 -0.000000 0.000004 -0.000007 0.000183 -0.023662 -0.004705 0.000000 -0.000000 -0.000001 0.000001 -0.118041 -0.020533 0.000401 0.000003 -0.000003 0.000002 -0.041479 -0.001286 -0.000000 1.204794 -10.639699 0.112086 -0.033079 -0.003702 0.000000 2.592395 -27.849159 0.642654 -0.032483 -0.002781 -0.000000 0.000000 0.000014 0.000001 -0.109891 0.035598 -0.001600 -0.086069 -0.820415 -8.599084 -0.035819 0.001057 0.000000 -3.782623 -24.614861 0.234875 -0.025683 0.002448 0.000000 -2.095760 -14.330649 0.339675 -0.026731 0.002448 0.000000 0.000000 0.000000 -0.000000 -0.115267 0.008064 0.000101 -0.294223 -2.085964 -11.670894 -0.036562 0.001400 0.000000 -2.410469 -24.146966 3.811766 -0.033091 0.000553 0.000000 -1.874317 -16.655841 -2.464550 -0.029609 0.000105 0.000000 -0.000000 0.000001 -0.000000 -0.027300 -0.033600 -0.022800 -0.000026 0.000020 0.000020 -0.035686 -0.025978 -0.023293 2.389026 1.740927 -3.319218 -0.032563 -0.021217 -0.020255 7.972599 4.941064 -10.468778 -0.022147 -0.013446 -0.013949 0.000008 -0.000004 0.000013 0.089000 -0.051500 0.015400 -86.822728 -10.044055 -9.637954 -0.000000 0.002800 -0.400300 80.377823 10.768742 1.877309 -0.000000 0.034400 -0.428100 6.321529 -0.731923 -10.161435 0.000000 -0.149000 -0.088500 -0.000000 0.000002 -0.000005 -0.000000 -0.078900 -0.000000 0.000000 0.000000 -0.000000 -0.089000 -0.051500 0.015400 -86.094459 5.833490 5.526223 -0.000000 0.002800 -0.400300 79.307512 3.004755 0.574749 0.000000 0.034400 -0.428100 6.743005 -8.961611 1.974408 -0.000000 -0.149000 -0.088500 -0.000002 0.000003 -0.000000 -0.000000 -0.078900 -0.000000 0.000000 -0.000000 -0.000000 
0.000000 0.000000 0.000000 -0.000000 0.000000 -0.000000 0.002794 0.331499 0.541539 0.000010 0.000000 0.000000 -0.000000 -0.034500 0.133800 0.000000 -0.000000 0.000000 -0.000000 -0.015200 0.123100 9.740394 -0.379292 0.074085 -0.000000 0.004500 0.141200 9.740759 -0.339814 0.201832 -0.000000 0.035467 0.161600 -9.740278 0.386528 0.066685 -0.000000 -0.045467 0.092300 0.000001 -0.000000 0.000000 -0.000000 -0.002685 0.082543 0.000000 -0.000000 0.000000 0.018800 -0.076300 0.143100 -2.367512 1.384157 -6.167380 0.173100 0.136800 -0.017100 4.354830 9.681412 -50.318413 0.274400 0.004700 0.000000 -13.718165 -0.232763 -77.973269 0.272600 -0.004700 -0.000000 -74.891009 13.292984 -9.953698 0.113505 -0.046028 -0.002000 0.000009 -0.000013 -0.000035 0.037675 -0.006459 0.000000 -0.000012 -0.000002 0.000026 0.027202 -0.005757 0.000000 0.000000 0.000005 0.000046 0.023662 -0.004706 0.000000 -0.000002 -0.000003 0.000002 0.118040 -0.020533 0.000400 -0.700342 12.216783 10.088090 0.041479 -0.001286 -0.000000 1.632202 28.320935 -4.265808 0.033078 -0.003702 -0.000000 -0.000001 0.000000 -0.000134 0.032483 -0.002781 0.000000 0.000000 0.000000 -0.000004 0.109891 0.035598 -0.001600 -1.535003 25.475863 3.401818 0.035819 0.001057 0.000000 -5.984791 24.408723 -0.254301 0.025683 0.002448 0.000000 -2.095763 14.330615 -0.339720 0.026731 0.002448 -0.000000 -0.000001 0.000002 -0.000003 0.115267 0.008064 0.000100 -3.722794 25.718027 11.819486 0.036562 0.001400 0.000000 -0.514151 24.178704 -3.810760 0.033090 0.000552 -0.000000 -1.874289 16.655864 2.464557 0.029609 0.000105 -0.000000 -0.000000 0.000001 -0.000001 0.027300 -0.033600 -0.022800 1.707828 -6.291730 9.099148 0.035686 -0.025979 -0.023293 2.465921 -1.793962 3.272666 0.032563 -0.021217 -0.020255 7.972586 -4.941016 10.468775 0.022147 -0.013446 -0.013949 0.000006 0.000009 0.000012 -0.018800 -0.076300 0.143100 -1.755339 -1.720531 -5.728481 -0.173100 0.136800 -0.017100 11.826370 -18.168424 67.830226 -0.274400 0.004700 0.000000 -13.769424 0.233597 66.071644 -0.272600 -0.004700 -0.000000 -59.741486 10.923376 14.486609 -0.113505 -0.046028 -0.002000 -0.000017 0.000032 0.000026 -0.037675 -0.006459 -0.000000 -0.000016 -0.000010 -0.000078 -0.027201 -0.005757 0.000000 -0.000000 0.000007 -0.000038 -0.023662 -0.004705 0.000000 0.000000 0.000000 0.000000 -0.118041 -0.020533 0.000400 0.000016 0.000030 0.000030 -0.041479 -0.001286 0.000000 1.204795 -10.639702 0.112049 -0.033079 -0.003702 0.000000 2.592406 -27.849138 0.642720 -0.032483 -0.002781 -0.000000 0.000001 0.000007 -0.000001 -0.109891 0.035597 -0.001600 -0.086056 -0.820391 -8.599139 -0.035819 0.001057 0.000000 -3.782598 -24.614870 0.234978 -0.025683 0.002448 0.000000 -2.095767 -14.330611 0.339689 -0.026731 0.002448 0.000000 -0.000001 -0.000001 0.000001 -0.115267 0.008064 0.000101 -0.294204 -2.085954 -11.670877 -0.036562 0.001400 0.000000 -2.410472 -24.146964 3.811657 -0.033091 0.000552 0.000000 -1.874291 -16.655841 -2.464414 -0.029610 0.000105 0.000000 0.000001 -0.000000 -0.000001 -0.027300 -0.033600 -0.022800 0.000025 0.000014 -0.000040 -0.035686 -0.025978 -0.023293 2.388957 1.740930 -3.319136 -0.032563 -0.021217 -0.020255 7.972676 4.941034 -10.468896 -0.022147 -0.013447 -0.013949 0.000014 -0.000004 0.000013 0.089000 -0.051500 0.015400 -86.822728 -10.044055 -9.637954 -0.000000 0.002800 -0.400300 80.377823 10.768742 1.877309 -0.000000 0.034400 -0.428100 6.321529 -0.731923 -10.161435 0.000000 -0.149000 -0.088500 -0.000000 0.000002 -0.000005 -0.000000 -0.078900 -0.000000 0.000000 0.000000 -0.000000 -0.089000 -0.051500 0.015400 -86.068689 5.666096 5.365202 0.000000 0.002800 -0.400300 79.303892 3.334982 0.639605 0.000000 0.034400 -0.428100 6.713830 -9.127435 1.788550 -0.000000 -0.149000 -0.088500 -0.000000 0.000003 -0.000000 -0.000000 -0.078900 -0.000000 0.000000 -0.000000 -0.000000 
0.000000 0.000000 0.000000 -0.000000 0.000000 -0.000000 0.002794 0.331499 0.541539 0.000010 0.000000 0.000000 -0.000000 -0.034500 0.133800 0.000000 -0.000000 0.000000 0.000000 -0.015200 0.123100 9.843595 -0.340882 0.068379 -0.000000 0.004500 0.141200 9.843891 -0.304105 0.185927 -0.000000 0.035467 0.161600 -9.843475 0.348622 0.057579 -0.000000 -0.045467 0.092300 0.000000 -0.000000 -0.000000 -0.000000 -0.002685 0.082543 -0.000001 -0.000000 0.000000 0.018800 -0.076300 0.143100 -2.367509 1.384157 -6.167375 0.173100 0.136800 -0.017100 4.266801 9.275476 -51.293129 0.274400 0.004700 -0.000000 -13.771479 -0.233655 -76.351768 0.272600 -0.004700 0.000000 -74.944210 13.520949 -10.378690 0.113505 -0.046028 -0.002000 0.000010 -0.000018 -0.000034 0.037675 -0.006459 0.000000 -0.000015 -0.000002 0.000025 0.027202 -0.005757 -0.000000 0.000000 0.000009 0.000044 0.023662 -0.004706 0.000000 -0.000001 -0.000001 -0.000000 0.118041 -0.020533 0.000400 -0.700326 12.216794 10.088017 0.041479 -0.001286 -0.000000 1.632160 28.320927 -4.265799 0.033079 -0.003703 -0.000000 0.000000 0.000000 -0.000029 0.032483 -0.002781 0.000000 0.000001 0.000000 -0.000002 0.109890 0.035598 -0.001600 -1.535003 25.475837 3.401859 0.035819 0.001057 0.000000 -5.984765 24.408762 -0.254339 0.025683 0.002447 0.000000 -2.095767 14.330649 -0.339664 0.026731 0.002448 0.000000 -0.000001 -0.000001 -0.000000 0.115267 0.008064 0.000100 -3.722802 25.718003 11.819528 0.036562 0.001400 0.000000 -0.514134 24.178735 -3.810801 0.033091 0.000552 0.000000 -1.874292 16.655874 2.464453 0.029609 0.000105 -0.000000 -0.000000 -0.000000 0.000001 0.027300 -0.033600 -0.022800 1.729525 -6.438126 9.270547 0.035686 -0.025979 -0.023293 2.465566 -1.793724 3.272981 0.032563 -0.021217 -0.020255 7.972589 -4.941016 10.468777 0.022147 -0.013446 -0.013949 0.000002 -0.000001 0.000015 -0.018800 -0.076300 0.143100 -1.755339 -1.720531 -5.728480 -0.173100 0.136800 -0.017100 11.519550 -17.724737 67.760415 -0.274400 0.004700 0.000000 -13.588948 0.230566 66.054418 -0.272600 -0.004700 -0.000000 -59.673826 10.954950 14.390386 -0.113505 -0.046028 -0.002000 -0.000014 0.000011 -0.000009 -0.037675 -0.006459 -0.000000 -0.000015 -0.000009 -0.000013 -0.027202 -0.005757 0.000000 0.000004 -0.000005 -0.000001 -0.023662 -0.004706 0.000000 -0.000001 0.000002 0.000002 -0.118041 -0.020533 0.000401 0.000013 0.000026 -0.000011 -0.041479 -0.001286 0.000000 1.204804 -10.639735 0.112125 -0.033079 -0.003702 0.000000 2.592383 -27.849128 0.642613 -0.032483 -0.002781 -0.000000 -0.000001 0.000009 0.000000 -0.109891 0.035597 -0.001600 -0.086064 -0.820392 -8.599085 -0.035819 0.001057 0.000000 -3.782620 -24.614883 0.234895 -0.025683 0.002448 0.000000 -2.095764 -14.330649 0.339682 -0.026731 0.002448 0.000000 -0.000000 0.000001 -0.000000 -0.115267 0.008064 0.000101 -0.294200 -2.085952 -11.670879 -0.036562 0.001400 -0.000000 -2.410475 -24.146978 3.811658 -0.033090 0.000552 0.000000 -1.874295 -16.655864 -2.464500 -0.029609 0.000105 0.000000 0.000000 0.000000 0.000001 -0.027300 -0.033600 -0.022800 -0.000018 0.000017 0.000035 -0.035686 -0.025978 -0.023293 2.389007 1.740926 -3.319217 -0.032563 -0.021217 -0.020255 7.972619 4.941041 -10.468804 -0.022147 -0.013447 -0.013949 0.000011 0.000000 0.000010 0.089000 -0.051500 0.015400 -86.822728 -10.044055 -9.637954 -0.000000 0.002800 -0.400300 80.377823 10.768742 1.877309 -0.000000 0.034400 -0.428100 6.321529 -0.731923 -10.161435 0.000000 -0.149000 -0.088500 -0.000000 0.000002 -0.000005 -0.000000 -0.078900 -0.000000 0.000000 0.000000 -0.000000 -0.089000 -0.051500 0.015400 -86.043656 5.506255 5.211548 -0.000000 0.002800 -0.400300 79.300129 3.650317 0.701582 -0.000000 0.034400 -0.428100 6.685417 -9.285767 1.610834 -0.000000 -0.149000 -0.088500 0.000002 0.000002 -0.000001 -0.000000 -0.078900 -0.000000 -0.000000 -0.000000 -0.000000 
0.000000 0.000000 0.000000 -0.000000 0.000000 -0.000000 0.002794 0.331499 0.541539 0.000010 0.000000 0.000000 -0.000000 -0.034500 0.133800 0.000000 -0.000000 0.000000 0.000000 -0.015200 0.123100 9.947556 -0.302212 0.062491 -0.000000 0.004500 0.141200 9.947800 -0.268235 0.169641 0.000000 0.035467 0.161600 -9.947455 0.310408 0.048471 0.000000 -0.045467 0.092300 -0.000002 0.000000 0.000000 -0.000000 -0.002685 0.082543 -0.000001 -0.000000 0.000000 0.018800 -0.076300 0.143100 -2.367511 1.384158 -6.167371 0.173100 0.136800 -0.017100 4.462373 9.225426 -53.514385 0.274400 0.004700 -0.000000 -13.755906 -0.233406 -72.835437 0.272600 -0.004700 -0.000000 -74.546624 14.498927 -10.995401 0.113505 -0.046029 -0.002000 0.000009 -0.000018 -0.000035 0.037675 -0.006459 -0.000000 -0.000015 -0.000004 0.000025 0.027201 -0.005757 -0.000000 0.000001 0.000004 0.000042 0.023662 -0.004706 0.000000 -0.000001 0.000002 -0.000001 0.118040 -0.020533 0.000400 -0.700340 12.216754 10.088078 0.041478 -0.001286 -0.000000 1.632188 28.320891 -4.265802 0.033079 -0.003702 0.000000 0.000005 0.000027 -0.000106 0.032483 -0.002781 0.000000 0.000000 -0.000000 -0.000001 0.109890 0.035598 -0.001600 -1.534996 25.475806 3.401839 0.035819 0.001057 0.000000 -5.984769 24.408762 -0.254393 0.025683 0.002448 0.000000 -2.095784 14.330640 -0.339618 0.026731 0.002448 0.000000 -0.000002 0.000000 -0.000003 0.115267 0.008064 0.000100 -3.722770 25.718005 11.819451 0.036562 0.001400 0.000000 -0.514173 24.178713 -3.810804 0.033091 0.000552 0.000000 -1.874308 16.655838 2.464578 0.029609 0.000105 -0.000000 -0.000000 0.000001 -0.000001 0.027300 -0.033600 -0.022800 1.749569 -6.575837 9.430703 0.035686 -0.025979 -0.023293 2.465097 -1.793392 3.273219 0.032563 -0.021217 -0.020255 7.972586 -4.941015 10.468775 0.022147 -0.013446 -0.013949 0.000008 0.000007 0.000010 -0.018800 -0.076300 0.143100 -1.755341 -1.720531 -5.728484 -0.173100 0.136800 -0.017100 11.209946 -17.280923 67.673296 -0.274400 0.004700 0.000000 -13.391560 0.227313 66.071384 -0.272600 -0.004700 -0.000000 -59.617211 11.005760 14.295006 -0.113505 -0.046028 -0.002000 -0.000015 0.000016 -0.000015 -0.037675 -0.006459 0.000000 -0.000013 -0.000008 0.000010 -0.027201 -0.005757 0.000000 0.000002 0.000000 -0.000009 -0.023662 -0.004705 0.000000 0.000000 -0.000001 0.000001 -0.118041 -0.020533 0.000401 0.000024 0.000027 -0.000017 -0.041479 -0.001286 -0.000000 1.204804 -10.639736 0.112140 -0.033079 -0.003702 0.000000 2.592377 -27.849142 0.642617 -0.032483 -0.002781 -0.000000 0.000001 0.000007 0.000000 -0.109891 0.035598 -0.001600 -0.086064 -0.820393 -8.599086 -0.035819 0.001057 0.000000 -3.782614 -24.614861 0.234913 -0.025683 0.002448 0.000000 -2.095765 -14.330652 0.339704 -0.026731 0.002448 0.000000 0.000000 0.000000 -0.000000 -0.115267 0.008064 0.000101 -0.294221 -2.085936 -11.670798 -0.036562 0.001400 0.000000 -2.410515 -24.146998 3.811606 -0.033090 0.000552 0.000000 -1.874303 -16.655886 -2.464525 -0.029609 0.000105 0.000000 0.000000 0.000002 0.000002 -0.027300 -0.033600 -0.022800 -0.000025 0.000019 0.000037 -0.035686 -0.025978 -0.023293 2.389047 1.740927 -3.319273 -0.032563 -0.021217 -0.020255 7.972600 4.941061 -10.468786 -0.022147 -0.013447 -0.013949 0.000014 -0.000006 0.000015 0.089000 -0.051500 0.015400 -86.822728 -10.044055 -9.637954 -0.000000 0.002800 -0.400300 80.377823 10.768742 1.877309 -0.000000 0.034400 -0.428100 6.321529 -0.731923 -10.161435 0.000000 -0.149000 -0.088500 -0.000000 0.000002 -0.000005 -0.000000 -0.078900 -0.000000 0.000000 0.000000 -0.000000 -0.089000 -0.051500 0.015400 -86.019450 5.354746 5.065986 0.000000 0.002800 -0.400300 79.296242 3.949223 0.760364 0.000000 0.034400 -0.428100 6.658047 -9.435827 1.442165 -0.000000 -0.149000 -0.088500 -0.000002 0.000002 -0.000001 -0.000000 -0.078900 -0.000000 -0.000000 -0.000000 -0.000000 
0.000000 0.000000 0.000000 -0.000000 0.000000 -0.000000 0.002794 0.331499 0.541539 0.000010 0.000000 0.000000 -0.000000 -0.034500 0.133800 0.000000 -0.000000 0.000000 -0.000000 -0.015200 0.123100 10.050745 -0.263871 0.056510 -0.000000 0.004500 0.141200 10.050950 -0.232747 0.153218 -0.000000 0.035467 0.161600 -10.050652 0.272461 0.039500 -0.000000 -0.045467 0.092300 0.000003 -0.000000 0.000000 0.000000 -0.002685 0.082543 -0.000000 -0.000000 -0.000000 0.018800 -0.076300 0.143100 -2.367510 1.384157 -6.167380 0.173100 0.136800 -0.017100 4.897387 9.492984 -56.461728 0.274400 0.004700 0.000000 -13.713763 -0.232684 -68.096084 0.272600 -0.004700 -0.000000 -73.822426 16.058164 -11.760753 0.113505 -0.046028 -0.002000 0.000010 -0.000021 -0.000034 0.037675 -0.006459 0.000000 -0.000015 -0.000009 0.000026 0.027202 -0.005757 -0.000000 0.000002 0.000006 0.000050 0.023662 -0.004706 0.000000 -0.000002 -0.000004 -0.000003 0.118040 -0.020533 0.000400 -0.700331 12.216762 10.088063 0.041479 -0.001286 -0.000000 1.632189 28.320893 -4.265820 0.033079 -0.003702 -0.000000 -0.000003 -0.000020 -0.000015 0.032483 -0.002781 0.000000 0.000000 0.000000 -0.000003 0.109890 0.035598 -0.001600 -1.534983 25.475783 3.401792 0.035819 0.001057 0.000000 -5.984798 24.408762 -0.254318 0.025683 0.002448 0.000000 -2.095771 14.330616 -0.339653 0.026731 0.002448 0.000000 -0.000000 -0.000000 -0.000003 0.115267 0.008064 0.000100 -3.722762 25.717961 11.819453 0.036562 0.001400 0.000000 -0.514166 24.178704 -3.810819 0.033090 0.000552 0.000000 -1.874314 16.655862 2.464533 0.029610 0.000105 -0.000000 -0.000000 0.000002 0.000001 0.027300 -0.033600 -0.022800 1.767883 -6.704245 9.579035 0.035686 -0.025979 -0.023294 2.464551 -1.793015 3.273440 0.032563 -0.021217 -0.020255 7.972588 -4.941019 10.468772 0.022147 -0.013446 -0.013949 0.000003 0.000002 0.000012 -0.018800 -0.076300 0.143100 -1.755338 -1.720531 -5.728486 -0.173100 0.136800 -0.017100 10.902354 -16.842511 67.573377 -0.274400 0.004700 0.000000 -13.183297 0.223847 66.116921 -0.272600 -0.004700 -0.000000 -59.571114 11.072359 14.201785 -0.113505 -0.046028 -0.002000 -0.000018 0.000042 0.000037 -0.037675 -0.006459 -0.000000 -0.000012 -0.000000 -0.000049 -0.027201 -0.005757 0.000000 -0.000000 -0.000005 0.000111 -0.023662 -0.004706 0.000000 0.000000 0.000003 -0.000000 -0.118041 -0.020533 0.000401 0.000013 0.000050 -0.000029 -0.041479 -0.001286 0.000000 1.204806 -10.639748 0.112211 -0.033079 -0.003702 -0.000000 2.592351 -27.849133 0.642632 -0.032483 -0.002781 -0.000000 -0.000001 0.000003 0.000001 -0.109891 0.035598 -0.001600 -0.086065 -0.820383 -8.599065 -0.035819 0.001057 0.000000 -3.782624 -24.614846 0.234912 -0.025683 0.002448 0.000000 -2.095769 -14.330621 0.339636 -0.026731 0.002448 0.000000 -0.000000 0.000000 0.000001 -0.115267 0.008064 0.000101 -0.294214 -2.085946 -11.670895 -0.036562 0.001400 -0.000000 -2.410470 -24.146961 3.811703 -0.033090 0.000552 0.000000 -1.874301 -16.655855 -2.464462 -0.029610 0.000105 0.000000 0.000000 -0.000002 -0.000000 -0.027300 -0.033600 -0.022800 -0.000002 0.000022 0.000012 -0.035686 -0.025978 -0.023293 2.389015 1.740916 -3.319229 -0.032563 -0.021217 -0.020255 7.972550 4.941066 -10.468706 -0.022147 -0.013446 -0.013949 0.000008 0.000001 0.000012 0.089000 -0.051500 0.015400 -86.822728 -10.044055 -9.637954 -0.000000 0.002800 -0.400300 80.377823 10.768742 1.877309 -0.000000 0.034400 -0.428100 6.321529 -0.731923 -10.161435 0.000000 -0.149000 -0.088500 -0.000000 0.000002 -0.000005 -0.000000 -0.078900 -0.000000 0.000000 0.000000 -0.000000 -0.089000 -0.051500 0.015400 -85.996296 5.212348 4.929252 0.000000 0.002800 -0.400300 79.292301 4.230159 0.815657 0.000000 0.034400 -0.428100 6.631843 -9.576858 1.283425 -0.000000 -0.149000 -0.088500 -0.000000 0.000002 -0.000001 -0.000000 -0.078900 -0.000000 0.000000 -0.000000 -0.000000 
0.000000 0.000000 0.000000 -0.000000 0.000000 -0.000000 0.002794 0.331499 0.541539 0.000010 0.000000 0.000000 -0.000000 -0.034500 0.133800 0.000000 -0.000000 0.000000 0.000000 -0.015200 0.123100 10.151583 -0.226441 0.050533 -0.000000 0.004500 0.141200 10.151737 -0.198178 0.136920 -0.000000 0.035467 0.161600 -10.151519 0.235362 0.030799 -0.000000 -0.045467 0.092300 -0.000003 -0.000000 -0.000000 0.000000 -0.002685 0.082543 0.000001 0.000000 0.000000 0.018800 -0.076300 0.143100 -2.367511 1.384157 -6.167378 0.173100 0.136800 -0.017100 5.548426 10.075854 -59.555192 0.274400 0.004700 0.000000 -13.655302 -0.231739 -62.978647 0.272600 -0.004700 -0.000000 -72.878542 17.929860 -12.603756 0.113505 -0.046028 -0.002000 0.000011 -0.000019 -0.000032 0.037675 -0.006459 -0.000000 -0.000015 -0.000001 0.000024 0.027201 -0.005757 -0.000000 0.000001 0.000005 0.000045 0.023662 -0.004706 0.000000 -0.000001 -0.000001 -0.000002 0.118041 -0.020533 0.000400 -0.700356 12.216808 10.088095 0.041479 -0.001286 -0.000000 1.632217 28.320971 -4.265896 0.033079 -0.003702 0.000000 -0.000003 -0.000010 0.000078 0.032483 -0.002781 0.000000 0.000001 0.000000 -0.000001 0.109890 0.035598 -0.001600 -1.535019 25.475895 3.401835 0.035819 0.001057 0.000000 -5.984780 24.408753 -0.254311 0.025683 0.002448 0.000000 -2.095766 14.330616 -0.339738 0.026731 0.002447 0.000000 -0.000002 0.000002 -0.000002 0.115267 0.008064 0.000100 -3.722830 25.718068 11.819568 0.036562 0.001400 0.000000 -0.514118 24.178687 -3.810894 0.033091 0.000552 -0.000000 -1.874310 16.655841 2.464580 0.029609 0.000105 -0.000000 0.000000 -0.000002 0.000001 0.027300 -0.033600 -0.022800 1.784391 -6.822830 9.715050 0.035686 -0.025978 -0.023293 2.464063 -1.792705 3.273841 0.032563 -0.021217 -0.020255 7.972590 -4.941017 10.468778 0.022147 -0.013446 -0.013949 0.000008 0.000010 0.000018 -0.018800 -0.076300 0.143100 -1.755339 -1.720531 -5.728478 -0.173100 0.136800 -0.017100 10.601689 -16.415310 67.465146 -0.274400 0.004700 0.000000 -12.970023 0.220242 66.185148 -0.272600 -0.004700 -0.000000 -59.534838 11.151088 14.112112 -0.113505 -0.046028 -0.002000 -0.000018 0.000055 0.000020 -0.037675 -0.006459 0.000000 -0.000011 -0.000001 -0.000067 -0.027201 -0.005757 0.000000 0.000004 -0.000005 0.000053 -0.023662 -0.004705 0.000000 0.000000 0.000002 0.000000 -0.118041 -0.020533 0.000401 0.000023 0.000071 0.000026 -0.041479 -0.001286 0.000000 1.204794 -10.639699 0.112130 -0.033079 -0.003702 0.000000 2.592364 -27.849132 0.642680 -0.032483 -0.002781 -0.000000 -0.000000 0.000007 -0.000000 -0.109891 0.035598 -0.001600 -0.086041 -0.820400 -8.599154 -0.035819 0.001057 0.000000 -3.782581 -24.614805 0.235005 -0.025683 0.002448 0.000000 -2.095769 -14.330650 0.339733 -0.026731 0.002448 0.000000 -0.000001 -0.000000 -0.000000 -0.115267 0.008064 0.000101 -0.294221 -2.085960 -11.670826 -0.036562 0.001400 0.000000 -2.410496 -24.146904 3.811648 -0.033091 0.000552 0.000000 -1.874300 -16.655864 -2.464550 -0.029610 0.000105 0.000000 0.000000 0.000001 0.000002 -0.027300 -0.033600 -0.022800 -0.000012 0.000005 0.000027 -0.035686 -0.025978 -0.023293 2.389043 1.740919 -3.319248 -0.032563 -0.021217 -0.020255 7.972572 4.941079 -10.468751 -0.022147 -0.013447 -0.013949 0.000013 -0.000002 0.000012 0.089000 -0.051500 0.015400 -86.822728 -10.044055 -9.637954 -0.000000 0.002800 -0.400300 80.377823 10.768742 1.877309 -0.000000 0.034400 -0.428100 6.321529 -0.731923 -10.161435 0.000000 -0.149000 -0.088500 -0.000000 0.000002 -0.000005 -0.000000 -0.078900 -0.000000 0.000000 0.000000 -0.000000 -0.089000 -0.051500 0.015400 -85.974391 5.079831 4.802080 0.000000 0.002800 -0.400300 79.288394 4.491600 0.867151 -0.000000 0.034400 -0.428100 6.607098 -9.708089 1.135528 -0.000000 -0.149000 -0.088500 -0.000000 0.000002 -0.000000 -0.000000 -0.078900 -0.000000 0.000000 -0.000000 0.000000 
0.000000 0.000000 0.000000 -0.000000 0.000000 -0.000000 0.002794 0.331499 0.541539 0.000010 0.000000 0.000000 -0.000000 -0.034500 0.133800 0.000000 -0.000000 0.000000 0.000000 -0.015200 0.123100 10.248488 -0.190503 0.044667 -0.000000 0.004500 0.141200 10.248602 -0.165055 0.121024 -0.000000 0.035467 0.161600 -10.248432 0.199688 0.022498 0.000000 -0.045467 0.092300 -0.000007 0.000000 0.000000 0.000000 -0.002685 0.082543 -0.000002 0.000000 -0.000000 0.018800 -0.076300 0.143100 -2.367510 1.384158 -6.167376 0.173100 0.136800 -0.017100 6.411614 11.020266 -62.242312 0.274400 0.004700 0.000000 -13.544207 -0.229860 -58.349364 0.272600 -0.004700 0.000000 -71.787638 19.816778 -13.427300 0.113505 -0.046028 -0.002000 0.000009 -0.000021 -0.000034 0.037675 -0.006459 -0.000000 -0.000018 -0.000002 0.000027 0.027202 -0.005757 -0.000000 0.000001 0.000009 0.000044 0.023662 -0.004706 0.000000 -0.000003 -0.000001 -0.000002 0.118040 -0.020533 0.000400 -0.700334 12.216807 10.088060 0.041479 -0.001286 -0.000000 1.632172 28.320867 -4.265801 0.033079 -0.003702 -0.000000 0.000005 0.000037 -0.000023 0.032483 -0.002781 0.000000 0.000000 -0.000000 -0.000003 0.109890 0.035598 -0.001600 -1.534983 25.475805 3.401856 0.035819 0.001057 0.000000 -5.984758 24.408745 -0.254410 0.025683 0.002448 0.000000 -2.095781 14.330640 -0.339628 0.026731 0.002447 0.000000 -0.000003 0.000000 -0.000003 0.115267 0.008064 0.000100 -3.722775 25.717998 11.819472 0.036562 0.001400 0.000000 -0.514153 24.178692 -3.810840 0.033091 0.000552 -0.000000 -1.874312 16.655840 2.464543 0.029609 0.000105 -0.000000 -0.000001 -0.000000 -0.000001 0.027300 -0.033600 -0.022800 1.799211 -6.931176 9.838585 0.035686 -0.025978 -0.023293 2.463548 -1.792334 3.274142 0.032563 -0.021217 -0.020255 7.972589 -4.941020 10.468777 0.022147 -0.013446 -0.013949 0.000006 0.000005 0.000012 -0.018800 -0.076300 0.143100 -1.755341 -1.720531 -5.728484 -0.173100 0.136800 -0.017100 10.312658 -16.005239 67.352741 -0.274400 0.004700 0.000000 -12.757398 0.216739 66.270307 -0.272600 -0.004700 -0.000000 -59.507641 11.238269 14.027175 -0.113505 -0.046028 -0.002000 -0.000014 -0.000001 -0.000019 -0.037675 -0.006459 -0.000000 -0.000012 0.000001 -0.000024 -0.027201 -0.005757 0.000000 0.000003 -0.000023 0.000163 -0.023662 -0.004706 0.000000 -0.000001 -0.000000 0.000001 -0.118041 -0.020533 0.000401 0.000015 0.000008 0.000019 -0.041479 -0.001286 0.000000 1.204793 -10.639701 0.112064 -0.033079 -0.003702 0.000000 2.592400 -27.849154 0.642692 -0.032483 -0.002781 -0.000000 -0.000001 0.000015 -0.000001 -0.109891 0.035598 -0.001600 -0.086065 -0.820390 -8.599093 -0.035819 0.001057 0.000000 -3.782624 -24.614897 0.234987 -0.025683 0.002448 0.000000 -2.095784 -14.330603 0.339587 -0.026731 0.002448 0.000000 0.000000 0.000003 0.000001 -0.115267 0.008064 0.000101 -0.294216 -2.085956 -11.670900 -0.036562 0.001400 -0.000000 -2.410468 -24.146978 3.811751 -0.033091 0.000552 0.000000 -1.874317 -16.655864 -2.464511 -0.029610 0.000105 0.000000 -0.000000 -0.000000 -0.000000 -0.027300 -0.033600 -0.022800 -0.000005 -0.000006 0.000009 -0.035686 -0.025978 -0.023293 2.389023 1.740947 -3.319223 -0.032563 -0.021217 -0.020255 7.972640 4.941039 -10.468850 -0.022147 -0.013446 -0.013949 0.000009 -0.000003 0.000010 0.089000 -0.051500 0.015400 -86.822728 -10.044055 -9.637954 -0.000000 0.002800 -0.400300 80.377823 10.768742 1.877309 -0.000000 0.034400 -0.428100 6.321529 -0.731923 -10.161435 0.000000 -0.149000 -0.088500 -0.000000 0.000002 -0.000005 -0.000000 -0.078900 -0.000000 0.000000 0.000000 -0.000000 -0.089000 -0.051500 0.015400 -85.954003 4.957972 4.685202 0.000000 0.002800 -0.400300 79.284597 4.732015 0.914526 0.000000 0.034400 -0.428100 6.584009 -9.828754 0.999374 -0.000000 -0.149000 -0.088500 0.000000 0.000002 -0.000001 -0.000000 -0.078900 -0.000000 -0.000000 -0.000000 -0.000000 
0.000000 0.000000 0.000000 -0.000000 0.000000 -0.000000 0.002794 0.331499 0.541539 0.000010 0.000000 0.000000 -0.000000 -0.034500 0.133800 0.000000 -0.000000 0.000000 0.000000 -0.015200 0.123100 10.339866 -0.156638 0.039023 0.000000 0.004500 0.141200 10.339964 -0.133908 0.105825 -0.000000 0.035467 0.161600 -10.339835 0.166026 0.014723 0.000000 -0.045467 0.092300 0.000001 -0.000000 0.000000 -0.000000 -0.002685 0.082543 0.000000 0.000000 0.000000 0.018800 -0.076300 0.143100 -2.367508 1.384158 -6.167376 0.173100 0.136800 -0.017100 7.510000 12.488556 -63.875321 0.274400 0.004700 0.000000 -13.251364 -0.225004 -55.321018 0.272600 -0.004700 -0.000000 -70.604424 21.307383 -14.063245 0.113505 -0.046028 -0.002000 0.000010 -0.000023 -0.000033 0.037675 -0.006459 -0.000000 -0.000017 -0.000004 0.000026 0.027202 -0.005757 -0.000000 0.000000 0.000010 0.000047 0.023662 -0.004706 0.000000 -0.000002 -0.000001 -0.000002 0.118040 -0.020533 0.000400 -0.700333 12.216797 10.088079 0.041479 -0.001286 -0.000000 1.632189 28.320882 -4.265890 0.033078 -0.003702 0.000000 -0.000002 -0.000010 0.000067 0.032483 -0.002781 0.000000 0.000001 0.000000 -0.000003 0.109891 0.035598 -0.001600 -1.534992 25.475818 3.401827 0.035819 0.001057 0.000000 -5.984772 24.408752 -0.254340 0.025683 0.002448 0.000000 -2.095772 14.330642 -0.339644 0.026731 0.002448 0.000000 0.000000 0.000000 -0.000003 0.115267 0.008064 0.000100 -3.722793 25.718029 11.819459 0.036562 0.001400 0.000000 -0.514169 24.178663 -3.810741 0.033090 0.000552 -0.000000 -1.874290 16.655865 2.464453 0.029609 0.000105 -0.000000 0.000000 -0.000003 0.000000 0.027300 -0.033600 -0.022800 1.812245 -7.028715 9.949081 0.035686 -0.025978 -0.023293 2.463071 -1.791997 3.274422 0.032563 -0.021217 -0.020255 7.972590 -4.941016 10.468775 0.022147 -0.013446 -0.013949 0.000002 0.000006 0.000013 -0.018800 -0.076300 0.143100 -1.755339 -1.720531 -5.728484 -0.173100 0.136800 -0.017100 10.040008 -15.618512 67.240105 -0.274400 0.004700 0.000000 -12.550852 0.213292 66.366728 -0.272600 -0.004700 -0.000000 -59.488434 11.330063 13.948196 -0.113505 -0.046028 -0.002000 -0.000015 0.000014 0.000032 -0.037675 -0.006459 0.000000 -0.000013 0.000009 0.000034 -0.027201 -0.005757 0.000000 0.000000 -0.000008 -0.000045 -0.023662 -0.004706 0.000000 -0.000001 -0.000001 0.000000 -0.118041 -0.020533 0.000400 0.000024 0.000033 -0.000010 -0.041479 -0.001286 0.000000 1.204796 -10.639703 0.112176 -0.033079 -0.003702 0.000000 2.592357 -27.849161 0.642608 -0.032483 -0.002781 -0.000000 0.000001 0.000009 -0.000001 -0.109891 0.035598 -0.001600 -0.086054 -0.820399 -8.599138 -0.035819 0.001057 0.000000 -3.782590 -24.614863 0.234980 -0.025683 0.002448 0.000000 -2.095765 -14.330599 0.339669 -0.026731 0.002448 0.000000 -0.000001 -0.000007 -0.000000 -0.115267 0.008064 0.000101 -0.294223 -2.085975 -11.670880 -0.036562 0.001400 0.000000 -2.410480 -24.146939 3.811693 -0.033091 0.000552 0.000000 -1.874303 -16.655876 -2.464526 -0.029610 0.000105 0.000000 0.000000 -0.000002 0.000000 -0.027300 -0.033600 -0.022800 0.000013 0.000016 -0.000014 -0.035686 -0.025978 -0.023293 2.388986 1.740936 -3.319186 -0.032563 -0.021217 -0.020255 7.972614 4.941057 -10.468809 -0.022147 -0.013447 -0.013949 0.000013 -0.000001 0.000008 0.089000 -0.051500 0.015400 -86.822728 -10.044055 -9.637954 -0.000000 0.002800 -0.400300 80.377823 10.768742 1.877309 -0.000000 0.034400 -0.428100 6.321529 -0.731923 -10.161435 0.000000 -0.149000 -0.088500 -0.000000 0.000002 -0.000005 -0.000000 -0.078900 -0.000000 0.000000 0.000000 -0.000000 -0.089000 -0.051500 0.015400 -85.935275 4.847552 4.579343 -0.000000 0.002800 -0.400300 79.280977 4.949875 0.957496 0.000000 0.034400 -0.428100 6.562862 -9.938084 0.875865 -0.000000 -0.149000 -0.088500 0.000001 0.000002 -0.000000 -0.000000 -0.078900 -0.000000 0.000000 0.000000 0.000000 
0.000000 0.000000 0.000000 -0.000000 0.000000 -0.000000 0.002794 0.331499 0.541539 0.000010 0.000000 0.000000 -0.000000 -0.034500 0.133800 0.000000 -0.000000 0.000000 0.000000 -0.015200 0.123100 10.424195 -0.125423 0.033721 0.000000 0.004500 0.141200 10.424259 -0.105253 0.091624 -0.000000 0.035467 0.161600 -10.424164 0.134957 0.007596 -0.000000 -0.045467 0.092300 -0.000000 -0.000000 0.000000 0.000000 -0.002685 0.082543 -0.000000 -0.000000 -0.000000 0.018800 -0.076300 0.143100 -2.367510 1.384158 -6.167377 0.173100 0.136800 -0.017100 8.827850 14.566401 -64.223859 0.274400 0.004700 0.000000 -12.663592 -0.215176 -54.446822 0.272600 -0.004700 0.000000 -69.361787 22.116451 -14.392974 0.113505 -0.046028 -0.002000 0.000010 -0.000019 -0.000035 0.037675 -0.006459 -0.000000 -0.000015 -0.000002 0.000023 0.027202 -0.005757 -0.000000 0.000000 0.000005 0.000044 0.023662 -0.004706 0.000000 -0.000000 0.000001 0.000003 0.118041 -0.020533 0.000400 -0.700332 12.216805 10.088070 0.041479 -0.001286 -0.000000 1.632178 28.320852 -4.265805 0.033079 -0.003702 -0.000000 0.000007 0.000037 0.000009 0.032483 -0.002781 -0.000000 0.000000 -0.000000 -0.000002 0.109890 0.035597 -0.001600 -1.534990 25.475847 3.401807 0.035819 0.001057 0.000000 -5.984778 24.408723 -0.254335 0.025683 0.002448 0.000000 -2.095775 14.330616 -0.339662 0.026731 0.002448 0.000000 -0.000001 0.000001 -0.000005 0.115267 0.008064 0.000100 -3.722794 25.718044 11.819501 0.036562 0.001400 0.000000 -0.514146 24.178634 -3.810789 0.033090 0.000552 0.000000 -1.874290 16.655889 2.464430 0.029609 0.000105 -0.000000 -0.000001 -0.000001 -0.000001 0.027300 -0.033600 -0.022800 1.823491 -7.114873 10.046098 0.035686 -0.025978 -0.023293 2.462632 -1.791719 3.274705 0.032563 -0.021217 -0.020255 7.972585 -4.941019 10.468773 0.022147 -0.013446 -0.013949 0.000009 0.000011 0.000015 -0.018800 -0.076300 0.143100 -1.755337 -1.720531 -5.728479 -0.173100 0.136800 -0.017100 9.788406 -15.261416 67.131143 -0.274400 0.004700 -0.000000 -12.355764 0.209979 66.468594 -0.272600 -0.004700 -0.000000 -59.476092 11.422610 13.876346 -0.113505 -0.046028 -0.002000 -0.000018 0.000064 0.000029 -0.037675 -0.006459 -0.000000 -0.000010 -0.000005 0.000061 -0.027201 -0.005757 0.000000 0.000003 0.000001 0.000006 -0.023662 -0.004705 0.000000 -0.000000 0.000000 0.000000 -0.118041 -0.020533 0.000401 0.000016 0.000086 -0.000009 -0.041479 -0.001286 0.000000 1.204800 -10.639699 0.112158 -0.033079 -0.003702 0.000000 2.592365 -27.849125 0.642668 -0.032483 -0.002781 -0.000000 -0.000001 0.000008 -0.000001 -0.109891 0.035598 -0.001600 -0.086057 -0.820421 -8.599137 -0.035819 0.001057 0.000000 -3.782581 -24.614789 0.235036 -0.025683 0.002448 0.000000 -2.095780 -14.330601 0.339645 -0.026731 0.002448 0.000000 -0.000001 0.000004 -0.000000 -0.115267 0.008064 0.000101 -0.294244 -2.086054 -11.670924 -0.036562 0.001400 0.000000 -2.410460 -24.146797 3.811796 -0.033090 0.000552 0.000000 -1.874314 -16.655872 -2.464616 -0.029610 0.000105 0.000000 0.000000 0.000002 -0.000000 -0.027300 -0.033600 -0.022800 -0.000013 0.000003 0.000033 -0.035686 -0.025978 -0.023293 2.389003 1.740921 -3.319194 -0.032563 -0.021217 -0.020255 7.972616 4.941068 -10.468810 -0.022147 -0.013446 -0.013949 0.000008 -0.000002 0.000010 0.089000 -0.051500 0.015400 -86.822728 -10.044055 -9.637954 -0.000000 0.002800 -0.400300 80.377823 10.768742 1.877309 -0.000000 0.034400 -0.428100 6.321529 -0.731923 -10.161435 0.000000 -0.149000 -0.088500 -0.000000 0.000002 -0.000005 -0.000000 -0.078900 -0.000000 0.000000 0.000000 -0.000000 -0.089000 -0.051500 0.015400 -85.918411 4.749329 4.485222 -0.000000 0.002800 -0.400300 79.277630 5.143658 0.995740 0.000000 0.034400 -0.428100 6.543796 -10.035331 0.765897 -0.000000 -0.149000 -0.088500 0.000000 0.000002 -0.000001 -0.000000 -0.078900 -0.000000 0.000000 0.000000 -0.000000 
0.000000 0.000000 0.000000 -0.000000 0.000000 -0.000000 0.002794 0.331499 0.541539 0.000010 0.000000 0.000000 -0.000000 -0.034500 0.133800 0.000000 -0.000000 0.000000 0.000000 -0.015200 0.123100 10.499858 -0.097434 0.028886 -0.000000 0.004500 0.141200 10.499928 -0.079603 0.078734 -0.000000 0.035467 0.161600 -10.499830 0.107064 0.001240 -0.000000 -0.045467 0.092300 0.000002 0.000000 0.000000 0.000000 -0.002685 0.082543 -0.000000 0.000000 -0.000000 0.018800 -0.076300 0.143100 -2.367511 1.384157 -6.167376 0.173100 0.136800 -0.017100 10.242109 17.041991 -63.733875 0.274400 0.004700 0.000000 -11.849392 -0.201526 -55.055317 0.272600 -0.004700 -0.000000 -68.086877 22.422244 -14.483980 0.113505 -0.046028 -0.002000 0.000012 -0.000019 -0.000031 0.037675 -0.006459 -0.000000 -0.000015 -0.000002 0.000025 0.027202 -0.005757 -0.000000 0.000001 0.000008 0.000045 0.023662 -0.004706 0.000000 -0.000002 0.000002 0.000001 0.118041 -0.020533 0.000400 -0.700352 12.216787 10.088095 0.041479 -0.001286 -0.000000 1.632211 28.320927 -4.265822 0.033079 -0.003702 0.000000 -0.000005 -0.000010 0.000008 0.032483 -0.002781 0.000000 0.000000 -0.000000 -0.000001 0.109891 0.035598 -0.001600 -1.535019 25.475876 3.401852 0.035819 0.001057 0.000000 -5.984770 24.408745 -0.254405 0.025683 0.002448 0.000000 -2.095778 14.330603 -0.339646 0.026731 0.002447 0.000000 -0.000001 0.000002 -0.000004 0.115267 0.008064 0.000100 -3.722845 25.718051 11.819554 0.036562 0.001400 0.000000 -0.514115 24.178690 -3.810866 0.033090 0.000552 -0.000000 -1.874307 16.655826 2.464540 0.029609 0.000105 -0.000000 -0.000001 0.000000 0.000001 0.027300 -0.033600 -0.022800 1.832980 -7.189269 10.129353 0.035686 -0.025978 -0.023293 2.462274 -1.791449 3.274932 0.032563 -0.021217 -0.020255 7.972587 -4.941019 10.468773 0.022147 -0.013446 -0.013949 0.000003 0.000007 0.000015 -0.018800 -0.076300 0.143100 -1.755340 -1.720531 -5.728481 -0.173100 0.136800 -0.017100 9.562611 -14.940667 67.029332 -0.274400 0.004700 0.000000 -12.177152 0.207018 66.570254 -0.272600 -0.004700 -0.000000 -59.469337 11.511931 13.812687 -0.113505 -0.046028 -0.002000 -0.000015 0.000009 0.000035 -0.037675 -0.006459 0.000000 -0.000012 -0.000001 0.000004 -0.027201 -0.005757 0.000000 0.000004 -0.000015 -0.000020 -0.023662 -0.004705 0.000000 0.000001 0.000003 0.000001 -0.118041 -0.020533 0.000401 0.000017 0.000007 0.000005 -0.041479 -0.001286 0.000000 1.204796 -10.639714 0.112077 -0.033079 -0.003702 0.000000 2.592397 -27.849154 0.642683 -0.032483 -0.002781 -0.000000 0.000001 0.000008 0.000000 -0.109891 0.035598 -0.001600 -0.086076 -0.820396 -8.599133 -0.035819 0.001057 0.000000 -3.782595 -24.614866 0.234978 -0.025683 0.002448 0.000000 -2.095770 -14.330652 0.339698 -0.026731 0.002448 0.000000 -0.000001 0.000003 0.000000 -0.115267 0.008064 0.000101 -0.294216 -2.085980 -11.670847 -0.036562 0.001400 -0.000000 -2.410495 -24.146954 3.811683 -0.033090 0.000552 0.000000 -1.874314 -16.655876 -2.464516 -0.029610 0.000105 0.000000 0.000000 0.000002 -0.000000 -0.027300 -0.033600 -0.022800 -0.000020 0.000020 0.000022 -0.035686 -0.025978 -0.023293 2.389006 1.740933 -3.319201 -0.032563 -0.021217 -0.020255 7.972620 4.941049 -10.468809 -0.022147 -0.013447 -0.013949 0.000011 -0.000002 0.000012 0.089000 -0.051500 0.015400 -86.822728 -10.044055 -9.637954 -0.000000 0.002800 -0.400300 80.377823 10.768742 1.877309 -0.000000 0.034400 -0.428100 6.321529 -0.731923 -10.161435 0.000000 -0.149000 -0.088500 -0.000000 0.000002 -0.000005 -0.000000 -0.078900 -0.000000 0.000000 0.000000 -0.000000 -0.089000 -0.051500 0.015400 -85.903624 4.664093 4.403580 0.000000 0.002800 -0.400300 79.274556 5.311833 1.028948 0.000000 0.034400 -0.428100 6.527107 -10.119712 0.670385 -0.000000 -0.149000 -0.088500 -0.000000 0.000002 -0.000001 -0.000000 -0.078900 -0.000000 -0.000000 -0.000000 -0.000000 
0.000000 0.000000 0.000000 -0.000000 0.000000 -0.000000 0.002794 0.331499 0.541539 0.000010 0.000000 0.000000 -0.000000 -0.034500 0.133800 0.000000 -0.000000 0.000000 0.000000 -0.015200 0.123100 10.565285 -0.073245 0.024646 -0.000000 0.004500 0.141200 10.565325 -0.057471 0.067475 -0.000000 0.035467 0.161600 -10.565282 0.082932 -0.004228 0.000000 -0.045467 0.092300 0.000001 0.000000 0.000000 -0.000000 -0.002685 0.082543 0.000001 0.000000 -0.000000 0.018800 -0.076300 0.143100 -2.367508 1.384157 -6.167384 0.173100 0.136800 -0.017100 11.616987 19.705278 -62.679348 0.274400 0.004700 0.000000 -10.892696 -0.185472 -56.618197 0.272600 -0.004700 0.000000 -66.831277 22.421551 -14.392612 0.113505 -0.046028 -0.002000 0.000011 -0.000019 -0.000030 0.037675 -0.006459 -0.000000 -0.000016 -0.000005 0.000020 0.027202 -0.005757 0.000000 -0.000000 0.000005 0.000046 0.023662 -0.004705 0.000000 0.000001 0.000002 0.000003 0.118041 -0.020533 0.000400 -0.700337 12.216820 10.088114 0.041478 -0.001286 0.000000 1.632212 28.320927 -4.265914 0.033078 -0.003702 0.000000 0.000006 -0.000000 0.000046 0.032483 -0.002781 0.000000 0.000000 0.000000 0.000001 0.109890 0.035598 -0.001600 -1.535017 25.475870 3.401843 0.035819 0.001057 0.000000 -5.984777 24.408781 -0.254417 0.025683 0.002448 0.000000 -2.095786 14.330609 -0.339630 0.026731 0.002448 0.000000 -0.000001 -0.000004 -0.000001 0.115267 0.008064 0.000100 -3.722821 25.718058 11.819528 0.036562 0.001400 0.000000 -0.514134 24.178690 -3.810884 0.033090 0.000552 0.000000 -1.874313 16.655843 2.464524 0.029609 0.000105 -0.000000 0.000001 0.000001 -0.000003 0.027300 -0.033600 -0.022800 1.840683 -7.251253 10.198316 0.035686 -0.025979 -0.023293 2.461949 -1.791244 3.275088 0.032563 -0.021217 -0.020255 7.972590 -4.941022 10.468774 0.022147 -0.013446 -0.013949 0.000001 0.000006 0.000019 -0.018800 -0.076300 0.143100 -1.755339 -1.720531 -5.728478 -0.173100 0.136800 -0.017100 9.367358 -14.662943 66.938361 -0.274400 0.004700 0.000000 -12.020133 0.204391 66.665986 -0.272600 -0.004700 -0.000000 -59.466687 11.593991 13.758258 -0.113505 -0.046028 -0.002000 -0.000013 0.000034 0.000036 -0.037675 -0.006459 -0.000000 -0.000014 -0.000001 -0.000060 -0.027202 -0.005757 0.000000 0.000002 -0.000007 0.000038 -0.023662 -0.004705 0.000000 0.000002 -0.000000 0.000001 -0.118041 -0.020533 0.000401 0.000012 0.000052 -0.000010 -0.041479 -0.001286 0.000000 1.204801 -10.639737 0.112118 -0.033078 -0.003702 0.000000 2.592389 -27.849161 0.642629 -0.032483 -0.002781 -0.000000 -0.000001 0.000011 -0.000001 -0.109891 0.035598 -0.001600 -0.086069 -0.820443 -8.599114 -0.035819 0.001057 0.000000 -3.782594 -24.614812 0.234935 -0.025683 0.002448 0.000000 -2.095761 -14.330604 0.339685 -0.026731 0.002448 0.000000 -0.000000 -0.000001 -0.000000 -0.115267 0.008064 0.000101 -0.294221 -2.086020 -11.670854 -0.036562 0.001400 -0.000000 -2.410485 -24.146886 3.811628 -0.033091 0.000552 0.000000 -1.874287 -16.655826 -2.464456 -0.029610 0.000105 0.000000 -0.000000 0.000000 0.000001 -0.027300 -0.033600 -0.022800 -0.000002 -0.000000 0.000009 -0.035686 -0.025978 -0.023293 2.389022 1.740928 -3.319218 -0.032563 -0.021217 -0.020255 7.972565 4.941066 -10.468725 -0.022147 -0.013447 -0.013949 0.000013 -0.000004 0.000009 0.089000 -0.051500 0.015400 -86.822728 -10.044055 -9.637954 -0.000000 0.002800 -0.400300 80.377823 10.768742 1.877309 -0.000000 0.034400 -0.428100 6.321529 -0.731923 -10.161435 0.000000 -0.149000 -0.088500 -0.000000 0.000002 -0.000005 -0.000000 -0.078900 -0.000000 0.000000 0.000000 -0.000000 -0.089000 -0.051500 0.015400 -85.891131 4.592611 4.335135 0.000000 0.002800 -0.400300 79.271947 5.452874 1.056815 0.000000 0.034400 -0.428100 6.512997 -10.190479 0.590231 -0.000000 -0.149000 -0.088500 -0.000002 0.000002 -0.000001 -0.000000 -0.078900 -0.000000 -0.000000 -0.000000 -0.000000 
0.000000 0.000000 0.000000 -0.000000 0.000000 -0.000000 0.002794 0.331499 0.541539 0.000010 0.000000 0.000000 -0.000000 -0.034500 0.133800 0.000000 -0.000000 0.000000 0.000000 -0.015200 0.123100 10.618911 -0.053431 0.021129 -0.000000 0.004500 0.141200 10.618954 -0.039365 0.058170 -0.000000 0.035467 0.161600 -10.618895 0.063146 -0.008690 0.000000 -0.045467 0.092300 0.000001 -0.000000 -0.000000 -0.000000 -0.002685 0.082543 0.000000 -0.000000 -0.000000 0.018800 -0.076300 0.143100 -2.367508 1.384158 -6.167381 0.173100 0.136800 -0.017100 12.825234 22.289783 -61.371599 0.274400 0.004700 0.000000 -9.916153 -0.169032 -58.552432 0.272600 -0.004700 0.000000 -65.660821 22.309947 -14.202128 0.113505 -0.046028 -0.002000 0.000013 -0.000019 -0.000032 0.037675 -0.006459 -0.000000 -0.000017 -0.000002 0.000022 0.027202 -0.005757 -0.000000 -0.000000 0.000006 0.000044 0.023662 -0.004706 0.000000 0.000001 -0.000003 -0.000001 0.118041 -0.020533 0.000400 -0.700332 12.216827 10.088053 0.041479 -0.001286 0.000000 1.632175 28.320908 -4.265856 0.033078 -0.003702 -0.000000 -0.000006 0.000001 0.000061 0.032483 -0.002781 0.000000 0.000003 -0.000000 -0.000001 0.109891 0.035598 -0.001600 -1.535018 25.475878 3.401860 0.035819 0.001057 0.000000 -5.984756 24.408736 -0.254351 0.025683 0.002448 0.000000 -2.095767 14.330613 -0.339712 0.026731 0.002448 0.000000 -0.000001 0.000000 -0.000005 0.115267 0.008064 0.000100 -3.722816 25.718053 11.819515 0.036562 0.001400 0.000000 -0.514137 24.178692 -3.810789 0.033091 0.000552 -0.000000 -1.874293 16.655848 2.464514 0.029609 0.000105 -0.000000 -0.000001 -0.000001 -0.000003 0.027300 -0.033600 -0.022800 1.846615 -7.300397 10.252663 0.035686 -0.025978 -0.023294 2.461733 -1.791080 3.275216 0.032563 -0.021217 -0.020255 7.972589 -4.941010 10.468773 0.022147 -0.013446 -0.013949 -0.000000 0.000008 0.000011 -0.018800 -0.076300 0.143100 -1.755337 -1.720531 -5.728481 -0.173100 0.136800 -0.017100 9.207317 -14.435514 66.860141 -0.274400 0.004700 0.000000 -11.889037 0.202193 66.753010 -0.272600 -0.004700 0.000000 -59.466803 11.665996 13.713449 -0.113505 -0.046028 -0.002000 -0.000003 0.000001 0.000043 -0.037675 -0.006459 -0.000000 -0.000016 0.000010 -0.000073 -0.027202 -0.005757 0.000000 0.000006 -0.000020 0.000086 -0.023662 -0.004705 0.000000 0.000000 -0.000002 0.000000 -0.118041 -0.020533 0.000401 -0.000006 -0.000013 0.000012 -0.041479 -0.001286 0.000000 1.204796 -10.639735 0.112080 -0.033079 -0.003702 0.000000 2.592393 -27.849149 0.642726 -0.032483 -0.002781 -0.000000 -0.000000 0.000005 -0.000000 -0.109891 0.035598 -0.001600 -0.086071 -0.820381 -8.599113 -0.035819 0.001057 0.000000 -3.782616 -24.614929 0.234970 -0.025683 0.002448 0.000000 -2.095776 -14.330656 0.339689 -0.026731 0.002448 0.000000 -0.000000 0.000002 -0.000000 -0.115267 0.008064 0.000101 -0.294204 -2.085926 -11.670910 -0.036562 0.001400 0.000000 -2.410466 -24.147036 3.811730 -0.033091 0.000552 0.000000 -1.874305 -16.655853 -2.464475 -0.029610 0.000105 0.000000 -0.000000 -0.000003 -0.000000 -0.027300 -0.033600 -0.022800 -0.000004 0.000018 -0.000002 -0.035686 -0.025978 -0.023293 2.388979 1.740934 -3.319160 -0.032563 -0.021217 -0.020255 7.972687 4.941033 -10.468907 -0.022147 -0.013447 -0.013949 0.000009 -0.000000 0.000010 0.089000 -0.051500 0.015400 -86.822728 -10.044055 -9.637954 -0.000000 0.002800 -0.400300 80.377823 10.768742 1.877309 -0.000000 0.034400 -0.428100 6.321529 -0.731923 -10.161435 0.000000 -0.149000 -0.088500 -0.000000 0.000002 -0.000005 -0.000000 -0.078900 -0.000000 0.000000 0.000000 -0.000000 -0.089000 -0.051500 0.015400 -85.881084 4.535660 4.280618 0.000000 0.002800 -0.400300 79.269809 5.565238 1.079022 0.000000 0.034400 -0.428100 6.501655 -10.246856 0.526329 -0.000000 -0.149000 -0.088500 -0.000002 0.000002 -0.000001 -0.000000 -0.078900 -0.000000 -0.000000 -0.000000 -0.000000 
0.000000 0.000000 0.000000 -0.000000 0.000000 -0.000000 0.002794 0.331499 0.541539 0.000010 0.000000 0.000000 -0.000000 -0.034500 0.133800 0.000000 -0.000000 0.000000 0.000000 -0.015200 0.123100 10.659175 -0.038565 0.018465 -0.000000 0.004500 0.141200 10.659193 -0.025795 0.051140 -0.000000 0.035467 0.161600 -10.659170 0.048291 -0.012027 0.000000 -0.045467 0.092300 0.000004 0.000000 0.000000 0.000000 -0.002685 0.082543 -0.000002 0.000000 0.000000 0.018800 -0.076300 0.143100 -2.367509 1.384158 -6.167385 0.173100 0.136800 -0.017100 13.767158 24.510137 -60.091096 0.274400 0.004700 0.000000 -9.049536 -0.154405 -60.395272 0.272600 -0.004700 0.000000 -64.671154 22.193863 -13.986037 0.113505 -0.046028 -0.002000 0.000012 -0.000018 -0.000032 0.037675 -0.006459 -0.000000 -0.000016 -0.000003 0.000025 0.027201 -0.005757 -0.000000 -0.000000 0.000005 0.000044 0.023662 -0.004706 0.000000 -0.000000 -0.000001 0.000002 0.118041 -0.020533 0.000400 -0.700328 12.216780 10.088062 0.041479 -0.001286 -0.000000 1.632186 28.320886 -4.265790 0.033079 -0.003702 -0.000000 0.000004 0.000010 -0.000058 0.032483 -0.002781 0.000000 0.000002 0.000000 -0.000004 0.109891 0.035598 -0.001600 -1.534974 25.475822 3.401808 0.035819 0.001057 0.000000 -5.984786 24.408738 -0.254342 0.025683 0.002448 0.000000 -2.095776 14.330647 -0.339623 0.026731 0.002447 0.000000 0.000000 -0.000000 -0.000005 0.115267 0.008064 0.000100 -3.722777 25.718020 11.819447 0.036562 0.001400 0.000000 -0.514171 24.178706 -3.810812 0.033091 0.000552 0.000000 -1.874307 16.655795 2.464580 0.029609 0.000105 -0.000000 0.000001 0.000002 -0.000001 0.027300 -0.033600 -0.022800 1.850824 -7.336141 10.291954 0.035686 -0.025978 -0.023293 2.461592 -1.790989 3.275337 0.032563 -0.021217 -0.020255 7.972586 -4.941016 10.468778 0.022147 -0.013446 -0.013949 0.000001 0.000004 0.000013 -0.018800 -0.076300 0.143100 -1.755337 -1.720531 -5.728484 -0.173100 0.136800 -0.017100 9.087181 -14.264744 66.799728 -0.274400 0.004700 0.000000 -11.789279 0.200524 66.822452 -0.272600 -0.004700 -0.000000 -59.468347 11.722565 13.680019 -0.113505 -0.046028 -0.002000 -0.000014 0.000001 0.000003 -0.037675 -0.006459 -0.000000 -0.000011 -0.000010 -0.000038 -0.027201 -0.005757 0.000000 0.000002 0.000002 -0.000067 -0.023662 -0.004705 0.000000 -0.000001 0.000001 0.000000 -0.118041 -0.020533 0.000401 0.000016 0.000017 -0.000009 -0.041479 -0.001286 0.000000 1.204805 -10.639740 0.112149 -0.033079 -0.003702 0.000000 2.592369 -27.849123 0.642684 -0.032483 -0.002781 -0.000000 0.000000 0.000006 -0.000000 -0.109891 0.035598 -0.001600 -0.086087 -0.820416 -8.599087 -0.035819 0.001057 0.000000 -3.782619 -24.614861 0.234917 -0.025683 0.002448 0.000000 -2.095764 -14.330603 0.339714 -0.026731 0.002448 0.000000 -0.000001 -0.000002 0.000001 -0.115267 0.008064 0.000101 -0.294210 -2.085975 -11.670900 -0.036562 0.001400 0.000000 -2.410464 -24.146942 3.811692 -0.033091 0.000552 0.000000 -1.874295 -16.655889 -2.464444 -0.029610 0.000105 0.000000 -0.000000 -0.000001 0.000000 -0.027300 -0.033600 -0.022800 0.000004 0.000004 0.000001 -0.035686 -0.025978 -0.023293 2.389000 1.740917 -3.319197 -0.032563 -0.021217 -0.020255 7.972618 4.941056 -10.468808 -0.022147 -0.013447 -0.013949 0.000013 0.000002 0.000012 0.089000 -0.051500 0.015400 -86.822728 -10.044055 -9.637954 -0.000000 0.002800 -0.400300 80.377823 10.768742 1.877309 -0.000000 0.034400 -0.428100 6.321529 -0.731923 -10.161435 0.000000 -0.149000 -0.088500 -0.000000 0.000002 -0.000005 -0.000000 -0.078900 -0.000000 0.000000 0.000000 -0.000000 -0.089000 -0.051500 0.015400 -85.873735 4.494015 4.240765 0.000000 0.002800 -0.400300 79.268259 5.647407 1.095265 -0.000000 0.034400 -0.428100 6.493328 -10.288077 0.479579 -0.000000 -0.149000 -0.088500 -0.000000 0.000002 -0.000001 -0.000000 -0.078900 -0.000000 0.000000 0.000000 0.000000 
0.000000 0.000000 0.000000 -0.000000 0.000000 -0.000000 0.002794 0.331499 0.541539 0.000010 0.000000 0.000000 -0.000000 -0.034500 0.133800 0.000000 -0.000000 0.000000 0.000000 -0.015200 0.123100 10.684481 -0.029223 0.016780 -0.000000 0.004500 0.141200 10.684493 -0.017274 0.046700 -0.000000 0.035467 0.161600 -10.684473 0.038950 -0.014120 0.000000 -0.045467 0.092300 -0.000000 0.000000 -0.000000 -0.000000 -0.002685 0.082543 -0.000001 0.000000 -0.000000 0.018800 -0.076300 0.143100 -2.367512 1.384157 -6.167385 0.173100 0.136800 -0.017100 14.369615 26.077396 -59.085624 0.274400 0.004700 -0.000000 -8.417888 -0.143689 -61.818239 0.272600 -0.004700 0.000000 -63.986763 22.088483 -13.797224 0.113505 -0.046028 -0.002000 0.000011 -0.000019 -0.000033 0.037675 -0.006459 0.000000 -0.000017 0.000000 0.000024 0.027202 -0.005757 -0.000000 -0.000001 0.000004 0.000042 0.023662 -0.004706 0.000000 0.000002 -0.000002 0.000001 0.118041 -0.020533 0.000400 -0.700333 12.216797 10.088089 0.041478 -0.001286 -0.000000 1.632207 28.320905 -4.265872 0.033079 -0.003703 -0.000000 -0.000005 -0.000020 0.000044 0.032483 -0.002781 0.000000 0.000000 0.000000 -0.000005 0.109890 0.035598 -0.001600 -1.534991 25.475844 3.401843 0.035819 0.001057 0.000000 -5.984766 24.408735 -0.254351 0.025683 0.002448 0.000000 -2.095773 14.330649 -0.339716 0.026731 0.002447 0.000000 -0.000001 -0.000001 -0.000007 0.115267 0.008064 0.000100 -3.722827 25.718034 11.819536 0.036562 0.001400 0.000000 -0.514120 24.178675 -3.810814 0.033090 0.000552 0.000000 -1.874290 16.655847 2.464465 0.029609 0.000105 -0.000000 0.000001 0.000001 0.000000 0.027300 -0.033600 -0.022800 1.853330 -7.357986 10.315861 0.035686 -0.025978 -0.023294 2.461513 -1.790932 3.275376 0.032563 -0.021217 -0.020255 7.972586 -4.941022 10.468777 0.022147 -0.013446 -0.013949 0.000001 0.000003 0.000015 -0.018800 -0.076300 0.143100 -1.755340 -1.720531 -5.728481 -0.173100 0.136800 -0.017100 9.011646 -14.157422 66.760762 -0.274400 0.004700 0.000000 -11.725733 0.199458 66.868317 -0.272600 -0.004700 -0.000000 -59.470020 11.759392 13.659151 -0.113505 -0.046028 -0.002000 -0.000011 0.000012 0.000012 -0.037675 -0.006459 -0.000000 -0.000013 -0.000010 0.000034 -0.027201 -0.005757 0.000000 0.000002 -0.000006 0.000032 -0.023662 -0.004705 0.000000 0.000001 0.000003 -0.000001 -0.118041 -0.020533 0.000401 0.000013 0.000029 -0.000004 -0.041479 -0.001286 0.000000 1.204798 -10.639714 0.112093 -0.033079 -0.003702 0.000000 2.592400 -27.849155 0.642730 -0.032483 -0.002781 -0.000000 -0.000001 0.000009 -0.000001 -0.109891 0.035598 -0.001600 -0.086102 -0.820456 -8.599183 -0.035819 0.001057 0.000000 -3.782566 -24.614834 0.234995 -0.025683 0.002448 0.000000 -2.095763 -14.330652 0.339715 -0.026731 0.002448 0.000000 0.000000 0.000001 0.000001 -0.115267 0.008064 0.000101 -0.294232 -2.086010 -11.670924 -0.036562 0.001400 0.000000 -2.410459 -24.146894 3.811794 -0.033090 0.000552 0.000000 -1.874321 -16.655891 -2.464625 -0.029610 0.000105 0.000000 -0.000000 -0.000003 0.000000 -0.027300 -0.033600 -0.022800 -0.000022 0.000006 0.000027 -0.035686 -0.025978 -0.023293 2.389055 1.740919 -3.319273 -0.032563 -0.021217 -0.020255 7.972642 4.941049 -10.468849 -0.022147 -0.013447 -0.013949 0.000008 -0.000001 0.000011 0.089000 -0.051500 0.015400 -86.822728 -10.044055 -9.637954 -0.000000 0.002800 -0.400300 80.377823 10.768742 1.877309 -0.000000 0.034400 -0.428100 6.321529 -0.731923 -10.161435 0.000000 -0.149000 -0.088500 -0.000000 0.000002 -0.000005 -0.000000 -0.078900 -0.000000 0.000000 0.000000 -0.000000 -0.089000 -0.051500 0.015400 -85.869186 4.468455 4.216310 0.000000 0.002800 -0.400300 79.267234 5.697837 1.105246 -0.000000 0.034400 -0.428100 6.488236 -10.313379 0.450878 -0.000000 -0.149000 -0.088500 -0.000002 0.000002 -0.000001 -0.000000 -0.078900 -0.000000 0.000000 -0.000000 -0.000000 
0.000000 0.000000 0.000000 -0.000000 0.000000 -0.000000 0.002794 0.331499 0.541539 0.000010 0.000000 0.000000 -0.000000 -0.034500 0.133800 0.000000 -0.000000 0.000000 0.000000 -0.015200 0.123100 10.693258 -0.025980 0.016193 -0.000000 0.004500 0.141200 10.693284 -0.014317 0.045155 -0.000000 0.035467 0.161600 -10.693251 0.035707 -0.014846 0.000000 -0.045467 0.092300 0.000001 -0.000000 -0.000000 -0.000000 -0.002685 0.082543 -0.000001 0.000000 -0.000000 0.018800 -0.076300 0.143100 -2.367511 1.384157 -6.167372 0.173100 0.136800 -0.017100 14.582582 26.667372 -58.686570 0.274400 0.004700 -0.000000 -8.176630 -0.139601 -62.374080 0.272600 -0.004700 0.000000 -63.729968 22.048021 -13.720020 0.113505 -0.046028 -0.002000 0.000007 -0.000017 -0.000034 0.037675 -0.006459 -0.000000 -0.000015 -0.000001 0.000026 0.027202 -0.005757 0.000000 0.000003 0.000003 0.000047 0.023662 -0.004705 0.000000 0.000001 0.000001 -0.000000 0.118040 -0.020533 0.000400 -0.700336 12.216788 10.088109 0.041479 -0.001286 -0.000000 1.632217 28.320893 -4.265921 0.033079 -0.003702 0.000000 0.000002 -0.000010 0.000063 0.032483 -0.002781 -0.000000 -0.000002 -0.000000 -0.000001 0.109890 0.035598 -0.001600 -1.534998 25.475837 3.401844 0.035819 0.001057 0.000000 -5.984766 24.408731 -0.254357 0.025683 0.002448 0.000000 -2.095761 14.330618 -0.339727 0.026731 0.002448 -0.000000 -0.000002 -0.000002 -0.000003 0.115267 0.008064 0.000100 -3.722799 25.718044 11.819476 0.036562 0.001400 0.000000 -0.514160 24.178661 -3.810855 0.033091 0.000552 0.000000 -1.874321 16.655812 2.464566 0.029609 0.000105 -0.000000 0.000000 -0.000000 0.000000 0.027300 -0.033600 -0.022800 1.854144 -7.365360 10.323907 0.035686 -0.025978 -0.023293 2.461486 -1.790924 3.275365 0.032563 -0.021217 -0.020255 7.972590 -4.941017 10.468774 0.022147 -0.013446 -0.013949 0.000003 0.000000 0.000016 -0.018800 -0.076300 0.143100 -1.755342 -1.720531 -5.728481 -0.173100 0.136800 -0.017100 8.985388 -14.120164 66.746869 -0.274400 0.004700 0.000000 -11.703416 0.199128 66.885030 -0.272600 -0.004700 -0.000000 -59.470860 11.772624 13.651867 -0.113505 -0.046028 -0.002000 -0.000018 0.000042 0.000023 -0.037675 -0.006459 -0.000000 -0.000013 -0.000000 -0.000062 -0.027201 -0.005756 0.000000 -0.000001 0.000003 0.000009 -0.023662 -0.004705 0.000000 0.000000 -0.000001 0.000002 -0.118041 -0.020533 0.000401 0.000012 0.000058 -0.000015 -0.041479 -0.001286 0.000000 1.204800 -10.639702 0.112121 -0.033079 -0.003702 0.000000 2.592396 -27.849152 0.642688 -0.032483 -0.002781 -0.000000 0.000000 0.000002 0.000001 -0.109891 0.035598 -0.001600 -0.086087 -0.820513 -8.599131 -0.035819 0.001057 0.000000 -3.782580 -24.614742 0.234975 -0.025683 0.002448 0.000000 -2.095764 -14.330606 0.339632 -0.026731 0.002448 0.000000 -0.000000 -0.000001 -0.000000 -0.115267 0.008064 0.000101 -0.294237 -2.086053 -11.670849 -0.036562 0.001400 0.000000 -2.410489 -24.146824 3.811631 -0.033091 0.000552 0.000000 -1.874292 -16.655865 -2.464451 -0.029609 0.000105 0.000000 0.000000 0.000003 0.000000 -0.027300 -0.033600 -0.022800 -0.000018 0.000019 0.000029 -0.035686 -0.025978 -0.023293 2.389048 1.740921 -3.319273 -0.032563 -0.021217 -0.020255 7.972601 4.941070 -10.468796 -0.022147 -0.013447 -0.013949 0.000011 0.000001 0.000011 0.089000 -0.051500 0.015400 -86.822728 -10.044055 -9.637954 -0.000000 0.002800 -0.400300 80.377823 10.768742 1.877309 -0.000000 0.034400 -0.428100 6.321529 -0.731923 -10.161435 0.000000 -0.149000 -0.088500 -0.000000 0.000002 -0.000005 -0.000000 -0.078900 -0.000000 0.000000 0.000000 -0.000000 -0.089000 -0.051500 0.015400 -85.867670 4.459761 4.207994 0.000000 0.002800 -0.400300 79.266886 5.714987 1.108634 0.000000 0.034400 -0.428100 6.486476 -10.321980 0.441115 -0.000000 -0.149000 -0.088500 -0.000000 0.000002 -0.000000 -0.000000 -0.078900 -0.000000 -0.000000 -0.000000 -0.000000 
