{
  "schemaVersion": "2026-05-27",
  "claimBoundary": "body measurement extraction for garment fitting only; not clinical, demographic, or scoring readiness",
  "archetypeId": "adult_average_reom_current",
  "humanoid": "apps/ui-xr/public/xr-assets/humanoids/candidates/charmorph-reom-ob-patient-candidate.glb",
  "bodyMeshCount": 3,
  "bodyBoundsMin": [
    -0.9510578513145447,
    -0.9999999403953552,
    -1.0
  ],
  "bodyBoundsMax": [
    0.9510578513145447,
    0.9999999403953552,
    1.8337695598602295
  ],
  "height": 2.8337695598602295,
  "width": 1.9021157026290894,
  "depth": 1.9999998807907104,
  "targetTorso": {
    "center": [
      0.0,
      0.0,
      0.7285994315147399
    ],
    "size": [
      2.1303695869445805,
      2.1599998712539676,
      0.9634816503524781
    ],
    "neckApproxZ": 1.3520287346839903,
    "hipApproxZ": 0.21852091073989865,
    "shoulderApproxZ": 1.0403140830993651
  },
  "requiredForPromotion": true,
  "nextUse": "Feed these measurements into adaptive garment scaling/clearance before shrinkwrap for each child/adult/body-size archetype."
}
