# This is a clothes file for MakeHuman Community, exported by MakeClothes 2
#
# author: WojackOWL
# license: CC-BY
#
v 0.0225 1.3110 0.1123
v -0.0050 1.3114 0.1125
v 0.0168 1.3513 0.0903
v -0.0049 1.3364 0.0997
v 0.0355 1.3729 0.0746
v 0.0493 1.3920 0.0595
v 0.0614 1.4084 0.0416
v 0.0682 1.4209 0.0188
v 0.0636 1.4277 -0.0018
v 0.0487 1.4300 -0.0184
v 0.0271 1.4304 -0.0277
v -0.0047 1.4292 -0.0308
v 0.0087 1.4297 -0.0304
v 0.1977 1.3470 0.0529
v 0.1702 1.3643 0.0518
v 0.2044 1.3556 0.0214
v 0.1761 1.3742 0.0187
v 0.1896 1.3252 0.0733
v 0.1639 1.3410 0.0739
v 0.1104 1.3782 0.0474
v 0.1407 1.3727 0.0502
v 0.1162 1.3936 0.0162
v 0.1470 1.3850 0.0173
v 0.1822 1.2998 0.0822
v 0.1593 1.3145 0.0865
v 0.1790 1.2725 0.0785
v 0.1592 1.2831 0.0883
v 0.1767 1.2514 0.0604
v 0.1656 1.2534 0.0626
v 0.1743 1.2352 0.0283
v 0.1638 1.2383 0.0273
v 0.1702 1.2305 -0.0055
v 0.1605 1.2327 -0.0077
v 0.2046 1.3474 -0.0120
v 0.1768 1.3658 -0.0170
v 0.1065 1.3932 -0.0313
v 0.1456 1.3785 -0.0241
v 0.1985 1.3246 -0.0358
v 0.1724 1.3410 -0.0434
v 0.1860 1.2931 -0.0450
v 0.1649 1.3067 -0.0535
v 0.1717 1.2655 -0.0412
v 0.1555 1.2754 -0.0502
v 0.1526 1.2465 -0.0364
v 0.1665 1.2449 -0.0290
v 0.0864 1.3425 0.0856
v 0.1246 1.3294 0.0881
v 0.0989 1.3604 0.0691
v 0.1323 1.3514 0.0724
v 0.1366 1.3488 -0.0570
v 0.1326 1.3121 -0.0670
v 0.1013 1.3545 -0.0685
v 0.0983 1.3164 -0.0782
v 0.0681 1.3530 -0.0725
v 0.0662 1.3181 -0.0791
v 0.0677 1.3849 -0.0545
v 0.0344 1.3788 -0.0555
v 0.0137 1.3774 -0.0527
v -0.0063 1.3772 -0.0521
v 0.0365 1.3500 -0.0670
v 0.0362 1.3173 -0.0720
v 0.0152 1.3483 -0.0621
v 0.0152 1.3158 -0.0664
v -0.0072 1.3475 -0.0608
v -0.0067 1.3141 -0.0652
v 0.0708 1.3253 0.0994
v 0.0628 1.3041 0.1137
v 0.1165 1.3091 0.1006
v 0.1085 1.2891 0.1139
v 0.1464 1.2667 0.0953
v 0.1287 1.2803 -0.0659
v 0.1242 1.2507 -0.0617
v 0.0967 1.2843 -0.0785
v 0.0959 1.2539 -0.0753
v 0.0659 1.2873 -0.0799
v 0.0663 1.2574 -0.0779
v 0.0364 1.2886 -0.0734
v 0.0360 1.2595 -0.0726
v 0.0143 1.2895 -0.0679
v 0.0135 1.2617 -0.0680
v -0.0063 1.2907 -0.0666
v -0.0059 1.2639 -0.0670
v 0.1595 1.2406 0.0595
v 0.1589 1.2255 0.0225
v 0.1540 1.2168 -0.0096
v 0.1441 1.2159 -0.0300
v 0.1198 1.2165 -0.0546
v 0.0932 1.2189 -0.0685
v 0.0636 1.2225 -0.0721
v 0.0323 1.2254 -0.0684
v 0.0099 1.2282 -0.0652
v -0.0057 1.2300 -0.0649
v 0.0155 1.1344 0.1493
v -0.0050 1.1345 0.1491
v 0.0480 1.1343 0.1478
v 0.0853 1.1342 0.1375
v 0.1141 1.1332 0.1156
v 0.1320 1.1319 0.0810
v 0.1373 1.1308 0.0408
v 0.1337 1.1304 0.0098
v 0.1239 1.1303 -0.0134
v 0.1054 1.1301 -0.0338
v 0.0794 1.1301 -0.0478
v 0.0499 1.1306 -0.0534
v 0.0222 1.1311 -0.0520
v 0.0058 1.1313 -0.0508
v -0.0051 1.1312 -0.0507
v 0.1231 1.1870 0.1284
v 0.1322 1.2270 0.1188
v 0.0996 1.2426 0.1428
v 0.0918 1.1948 0.1562
v 0.1406 1.1745 0.0789
v 0.1494 1.2066 0.0676
v 0.0573 1.2523 0.1431
v 0.0530 1.1976 0.1612
v 0.1299 1.1599 -0.0190
v 0.1374 1.1860 -0.0231
v 0.1470 1.1884 -0.0041
v 0.1401 1.1611 0.0043
v 0.0835 1.1604 -0.0542
v 0.0882 1.1872 -0.0608
v 0.1148 1.1857 -0.0474
v 0.1103 1.1597 -0.0403
v 0.1442 1.1650 0.0351
v 0.1522 1.1947 0.0271
v 0.0541 1.1618 -0.0586
v 0.0590 1.1898 -0.0646
v 0.0264 1.1635 -0.0567
v 0.0285 1.1925 -0.0623
v 0.0072 1.1646 -0.0545
v 0.0075 1.1949 -0.0597
v -0.0055 1.1649 -0.0544
v -0.0056 1.1960 -0.0596
v 0.0195 1.2562 0.1373
v 0.0182 1.1984 0.1574
v -0.0062 1.2574 0.1355
v -0.0056 1.1985 0.1558
v 0.0300 0.9159 0.1416
v -0.0050 0.9158 0.1429
v 0.0675 0.9165 0.1376
v 0.1079 0.9161 0.1239
v 0.1389 0.9136 0.1015
v 0.1596 0.9145 0.0630
v 0.1632 0.9153 0.0187
v 0.1557 0.9147 -0.0140
v 0.1437 0.9142 -0.0380
v 0.1255 0.9147 -0.0601
v 0.1001 0.9164 -0.0781
v 0.0697 0.9172 -0.0885
v 0.0395 0.9165 -0.0916
v 0.0164 0.9158 -0.0897
v -0.0065 0.9159 -0.0878
v 0.0506 1.1002 -0.0485
v 0.0516 1.0651 -0.0448
v 0.0528 1.0263 -0.0462
v 0.0562 0.9873 -0.0541
v 0.0618 0.9531 -0.0692
v 0.0347 0.9529 -0.0723
v 0.0312 0.9880 -0.0579
v 0.0285 1.0259 -0.0493
v 0.0266 1.0642 -0.0467
v 0.0240 1.1001 -0.0488
v 0.0854 1.1017 0.1329
v 0.0862 1.0674 0.1275
v 0.0890 1.0303 0.1227
v 0.0933 0.9938 0.1218
v 0.0979 0.9584 0.1221
v 0.1261 0.9567 0.0992
v 0.1202 0.9926 0.0994
v 0.1151 1.0288 0.1015
v 0.1125 1.0667 0.1059
v 0.1127 1.1016 0.1114
v 0.0144 0.9528 -0.0717
v 0.0127 0.9884 -0.0581
v 0.0112 1.0255 -0.0494
v 0.0094 1.0639 -0.0464
v 0.0071 1.1000 -0.0483
v 0.1296 1.1001 0.0777
v 0.1284 1.0644 0.0733
v 0.1319 1.0278 0.0692
v 0.1378 0.9925 0.0655
v 0.1457 0.9565 0.0629
v 0.1506 0.9570 0.0224
v 0.1426 0.9924 0.0268
v 0.1359 1.0269 0.0313
v 0.1309 1.0629 0.0358
v 0.1329 1.0995 0.0390
v -0.0060 0.9534 -0.0706
v -0.0054 0.9890 -0.0576
v -0.0053 1.0261 -0.0492
v -0.0052 1.0640 -0.0463
v -0.0050 1.0999 -0.0482
v 0.1435 0.9562 -0.0072
v 0.1362 0.9913 -0.0007
v 0.1299 1.0259 0.0050
v 0.1248 1.0632 0.0085
v 0.1277 1.1000 0.0097
v 0.1178 1.1004 -0.0112
v 0.1146 1.0639 -0.0110
v 0.1185 1.0251 -0.0128
v 0.1243 0.9897 -0.0188
v 0.1314 0.9547 -0.0278
v 0.1134 0.9531 -0.0463
v 0.1062 0.9881 -0.0342
v 0.1015 1.0252 -0.0273
v 0.0995 1.0648 -0.0264
v 0.1014 1.1002 -0.0294
v -0.0049 1.0999 0.1473
v -0.0050 1.0649 0.1452
v -0.0049 1.0300 0.1433
v -0.0048 0.9947 0.1434
v -0.0049 0.9578 0.1416
v 0.0264 0.9579 0.1407
v 0.0239 0.9947 0.1418
v 0.0215 1.0299 0.1426
v 0.0193 1.0650 0.1449
v 0.0171 1.0999 0.1473
v 0.0897 0.9530 -0.0607
v 0.0828 0.9875 -0.0461
v 0.0786 1.0259 -0.0387
v 0.0776 1.0655 -0.0381
v 0.0782 1.1003 -0.0425
v 0.0615 0.9584 0.1365
v 0.0576 0.9946 0.1369
v 0.0541 1.0302 0.1372
v 0.0518 1.0658 0.1407
v 0.0497 1.1004 0.1445
v 0.0274 1.3324 0.1005
v 0.0214 1.3391 0.0972
v -0.0049 1.3239 0.1065
v -0.0049 1.3282 0.1042
v 0.0465 1.3577 0.0822
v 0.0553 1.3523 0.0841
v 0.0714 1.3684 0.0666
v 0.0630 1.3738 0.0650
v 0.0846 1.3843 0.0452
v 0.0764 1.3894 0.0443
v 0.0911 1.4016 0.0175
v 0.0832 1.4062 0.0181
v 0.0842 1.4099 -0.0138
v 0.0774 1.4151 -0.0090
v 0.0610 1.4096 -0.0335
v 0.0577 1.4174 -0.0267
v 0.0334 1.4065 -0.0397
v 0.0325 1.4159 -0.0345
v -0.0049 1.4140 -0.0367
v -0.0051 1.4045 -0.0407
v 0.0124 1.4149 -0.0363
v 0.0132 1.4052 -0.0405
v 0.2326 1.3100 0.0515
v 0.2400 1.3169 0.0231
v 0.2224 1.2912 0.0695
v 0.2126 1.2694 0.0750
v 0.2077 1.2469 0.0690
v 0.2046 1.2296 0.0538
v 0.2003 1.2158 0.0260
v 0.1969 1.2122 -0.0041
v 0.2396 1.3094 -0.0070
v 0.2317 1.2891 -0.0282
v 0.2169 1.2621 -0.0370
v 0.2011 1.2388 -0.0335
v 0.1953 1.2224 -0.0229
v 0.2711 1.2566 0.0489
v 0.2792 1.2622 0.0234
v 0.2601 1.2404 0.0653
v 0.2506 1.2214 0.0689
v 0.2462 1.2023 0.0626
v 0.2433 1.1874 0.0482
v 0.2399 1.1757 0.0233
v 0.2394 1.1731 -0.0018
v 0.2799 1.2553 -0.0031
v 0.2735 1.2375 -0.0228
v 0.2609 1.2152 -0.0317
v 0.2470 1.1957 -0.0285
v 0.2406 1.1817 -0.0184
v -0.0322 1.3107 0.1120
v -0.0263 1.3510 0.0897
v -0.0440 1.3714 0.0728
v -0.0565 1.3892 0.0560
v -0.0677 1.4043 0.0376
v -0.0737 1.4155 0.0166
v -0.0698 1.4218 -0.0025
v -0.0558 1.4259 -0.0175
v -0.0354 1.4283 -0.0267
v -0.0174 1.4293 -0.0300
v -0.2042 1.3452 0.0507
v -0.1790 1.3625 0.0503
v -0.2099 1.3525 0.0209
v -0.1840 1.3710 0.0185
v -0.1972 1.3250 0.0708
v -0.1730 1.3404 0.0721
v -0.1202 1.3775 0.0470
v -0.1504 1.3717 0.0497
v -0.1258 1.3913 0.0163
v -0.1560 1.3825 0.0174
v -0.1904 1.3003 0.0799
v -0.1680 1.3144 0.0842
v -0.1872 1.2732 0.0772
v -0.1670 1.2838 0.0852
v -0.1842 1.2520 0.0604
v -0.1720 1.2554 0.0613
v -0.1803 1.2375 0.0288
v -0.1701 1.2407 0.0276
v -0.1771 1.2334 -0.0055
v -0.1641 1.2348 -0.0059
v -0.2097 1.3449 -0.0105
v -0.1841 1.3629 -0.0152
v -0.1165 1.3902 -0.0298
v -0.1542 1.3754 -0.0221
v -0.2048 1.3237 -0.0331
v -0.1803 1.3395 -0.0403
v -0.1939 1.2938 -0.0426
v -0.1732 1.3070 -0.0503
v -0.1806 1.2659 -0.0397
v -0.1637 1.2767 -0.0474
v -0.1585 1.2485 -0.0334
v -0.1761 1.2456 -0.0278
v -0.0961 1.3418 0.0846
v -0.1341 1.3288 0.0868
v -0.1085 1.3598 0.0684
v -0.1420 1.3508 0.0716
v -0.1462 1.3471 -0.0541
v -0.1416 1.3120 -0.0638
v -0.1127 1.3535 -0.0667
v -0.1087 1.3163 -0.0764
v -0.0800 1.3533 -0.0732
v -0.0768 1.3182 -0.0798
v -0.0790 1.3844 -0.0547
v -0.0454 1.3791 -0.0567
v -0.0250 1.3775 -0.0540
v -0.0479 1.3502 -0.0692
v -0.0461 1.3176 -0.0746
v -0.0275 1.3484 -0.0642
v -0.0268 1.3161 -0.0691
v -0.0805 1.3247 0.0984
v -0.0725 1.3037 0.1129
v -0.1257 1.3083 0.0986
v -0.1172 1.2886 0.1114
v -0.1526 1.2683 0.0914
v -0.1367 1.2812 -0.0624
v -0.1311 1.2520 -0.0579
v -0.1060 1.2845 -0.0762
v -0.1046 1.2544 -0.0728
v -0.0755 1.2873 -0.0806
v -0.0758 1.2574 -0.0783
v -0.0455 1.2887 -0.0759
v -0.0456 1.2596 -0.0749
v -0.0251 1.2898 -0.0702
v -0.0241 1.2621 -0.0699
v -0.1628 1.2428 0.0575
v -0.1628 1.2270 0.0226
v -0.1566 1.2186 -0.0068
v -0.1478 1.2178 -0.0260
v -0.1259 1.2180 -0.0507
v -0.1018 1.2195 -0.0660
v -0.0732 1.2225 -0.0721
v -0.0420 1.2252 -0.0701
v -0.0209 1.2281 -0.0667
v -0.0253 1.1344 0.1495
v -0.0568 1.1343 0.1467
v -0.0914 1.1347 0.1348
v -0.1170 1.1340 0.1127
v -0.1331 1.1327 0.0788
v -0.1377 1.1322 0.0410
v -0.1348 1.1324 0.0118
v -0.1268 1.1324 -0.0100
v -0.1112 1.1318 -0.0296
v -0.0876 1.1309 -0.0448
v -0.0595 1.1309 -0.0527
v -0.0323 1.1313 -0.0531
v -0.0164 1.1313 -0.0515
v -0.1273 1.1887 0.1254
v -0.1354 1.2279 0.1160
v -0.1072 1.2423 0.1410
v -0.0996 1.1956 0.1546
v -0.1420 1.1767 0.0766
v -0.1506 1.2085 0.0658
v -0.0671 1.2523 0.1435
v -0.0630 1.1975 0.1617
v -0.1331 1.1622 -0.0156
v -0.1405 1.1886 -0.0198
v -0.1488 1.1911 -0.0021
v -0.1416 1.1636 0.0064
v -0.0919 1.1612 -0.0517
v -0.0969 1.1880 -0.0585
v -0.1207 1.1873 -0.0436
v -0.1162 1.1614 -0.0366
v -0.1449 1.1673 0.0351
v -0.1534 1.1971 0.0270
v -0.0634 1.1620 -0.0585
v -0.0683 1.1900 -0.0645
v -0.0364 1.1634 -0.0582
v -0.0379 1.1923 -0.0637
v -0.0181 1.1644 -0.0558
v -0.0187 1.1945 -0.0610
v -0.0301 1.2559 0.1386
v -0.0290 1.1980 0.1585
v -0.0402 0.9159 0.1433
v -0.0765 0.9168 0.1357
v -0.1143 0.9151 0.1207
v -0.1429 0.9125 0.0974
v -0.1606 0.9127 0.0616
v -0.1636 0.9134 0.0202
v -0.1569 0.9127 -0.0111
v -0.1460 0.9120 -0.0349
v -0.1298 0.9125 -0.0564
v -0.1073 0.9147 -0.0747
v -0.0791 0.9164 -0.0867
v -0.0493 0.9164 -0.0916
v -0.0264 0.9160 -0.0910
v -0.0596 1.1007 -0.0474
v -0.0600 1.0657 -0.0433
v -0.0610 1.0261 -0.0444
v -0.0647 0.9863 -0.0525
v -0.0707 0.9522 -0.0677
v -0.0437 0.9526 -0.0721
v -0.0394 0.9876 -0.0574
v -0.0370 1.0260 -0.0488
v -0.0358 1.0646 -0.0466
v -0.0339 1.1002 -0.0492
v -0.0923 1.1025 0.1292
v -0.0928 1.0678 0.1237
v -0.0947 1.0294 0.1193
v -0.0990 0.9931 0.1185
v -0.1049 0.9579 0.1181
v -0.1295 0.9560 0.0956
v -0.1228 0.9917 0.0967
v -0.1188 1.0279 0.0977
v -0.1160 1.0673 0.1020
v -0.1167 1.1027 0.1073
v -0.0240 0.9529 -0.0724
v -0.0219 0.9883 -0.0583
v -0.0205 1.0256 -0.0497
v -0.0193 1.0640 -0.0468
v -0.0174 1.1000 -0.0486
v -0.1307 1.1011 0.0760
v -0.1294 1.0651 0.0714
v -0.1330 1.0268 0.0673
v -0.1389 0.9909 0.0637
v -0.1468 0.9549 0.0615
v -0.1513 0.9552 0.0237
v -0.1436 0.9902 0.0277
v -0.1367 1.0251 0.0319
v -0.1315 1.0622 0.0367
v -0.1334 1.1004 0.0399
v -0.1455 0.9543 -0.0040
v -0.1386 0.9892 0.0024
v -0.1321 1.0237 0.0078
v -0.1264 1.0616 0.0113
v -0.1290 1.1012 0.0122
v -0.1204 1.1018 -0.0078
v -0.1174 1.0633 -0.0071
v -0.1217 1.0236 -0.0097
v -0.1274 0.9879 -0.0162
v -0.1343 0.9530 -0.0249
v -0.1181 0.9520 -0.0432
v -0.1112 0.9869 -0.0315
v -0.1063 1.0240 -0.0244
v -0.1035 1.0648 -0.0233
v -0.1061 1.1013 -0.0257
v -0.0363 0.9580 0.1406
v -0.0337 0.9947 0.1426
v -0.0312 1.0300 0.1423
v -0.0289 1.0651 0.1445
v -0.0268 1.1000 0.1472
v -0.0969 0.9516 -0.0581
v -0.0901 0.9864 -0.0437
v -0.0856 1.0251 -0.0361
v -0.0843 1.0658 -0.0355
v -0.0855 1.1009 -0.0396
v -0.0704 0.9584 0.1338
v -0.0663 0.9945 0.1344
v -0.0627 1.0302 0.1348
v -0.0605 1.0661 0.1385
v -0.0586 1.1007 0.1428
v -0.0370 1.3320 0.0998
v -0.0310 1.3387 0.0965
v -0.0558 1.3566 0.0808
v -0.0647 1.3514 0.0829
v -0.0808 1.3672 0.0654
v -0.0720 1.3723 0.0632
v -0.0947 1.3826 0.0440
v -0.0858 1.3872 0.0424
v -0.1006 1.3984 0.0168
v -0.0918 1.4025 0.0170
v -0.0932 1.4063 -0.0132
v -0.0855 1.4110 -0.0087
v -0.0705 1.4077 -0.0328
v -0.0662 1.4146 -0.0262
v -0.0434 1.4058 -0.0399
v -0.0418 1.4148 -0.0341
v -0.0220 1.4142 -0.0364
v -0.0231 1.4048 -0.0409
v -0.2375 1.3069 0.0493
v -0.2438 1.3128 0.0229
v -0.2298 1.2900 0.0668
v -0.2214 1.2690 0.0736
v -0.2164 1.2458 0.0699
v -0.2115 1.2269 0.0554
v -0.2056 1.2130 0.0275
v -0.2024 1.2096 -0.0040
v -0.2438 1.3059 -0.0051
v -0.2379 1.2871 -0.0255
v -0.2252 1.2616 -0.0355
v -0.2095 1.2377 -0.0339
v -0.2024 1.2201 -0.0236
v -0.2766 1.2531 0.0468
v -0.2832 1.2576 0.0232
v -0.2682 1.2388 0.0632
v -0.2590 1.2203 0.0693
v -0.2532 1.1997 0.0647
v -0.2491 1.1838 0.0507
v -0.2449 1.1714 0.0249
v -0.2448 1.1687 -0.0032
v -0.2843 1.2514 -0.0014
v -0.2803 1.2356 -0.0194
v -0.2695 1.2143 -0.0305
v -0.2554 1.1942 -0.0298
v -0.2477 1.1786 -0.0206
v -0.1437 1.2013 -0.0224
v 0.0859 1.1738 -0.0575
v 0.1336 1.1730 -0.0210
v 0.1275 1.2075 0.1255
v -0.0944 1.1746 -0.0551
v 0.0956 1.2193 0.1521
v 0.1449 1.1908 0.0736
v 0.0551 1.2254 0.1546
v -0.1368 1.1754 -0.0177
v 0.1436 1.1748 0.0001
v -0.1311 1.2088 0.1227
v 0.0565 1.1758 -0.0616
v 0.1125 1.1727 -0.0438
v 0.1482 1.1799 0.0311
v 0.0275 1.1781 -0.0594
v 0.0074 1.1798 -0.0571
v -0.0056 1.1805 -0.0569
v 0.0188 1.2276 0.1494
v -0.0060 1.2282 0.1476
v -0.1034 1.2196 0.1505
v -0.1462 1.1929 0.0716
v -0.0652 1.2254 0.1552
v 0.1404 1.1991 -0.0261
v -0.1452 1.1774 0.0022
v 0.1387 1.2473 0.1069
v -0.0658 1.1760 -0.0614
v -0.1185 1.1744 -0.0401
v -0.1491 1.1823 0.0311
v -0.0372 1.1778 -0.0609
v -0.1431 1.2486 0.1034
v -0.0184 1.1795 -0.0584
v -0.0298 1.2273 0.1507
v 0.1543 1.2236 0.0624
v 0.0906 1.2006 -0.0642
v 0.1555 1.2099 0.0238
v 0.0612 1.2038 -0.0680
v 0.0301 1.2068 -0.0651
v 0.0083 1.2095 -0.0624
v -0.0056 1.2109 -0.0622
v 0.1037 1.2662 0.1285
v 0.0597 1.2787 0.1283
v 0.0208 1.2844 0.1242
v 0.1502 1.2020 -0.0075
v 0.1171 1.1987 -0.0505
v -0.0055 1.2859 0.1230
v -0.1562 1.2256 0.0605
v -0.0992 1.2013 -0.0618
v -0.1117 1.2658 0.1263
v -0.1577 1.2118 0.0238
v -0.0706 1.2039 -0.0679
v -0.0396 1.2065 -0.0666
v -0.0194 1.2091 -0.0637
v -0.0693 1.2785 0.1281
v -0.1524 1.2042 -0.0050
v -0.1230 1.2003 -0.0467
v -0.0309 1.2842 0.1248
v 0.0517 1.1478 -0.0562
v -0.0950 1.1659 0.1455
v -0.1385 1.1496 0.0095
v 0.1372 1.1473 0.0075
v 0.0881 1.1653 0.1476
v 0.0813 1.1469 -0.0512
v 0.0501 1.1665 0.1554
v 0.1080 1.1466 -0.0371
v 0.0166 1.1669 0.1543
v -0.0053 1.1670 0.1534
v 0.1183 1.1611 0.1225
v 0.1361 1.1547 0.0807
v 0.1271 1.1467 -0.0163
v 0.1408 1.1495 0.0386
v 0.0240 1.1489 -0.0544
v 0.0064 1.1495 -0.0527
v -0.0053 1.1496 -0.0525
v -0.1217 1.1624 0.1197
v -0.0595 1.1665 0.1551
v -0.1140 1.1483 -0.0332
v -0.0612 1.1480 -0.0558
v -0.0897 1.1478 -0.0484
v -0.0269 1.1667 0.1549
v -0.1373 1.1562 0.0784
v -0.1302 1.1489 -0.0128
v -0.1414 1.1514 0.0386
v -0.0341 1.1490 -0.0557
v -0.0171 1.1495 -0.0537
v 0.0076 1.3116 0.1124
v 0.0061 1.3410 0.0969
v 0.0268 1.3623 0.0824
v 0.0428 1.3828 0.0671
v 0.0556 1.4006 0.0513
v 0.0660 1.4153 0.0304
v 0.0674 1.4250 0.0080
v 0.0573 1.4293 -0.0108
v 0.0381 1.4303 -0.0240
v 0.0172 1.4301 -0.0296
v 0.0015 1.4294 -0.0307
v 0.1835 1.3576 0.0525
v 0.1898 1.3668 0.0200
v 0.2016 1.3534 0.0382
v 0.1735 1.3715 0.0363
v 0.1767 1.3346 0.0739
v 0.1936 1.3371 0.0646
v 0.1670 1.3536 0.0642
v 0.1558 1.3692 0.0511
v 0.1619 1.3801 0.0179
v 0.1256 1.3754 0.0489
v 0.1317 1.3893 0.0166
v 0.1145 1.3867 0.0334
v 0.1445 1.3806 0.0352
v 0.1712 1.3080 0.0847
v 0.1855 1.3128 0.0792
v 0.1612 1.3280 0.0813
v 0.1702 1.2786 0.0827
v 0.1803 1.2858 0.0820
v 0.1587 1.3001 0.0891
v 0.1696 1.2546 0.0624
v 0.1778 1.2611 0.0714
v 0.1648 1.2654 0.0767
v 0.1677 1.2388 0.0285
v 0.1756 1.2425 0.0455
v 0.1650 1.2446 0.0457
v 0.1641 1.2339 -0.0065
v 0.1725 1.2306 0.0107
v 0.1624 1.2338 0.0090
v 0.1904 1.3583 -0.0144
v 0.1772 1.3723 0.0004
v 0.2054 1.3536 0.0042
v 0.1277 1.3854 -0.0276
v 0.1144 1.3969 -0.0050
v 0.1476 1.3848 -0.0031
v 0.1619 1.3722 -0.0204
v 0.1858 1.3347 -0.0392
v 0.1751 1.3552 -0.0320
v 0.2024 1.3376 -0.0256
v 0.1758 1.3016 -0.0489
v 0.1691 1.3242 -0.0504
v 0.1930 1.3092 -0.0423
v 0.1636 1.2718 -0.0452
v 0.1600 1.2903 -0.0531
v 0.1784 1.2784 -0.0444
v 0.1530 1.2620 -0.0453
v 0.1677 1.2546 -0.0363
v 0.1578 1.2368 -0.0218
v 0.1678 1.2361 -0.0188
v 0.1598 1.2487 -0.0319
v 0.1433 1.3218 0.0878
v 0.1489 1.3464 0.0734
v 0.1054 1.3363 0.0871
v 0.1155 1.3559 0.0709
v 0.0930 1.3514 0.0779
v 0.1284 1.3403 0.0809
v 0.1048 1.3693 0.0591
v 0.1365 1.3625 0.0624
v 0.1341 1.3303 -0.0645
v 0.1554 1.3453 -0.0498
v 0.1500 1.3098 -0.0598
v 0.0993 1.3349 -0.0758
v 0.1185 1.3522 -0.0634
v 0.1151 1.3144 -0.0735
v 0.0671 1.3355 -0.0770
v 0.0847 1.3545 -0.0718
v 0.0821 1.3176 -0.0800
v 0.1411 1.3658 -0.0429
v 0.0859 1.3896 -0.0466
v 0.0498 1.3812 -0.0566
v 0.0230 1.3778 -0.0540
v 0.0038 1.3772 -0.0521
v 0.1046 1.3743 -0.0539
v 0.0687 1.3695 -0.0649
v 0.0366 1.3338 -0.0701
v 0.0503 1.3179 -0.0759
v 0.0514 1.3514 -0.0704
v 0.0154 1.3319 -0.0648
v 0.0251 1.3167 -0.0687
v 0.0252 1.3490 -0.0641
v -0.0070 1.3303 -0.0635
v 0.0044 1.3146 -0.0651
v 0.0042 1.3477 -0.0609
v 0.0356 1.3645 -0.0623
v 0.0144 1.3630 -0.0582
v -0.0069 1.3626 -0.0571
v 0.0658 1.3153 0.1065
v 0.0412 1.3086 0.1126
v 0.1123 1.2993 0.1070
v 0.0856 1.2975 0.1151
v 0.0936 1.3183 0.1007
v 0.1207 1.3191 0.0945
v 0.1390 1.2976 0.0967
v 0.1517 1.2748 0.0914
v 0.1298 1.2789 0.1074
v 0.1265 1.2661 -0.0642
v 0.1389 1.2490 -0.0502
v 0.1436 1.2781 -0.0576
v 0.0964 1.2698 -0.0774
v 0.1100 1.2522 -0.0701
v 0.1127 1.2824 -0.0733
v 0.0663 1.2731 -0.0794
v 0.0814 1.2557 -0.0779
v 0.0812 1.2860 -0.0806
v 0.0365 1.2749 -0.0734
v 0.0506 1.2586 -0.0757
v 0.0505 1.2881 -0.0771
v 0.0141 1.2766 -0.0682
v 0.0239 1.2605 -0.0699
v 0.0246 1.2889 -0.0702
v -0.0061 1.2787 -0.0671
v 0.0035 1.2631 -0.0670
v 0.0039 1.2902 -0.0666
v 0.1308 1.2954 -0.0670
v 0.0974 1.2996 -0.0788
v 0.0658 1.3020 -0.0799
v 0.0361 1.3024 -0.0730
v 0.0147 1.3020 -0.0673
v -0.0065 1.3015 -0.0661
v 0.1601 1.2317 0.0407
v 0.1567 1.2203 0.0051
v 0.1611 1.2331 0.0247
v 0.1571 1.2259 -0.0090
v 0.1624 1.2482 0.0609
v 0.1557 1.2531 0.0785
v 0.1505 1.2158 -0.0201
v 0.1066 1.2174 -0.0632
v 0.0789 1.2207 -0.0714
v 0.0475 1.2240 -0.0707
v 0.0199 1.2268 -0.0665
v 0.0016 1.2294 -0.0647
v 0.1219 1.2328 -0.0581
v 0.0947 1.2355 -0.0720
v 0.0343 1.2417 -0.0707
v 0.0117 1.2443 -0.0668
v 0.0652 1.2391 -0.0751
v -0.0058 1.2463 -0.0662
v 0.1475 1.2301 -0.0330
v 0.1332 1.2161 -0.0424
v 0.0042 1.1345 0.1491
v 0.0303 1.1343 0.1492
v 0.0670 1.1343 0.1440
v 0.1010 1.1338 0.1282
v 0.1361 1.1312 0.0605
v 0.1363 1.1305 0.0240
v 0.1246 1.1325 0.0997
v 0.1297 1.1303 -0.0023
v 0.0931 1.1301 -0.0418
v 0.0649 1.1303 -0.0516
v 0.0351 1.1309 -0.0531
v 0.0127 1.1312 -0.0512
v 0.0001 1.1312 -0.0506
v 0.1157 1.1302 -0.0241
v 0.1422 1.2574 0.1007
v 0.0864 1.1499 0.1420
v 0.1569 1.2322 0.0602
v 0.0487 1.1506 0.1511
v 0.1419 1.2061 -0.0278
v 0.1357 1.1400 0.0089
v 0.0918 1.2079 -0.0660
v 0.1069 1.1396 -0.0356
v 0.1571 1.2176 0.0225
v 0.0623 1.2114 -0.0697
v 0.0310 1.2144 -0.0666
v 0.0088 1.2172 -0.0637
v -0.0056 1.2188 -0.0635
v 0.0158 1.1509 0.1515
v -0.0051 1.1509 0.1510
v 0.1208 1.1745 0.1262
v 0.1297 1.2172 0.1227
v 0.1016 1.2543 0.1361
v 0.0937 1.2075 0.1554
v 0.1383 1.1649 0.0801
v 0.1471 1.1986 0.0705
v 0.0585 1.2656 0.1359
v 0.0541 1.2118 0.1591
v 0.1284 1.1533 -0.0177
v 0.1356 1.1795 -0.0220
v 0.1486 1.1952 -0.0059
v 0.1418 1.1679 0.0023
v 0.0824 1.1537 -0.0527
v 0.0871 1.1805 -0.0592
v 0.1159 1.1922 -0.0490
v 0.1114 1.1662 -0.0420
v 0.1425 1.1573 0.0369
v 0.1503 1.1873 0.0290
v 0.0529 1.1548 -0.0574
v 0.0578 1.1828 -0.0631
v 0.0253 1.1562 -0.0555
v 0.0280 1.1853 -0.0609
v 0.0069 1.1570 -0.0535
v 0.0074 1.1874 -0.0584
v -0.0054 1.1572 -0.0534
v -0.0056 1.1883 -0.0583
v 0.0201 1.2704 0.1308
v 0.0186 1.2132 0.1546
v -0.0059 1.2717 0.1292
v -0.0058 1.2136 0.1528
v 0.0055 1.2571 0.1357
v 0.0053 1.1985 0.1561
v 0.1273 1.1856 -0.0353
v 0.1212 1.1597 -0.0301
v 0.0371 1.2548 0.1401
v 0.0344 1.1981 0.1595
v 0.0005 1.1957 -0.0594
v 0.0004 1.1648 -0.0542
v 0.0167 1.1938 -0.0607
v 0.0157 1.1641 -0.0554
v 0.0432 1.1912 -0.0639
v 0.0395 1.1627 -0.0581
v 0.1501 1.1910 0.0100
v 0.1429 1.1625 0.0183
v 0.0741 1.1884 -0.0637
v 0.0689 1.1610 -0.0575
v 0.1523 1.1995 0.0456
v 0.1438 1.1691 0.0553
v 0.1017 1.1862 -0.0558
v 0.0975 1.1599 -0.0484
v 0.1434 1.1868 -0.0139
v 0.1360 1.1603 -0.0078
v 0.0788 1.2482 0.1447
v 0.0726 1.1966 0.1608
v 0.1428 1.2165 0.0941
v 0.1337 1.1809 0.1047
v 0.1177 1.2357 0.1349
v 0.1089 1.1916 0.1457
v 0.0124 0.9158 0.1422
v 0.0482 0.9162 0.1405
v 0.0881 0.9167 0.1318
v 0.1247 0.9147 0.1143
v 0.1634 0.9151 0.0402
v 0.1602 0.9151 0.0007
v 0.1510 0.9137 0.0841
v 0.1502 0.9144 -0.0265
v 0.1136 0.9155 -0.0699
v 0.0854 0.9170 -0.0843
v 0.0539 0.9170 -0.0909
v 0.0275 0.9160 -0.0910
v 0.0048 0.9158 -0.0882
v 0.1355 0.9143 -0.0493
v 0.0656 0.9355 -0.0786
v 0.0227 1.1169 -0.0505
v 0.1024 0.9380 0.1229
v 0.1131 1.1179 0.1134
v 0.0062 1.1169 -0.0496
v 0.1521 0.9361 0.0627
v 0.1351 1.1165 0.0403
v -0.0050 1.1168 -0.0496
v 0.1308 1.1167 0.0100
v 0.1371 0.9350 -0.0328
v 0.1034 1.1165 -0.0316
v -0.0049 0.9373 0.1419
v 0.0161 1.1174 0.1481
v 0.0787 1.1165 -0.0453
v 0.0486 1.1175 0.1459
v 0.0501 1.1167 -0.0511
v 0.0511 1.0830 -0.0462
v 0.0520 1.0461 -0.0447
v 0.0542 1.0064 -0.0492
v 0.0587 0.9700 -0.0609
v 0.0370 0.9349 -0.0816
v 0.0328 0.9704 -0.0644
v 0.0298 1.0067 -0.0529
v 0.0276 1.0453 -0.0473
v 0.0254 1.0825 -0.0474
v 0.0851 1.1181 0.1349
v 0.0857 1.0849 0.1304
v 0.0873 1.0491 0.1247
v 0.0911 1.0117 0.1219
v 0.0952 0.9765 0.1218
v 0.1318 0.9359 0.1001
v 0.1226 0.9752 0.0990
v 0.1176 1.0104 0.1002
v 0.1133 1.0479 0.1034
v 0.1124 1.0846 0.1087
v 0.0154 0.9345 -0.0803
v 0.0135 0.9706 -0.0643
v 0.0119 1.0066 -0.0531
v 0.0103 1.0448 -0.0472
v 0.0082 1.0823 -0.0470
v 0.1307 1.1169 0.0797
v 0.1286 1.0825 0.0755
v 0.1296 1.0460 0.0712
v 0.1347 1.0100 0.0673
v 0.1412 0.9751 0.0639
v 0.1564 0.9367 0.0205
v 0.1461 0.9753 0.0245
v 0.1393 1.0095 0.0290
v 0.1328 1.0447 0.0336
v 0.1312 1.0814 0.0375
v -0.0063 0.9349 -0.0789
v -0.0057 0.9713 -0.0635
v -0.0053 1.0073 -0.0528
v -0.0053 1.0451 -0.0470
v -0.0051 1.0822 -0.0469
v 0.1491 0.9361 -0.0106
v 0.1395 0.9743 -0.0039
v 0.1331 1.0083 0.0023
v 0.1267 1.0443 0.0071
v 0.1254 1.0820 0.0093
v 0.1209 1.1168 -0.0121
v 0.1154 1.0826 -0.0109
v 0.1159 1.0444 -0.0115
v 0.1214 1.0070 -0.0153
v 0.1274 0.9726 -0.0231
v 0.1190 0.9343 -0.0532
v 0.1093 0.9708 -0.0398
v 0.1036 1.0062 -0.0300
v 0.1001 1.0451 -0.0262
v 0.1000 1.0831 -0.0276
v -0.0050 1.1174 0.1481
v -0.0049 1.0824 0.1464
v -0.0050 1.0475 0.1440
v -0.0049 1.0124 0.1434
v -0.0048 0.9768 0.1425
v 0.0281 0.9374 0.1409
v 0.0251 0.9768 0.1412
v 0.0227 1.0123 0.1421
v 0.0204 1.0475 0.1436
v 0.0182 1.0825 0.1462
v 0.0946 0.9350 -0.0693
v 0.0858 0.9701 -0.0527
v 0.0803 1.0062 -0.0415
v 0.0778 1.0460 -0.0377
v 0.0778 1.0834 -0.0399
v 0.0643 0.9380 0.1369
v 0.0593 0.9770 0.1366
v 0.0558 1.0123 0.1368
v 0.0528 1.0481 0.1386
v 0.0508 1.0832 0.1428
v 0.0680 1.1010 0.1399
v 0.0695 1.0667 0.1352
v 0.0720 1.0304 0.1309
v 0.0759 0.9943 0.1304
v 0.0802 0.9586 0.1305
v 0.0648 1.1002 -0.0464
v 0.0648 1.0654 -0.0421
v 0.0658 1.0262 -0.0430
v 0.0697 0.9873 -0.0506
v 0.0761 0.9530 -0.0657
v 0.0323 1.1000 0.1467
v 0.0347 1.0652 0.1437
v 0.0370 1.0300 0.1409
v 0.0400 0.9947 0.1403
v 0.0434 0.9581 0.1395
v 0.0905 1.1002 -0.0368
v 0.0893 1.0652 -0.0328
v 0.0906 1.0255 -0.0335
v 0.0951 0.9877 -0.0406
v 0.1022 0.9529 -0.0542
v 0.0052 1.0999 0.1473
v 0.0064 1.0649 0.1452
v 0.0078 1.0299 0.1432
v 0.0091 0.9947 0.1428
v 0.0105 0.9578 0.1413
v 0.1234 1.1003 -0.0013
v 0.1202 1.0635 -0.0019
v 0.1248 1.0254 -0.0045
v 0.1309 0.9905 -0.0104
v 0.1381 0.9555 -0.0181
v 0.1227 1.1009 0.0959
v 0.1220 1.0656 0.0909
v 0.1249 1.0282 0.0868
v 0.1303 0.9925 0.0838
v 0.1373 0.9564 0.0825
v 0.1105 1.1003 -0.0207
v 0.1078 1.0643 -0.0191
v 0.1108 1.0250 -0.0204
v 0.1160 0.9888 -0.0268
v 0.1232 0.9538 -0.0374
v 0.1310 1.0997 0.0229
v 0.1286 1.0629 0.0207
v 0.1338 1.0264 0.0165
v 0.1404 0.9920 0.0114
v 0.1480 0.9567 0.0060
v 0.0008 1.0999 -0.0482
v 0.0020 1.0640 -0.0463
v 0.0029 1.0258 -0.0492
v 0.0036 0.9888 -0.0578
v 0.0041 0.9532 -0.0709
v 0.1328 1.0996 0.0579
v 0.1312 1.0635 0.0541
v 0.1355 1.0273 0.0497
v 0.1418 0.9926 0.0456
v 0.1500 0.9568 0.0421
v 0.0144 1.1000 -0.0485
v 0.0172 1.0640 -0.0466
v 0.0193 1.0256 -0.0496
v 0.0215 0.9882 -0.0583
v 0.0241 0.9528 -0.0723
v 0.1003 1.1019 0.1236
v 0.1006 1.0674 0.1179
v 0.1033 1.0297 0.1132
v 0.1079 0.9931 0.1117
v 0.1131 0.9576 0.1120
v 0.0365 1.1001 -0.0491
v 0.0384 1.0646 -0.0462
v 0.0400 1.0262 -0.0482
v 0.0430 0.9877 -0.0566
v 0.0476 0.9531 -0.0714
v 0.0228 1.3362 0.0988
v 0.0082 1.3315 0.1023
v -0.0049 1.3262 0.1053
v 0.0089 1.3263 0.1051
v 0.0433 1.3431 0.0921
v 0.0494 1.3546 0.0837
v 0.0347 1.3483 0.0902
v 0.0641 1.3606 0.0757
v 0.0661 1.3704 0.0661
v 0.0555 1.3661 0.0739
v 0.0783 1.3761 0.0566
v 0.0797 1.3860 0.0448
v 0.0701 1.3814 0.0553
v 0.0891 1.3934 0.0323
v 0.0864 1.4034 0.0179
v 0.0811 1.3982 0.0318
v 0.0897 1.4071 0.0014
v 0.0803 1.4125 -0.0108
v 0.0821 1.4117 0.0040
v 0.0741 1.4105 -0.0256
v 0.0593 1.4144 -0.0291
v 0.0689 1.4169 -0.0193
v 0.0467 1.4080 -0.0378
v 0.0334 1.4123 -0.0363
v 0.0449 1.4168 -0.0316
v 0.0131 1.4111 -0.0378
v 0.0040 1.4048 -0.0406
v -0.0049 1.4102 -0.0382
v 0.0036 1.4143 -0.0365
v 0.0226 1.4057 -0.0404
v 0.0218 1.4153 -0.0358
v -0.0049 1.3194 0.1089
v 0.0240 1.3217 0.1067
v -0.0049 1.3318 0.1023
v 0.0195 1.3443 0.0942
v 0.0488 1.3302 0.0992
v 0.0418 1.3642 0.0789
v 0.0571 1.3815 0.0627
v 0.0685 1.3482 0.0846
v 0.0830 1.3649 0.0677
v 0.0701 1.3975 0.0432
v 0.0956 1.3815 0.0461
v 0.0768 1.4124 0.0184
v 0.1017 1.3981 0.0167
v 0.0716 1.4205 -0.0059
v 0.0930 1.4041 -0.0203
v 0.0539 1.4228 -0.0231
v 0.0644 1.3991 -0.0429
v 0.0303 1.4222 -0.0315
v 0.0336 1.3942 -0.0470
v 0.0109 1.4213 -0.0337
v 0.0133 1.3929 -0.0461
v -0.0048 1.4205 -0.0341
v -0.0057 1.3924 -0.0459
v 0.2370 1.3153 0.0382
v 0.2277 1.3015 0.0621
v 0.2171 1.2805 0.0738
v 0.2095 1.2579 0.0732
v 0.2062 1.2377 0.0629
v 0.2025 1.2220 0.0412
v 0.1984 1.2122 0.0102
v 0.2408 1.3149 0.0075
v 0.2365 1.3006 -0.0191
v 0.2250 1.2757 -0.0342
v 0.2083 1.2496 -0.0364
v 0.1969 1.2299 -0.0290
v 0.1956 1.2160 -0.0149
v 0.1811 1.2238 -0.0048
v 0.1852 1.2280 0.0273
v 0.2049 1.3108 0.0716
v 0.2143 1.3312 0.0525
v 0.1886 1.2433 0.0573
v 0.1915 1.2623 0.0737
v 0.1994 1.2800 -0.0409
v 0.1839 1.2546 -0.0372
v 0.1960 1.2872 0.0787
v 0.2211 1.3311 -0.0095
v 0.2137 1.3094 -0.0320
v 0.2214 1.3389 0.0225
v 0.1782 1.2363 -0.0259
v 0.2758 1.2610 0.0369
v 0.2657 1.2493 0.0586
v 0.2548 1.2310 0.0686
v 0.2479 1.2115 0.0668
v 0.2448 1.1944 0.0567
v 0.2414 1.1809 0.0366
v 0.2393 1.1729 0.0100
v 0.2805 1.2603 0.0097
v 0.2775 1.2475 -0.0141
v 0.2678 1.2264 -0.0288
v 0.2535 1.2048 -0.0313
v 0.2428 1.1881 -0.0241
v 0.2397 1.1763 -0.0112
v 0.2170 1.1944 -0.0031
v 0.2191 1.1975 0.0247
v 0.2594 1.2907 0.0234
v 0.2594 1.2835 -0.0050
v 0.2517 1.2845 0.0503
v 0.2520 1.2644 -0.0252
v 0.2410 1.2670 0.0674
v 0.2379 1.2399 -0.0340
v 0.2311 1.2468 0.0717
v 0.2228 1.2185 -0.0307
v 0.2263 1.2261 0.0655
v 0.2168 1.2035 -0.0205
v 0.2233 1.2101 0.0509
v -0.0174 1.3114 0.1123
v -0.0159 1.3410 0.0967
v -0.0358 1.3615 0.0814
v -0.0507 1.3806 0.0644
v -0.0624 1.3971 0.0471
v -0.0717 1.4105 0.0271
v -0.0730 1.4192 0.0066
v -0.0639 1.4241 -0.0106
v -0.0459 1.4273 -0.0229
v -0.0256 1.4290 -0.0289
v -0.0107 1.4293 -0.0306
v -0.1913 1.3557 0.0506
v -0.1965 1.3636 0.0196
v -0.2075 1.3507 0.0367
v -0.1819 1.3688 0.0353
v -0.1851 1.3342 0.0718
v -0.2008 1.3361 0.0622
v -0.1760 1.3525 0.0625
v -0.1652 1.3676 0.0501
v -0.1705 1.3771 0.0179
v -0.1353 1.3748 0.0486
v -0.1410 1.3871 0.0168
v -0.1242 1.3854 0.0332
v -0.1539 1.3788 0.0348
v -0.1795 1.3083 0.0823
v -0.1935 1.3131 0.0768
v -0.1702 1.3277 0.0794
v -0.1781 1.2796 0.0803
v -0.1885 1.2865 0.0801
v -0.1671 1.3002 0.0864
v -0.1769 1.2563 0.0616
v -0.1859 1.2617 0.0707
v -0.1716 1.2670 0.0743
v -0.1741 1.2417 0.0288
v -0.1823 1.2438 0.0459
v -0.1716 1.2470 0.0452
v -0.1695 1.2370 -0.0057
v -0.1785 1.2336 0.0108
v -0.1671 1.2360 0.0100
v -0.1966 1.3557 -0.0128
v -0.1847 1.3690 0.0012
v -0.2105 1.3505 0.0047
v -0.1371 1.3822 -0.0257
v -0.1239 1.3939 -0.0041
v -0.1562 1.3816 -0.0021
v -0.1700 1.3691 -0.0184
v -0.1928 1.3336 -0.0363
v -0.1826 1.3528 -0.0294
v -0.2079 1.3359 -0.0233
v -0.1838 1.3022 -0.0460
v -0.1773 1.3237 -0.0472
v -0.2001 1.3092 -0.0396
v -0.1722 1.2728 -0.0429
v -0.1683 1.2911 -0.0502
v -0.1867 1.2790 -0.0425
v -0.1605 1.2636 -0.0424
v -0.1772 1.2549 -0.0348
v -0.1620 1.2389 -0.0193
v -0.1762 1.2379 -0.0183
v -0.1680 1.2503 -0.0298
v -0.1525 1.3214 0.0859
v -0.1584 1.3458 0.0721
v -0.1151 1.3356 0.0860
v -0.1253 1.3554 0.0702
v -0.1027 1.3507 0.0770
v -0.1380 1.3397 0.0798
v -0.1146 1.3688 0.0586
v -0.1463 1.3619 0.0617
v -0.1435 1.3295 -0.0614
v -0.1641 1.3436 -0.0467
v -0.1586 1.3098 -0.0566
v -0.1104 1.3345 -0.0740
v -0.1290 1.3508 -0.0609
v -0.1249 1.3142 -0.0708
v -0.0784 1.3357 -0.0777
v -0.0965 1.3542 -0.0712
v -0.0929 1.3176 -0.0794
v -0.1503 1.3632 -0.0403
v -0.0968 1.3879 -0.0459
v -0.0611 1.3813 -0.0575
v -0.0340 1.3780 -0.0554
v -0.0160 1.3773 -0.0528
v -0.1156 1.3724 -0.0522
v -0.0805 1.3695 -0.0654
v -0.0473 1.3340 -0.0726
v -0.0605 1.3181 -0.0777
v -0.0630 1.3518 -0.0720
v -0.0275 1.3321 -0.0672
v -0.0356 1.3170 -0.0716
v -0.0367 1.3491 -0.0666
v -0.0173 1.3148 -0.0667
v -0.0178 1.3478 -0.0621
v -0.0470 1.3648 -0.0641
v -0.0265 1.3631 -0.0599
v -0.0755 1.3148 0.1055
v -0.0510 1.3083 0.1122
v -0.1213 1.2986 0.1048
v -0.0950 1.2969 0.1136
v -0.1031 1.3175 0.0993
v -0.1300 1.3183 0.0928
v -0.1475 1.2974 0.0939
v -0.1587 1.2761 0.0878
v -0.1375 1.2793 0.1039
v -0.1340 1.2673 -0.0605
v -0.1451 1.2508 -0.0465
v -0.1515 1.2792 -0.0543
v -0.1053 1.2701 -0.0750
v -0.1178 1.2531 -0.0666
v -0.1213 1.2829 -0.0701
v -0.0758 1.2731 -0.0800
v -0.0907 1.2559 -0.0768
v -0.0909 1.2860 -0.0798
v -0.0459 1.2750 -0.0758
v -0.0601 1.2586 -0.0773
v -0.0598 1.2882 -0.0789
v -0.0247 1.2770 -0.0704
v -0.0339 1.2608 -0.0723
v -0.0344 1.2892 -0.0729
v -0.0150 1.2634 -0.0681
v -0.0159 1.2905 -0.0680
v -0.1394 1.2959 -0.0637
v -0.1072 1.2996 -0.0768
v -0.0758 1.3021 -0.0806
v -0.0455 1.3026 -0.0756
v -0.0258 1.3023 -0.0699
v -0.1636 1.2336 0.0398
v -0.1600 1.2219 0.0065
v -0.1663 1.2350 0.0249
v -0.1598 1.2276 -0.0064
v -0.1672 1.2504 0.0592
v -0.1601 1.2552 0.0753
v -0.1533 1.2177 -0.0165
v -0.1140 1.2185 -0.0598
v -0.0882 1.2210 -0.0702
v -0.0570 1.2239 -0.0718
v -0.0302 1.2266 -0.0683
v -0.0130 1.2294 -0.0655
v -0.1283 1.2342 -0.0542
v -0.1033 1.2361 -0.0695
v -0.0440 1.2417 -0.0726
v -0.0226 1.2444 -0.0685
v -0.0747 1.2391 -0.0754
v -0.1518 1.2321 -0.0293
v -0.1380 1.2179 -0.0383
v -0.0142 1.1345 0.1494
v -0.0398 1.1343 0.1490
v -0.0746 1.1345 0.1420
v -0.1055 1.1345 0.1252
v -0.1367 1.1324 0.0595
v -0.1370 1.1322 0.0252
v -0.1264 1.1334 0.0970
v -0.1315 1.1324 0.0004
v -0.1002 1.1313 -0.0380
v -0.0739 1.1308 -0.0497
v -0.0450 1.1311 -0.0535
v -0.0231 1.1314 -0.0523
v -0.0105 1.1312 -0.0510
v -0.1200 1.1322 -0.0201
v -0.1476 1.2590 0.0968
v -0.0927 1.1503 0.1396
v -0.1592 1.2343 0.0583
v -0.0577 1.1505 0.1505
v -0.1454 1.2082 -0.0238
v -0.1369 1.1421 0.0108
v -0.1004 1.2086 -0.0636
v -0.1129 1.1413 -0.0315
v -0.1600 1.2192 0.0225
v -0.0718 1.2114 -0.0697
v -0.0406 1.2141 -0.0681
v -0.0199 1.2169 -0.0651
v -0.0258 1.1507 0.1519
v -0.1247 1.1761 0.1233
v -0.1329 1.2182 0.1199
v -0.1094 1.2540 0.1341
v -0.1016 1.2081 0.1538
v -0.1397 1.1668 0.0778
v -0.1483 1.2006 0.0687
v -0.0682 1.2654 0.1360
v -0.0642 1.2117 0.1598
v -0.1316 1.1555 -0.0143
v -0.1387 1.1820 -0.0187
v -0.1506 1.1977 -0.0036
v -0.1433 1.1705 0.0044
v -0.0908 1.1545 -0.0501
v -0.0956 1.1813 -0.0568
v -0.1219 1.1938 -0.0452
v -0.1173 1.1679 -0.0383
v -0.1431 1.1594 0.0369
v -0.1512 1.1897 0.0290
v -0.0623 1.1550 -0.0571
v -0.0671 1.1830 -0.0629
v -0.0354 1.1562 -0.0569
v -0.0375 1.1851 -0.0623
v -0.0176 1.1570 -0.0547
v -0.0185 1.1871 -0.0597
v -0.0305 1.2701 0.1318
v -0.0296 1.2128 0.1557
v -0.0172 1.2569 0.1365
v -0.0164 1.1983 0.1567
v -0.1317 1.1878 -0.0316
v -0.1257 1.1617 -0.0264
v -0.0471 1.2547 0.1412
v -0.0449 1.1978 0.1606
v -0.0118 1.1955 -0.0601
v -0.0114 1.1648 -0.0549
v -0.0270 1.1934 -0.0623
v -0.0261 1.1640 -0.0570
v -0.0524 1.1911 -0.0647
v -0.0491 1.1626 -0.0589
v -0.1516 1.1936 0.0110
v -0.1438 1.1649 0.0195
v -0.0833 1.1889 -0.0625
v -0.0779 1.1615 -0.0562
v -0.1533 1.2017 0.0446
v -0.1446 1.1713 0.0541
v -0.1092 1.1874 -0.0525
v -0.1048 1.1612 -0.0451
v -0.1457 1.1895 -0.0111
v -0.1382 1.1627 -0.0049
v -0.0879 1.2480 0.1440
v -0.0818 1.1969 0.1603
v -0.1446 1.2180 0.0917
v -0.1363 1.1829 0.1018
v -0.1230 1.2358 0.1323
v -0.1150 1.1929 0.1432
v -0.0225 0.9158 0.1436
v -0.0580 0.9165 0.1406
v -0.0959 0.9163 0.1291
v -0.1299 0.9136 0.1104
v -0.1638 0.9132 0.0405
v -0.1610 0.9132 0.0031
v -0.1534 0.9123 0.0809
v -0.1519 0.9123 -0.0235
v -0.1193 0.9134 -0.0662
v -0.0938 0.9157 -0.0816
v -0.0638 0.9166 -0.0899
v -0.0370 0.9162 -0.0919
v -0.0167 0.9160 -0.0891
v -0.1387 0.9120 -0.0459
v -0.0747 0.9346 -0.0770
v -0.0328 1.1171 -0.0512
v -0.1093 0.9373 0.1191
v -0.1166 1.1188 0.1099
v -0.0166 1.1170 -0.0501
v -0.1532 0.9345 0.0613
v -0.1356 1.1177 0.0409
v -0.1320 1.1185 0.0122
v -0.1397 0.9331 -0.0298
v -0.1087 1.1180 -0.0276
v -0.0257 1.1174 0.1482
v -0.0865 1.1172 -0.0423
v -0.0574 1.1177 0.1445
v -0.0594 1.1170 -0.0502
v -0.0598 1.0837 -0.0450
v -0.0602 1.0464 -0.0431
v -0.0625 1.0057 -0.0475
v -0.0674 0.9689 -0.0594
v -0.0464 0.9347 -0.0815
v -0.0413 0.9700 -0.0640
v -0.0380 1.0065 -0.0523
v -0.0364 1.0455 -0.0470
v -0.0349 1.0827 -0.0475
v -0.0916 1.1188 0.1316
v -0.0926 1.0856 0.1265
v -0.0935 1.0487 0.1211
v -0.0967 1.0108 0.1187
v -0.1016 0.9760 0.1181
v -0.1356 0.9350 0.0962
v -0.1254 0.9744 0.0960
v -0.1207 1.0093 0.0970
v -0.1170 1.0476 0.0995
v -0.1162 1.0856 0.1047
v -0.0252 0.9346 -0.0813
v -0.0229 0.9706 -0.0647
v -0.0211 1.0067 -0.0533
v -0.0200 1.0449 -0.0475
v -0.0183 1.0823 -0.0473
v -0.1317 1.1178 0.0778
v -0.1297 1.0835 0.0737
v -0.1307 1.0460 0.0693
v -0.1358 1.0085 0.0654
v -0.1423 0.9734 0.0623
v -0.1570 0.9350 0.0219
v -0.1471 0.9733 0.0257
v -0.1402 1.0074 0.0297
v -0.1335 1.0434 0.0343
v -0.1317 1.0815 0.0386
v -0.1507 0.9341 -0.0075
v -0.1416 0.9723 -0.0007
v -0.1355 1.0061 0.0053
v -0.1286 1.0422 0.0099
v -0.1268 1.0817 0.0120
v -0.1237 1.1187 -0.0088
v -0.1180 1.0831 -0.0072
v -0.1190 1.0432 -0.0079
v -0.1246 1.0052 -0.0125
v -0.1304 0.9710 -0.0204
v -0.1235 0.9327 -0.0497
v -0.1142 0.9697 -0.0370
v -0.1087 1.0048 -0.0272
v -0.1044 1.0445 -0.0232
v -0.1042 1.0837 -0.0242
v -0.0381 0.9375 0.1414
v -0.0349 0.9769 0.1415
v -0.0324 1.0124 0.1426
v -0.0300 1.0476 0.1431
v -0.0279 1.0825 0.1460
v -0.1018 0.9334 -0.0663
v -0.0931 0.9689 -0.0503
v -0.0875 1.0051 -0.0390
v -0.0846 1.0458 -0.0351
v -0.0847 1.0839 -0.0372
v -0.0733 0.9382 0.1345
v -0.0682 0.9769 0.1340
v -0.0644 1.0122 0.1344
v -0.0614 1.0483 0.1362
v -0.0597 1.0836 0.1408
v -0.0761 1.1016 0.1371
v -0.0773 1.0670 0.1321
v -0.0792 1.0300 0.1279
v -0.0833 0.9939 0.1272
v -0.0884 0.9584 0.1268
v -0.0731 1.1008 -0.0443
v -0.0726 1.0659 -0.0400
v -0.0736 1.0257 -0.0407
v -0.0778 0.9862 -0.0485
v -0.0843 0.9518 -0.0636
v -0.0416 1.1002 0.1460
v -0.0440 1.0654 0.1425
v -0.0463 1.0302 0.1396
v -0.0496 0.9947 0.1396
v -0.0529 0.9582 0.1382
v -0.0966 1.1011 -0.0333
v -0.0946 1.0654 -0.0300
v -0.0966 1.0245 -0.0307
v -0.1013 0.9866 -0.0380
v -0.1082 0.9516 -0.0512
v -0.0150 1.0999 0.1474
v -0.0163 1.0649 0.1452
v -0.0176 1.0300 0.1433
v -0.0189 0.9947 0.1436
v -0.0204 0.9579 0.1415
v -0.1253 1.1016 0.0017
v -0.1224 1.0623 0.0016
v -0.1275 1.0235 -0.0014
v -0.1336 0.9886 -0.0074
v -0.1405 0.9537 -0.0150
v -0.1251 1.1019 0.0928
v -0.1241 1.0664 0.0878
v -0.1272 1.0274 0.0837
v -0.1320 0.9912 0.0814
v -0.1393 0.9552 0.0798
v -0.1140 1.1016 -0.0170
v -0.1111 1.0642 -0.0155
v -0.1147 1.0237 -0.0173
v -0.1200 0.9873 -0.0242
v -0.1268 0.9525 -0.0344
v -0.1318 1.1007 0.0248
v -0.1296 1.0615 0.0227
v -0.1352 1.0243 0.0184
v -0.1421 0.9898 0.0138
v -0.1493 0.9549 0.0085
v -0.0110 1.0999 -0.0484
v -0.0122 1.0640 -0.0465
v -0.0131 1.0259 -0.0494
v -0.0139 0.9888 -0.0580
v -0.0153 0.9532 -0.0714
v -0.1333 1.1005 0.0577
v -0.1317 1.0636 0.0536
v -0.1361 1.0260 0.0491
v -0.1427 0.9906 0.0450
v -0.1507 0.9551 0.0420
v -0.0246 1.1001 -0.0490
v -0.0267 1.0642 -0.0469
v -0.0281 1.0257 -0.0496
v -0.0299 0.9880 -0.0583
v -0.0331 0.9527 -0.0727
v -0.1058 1.1029 0.1194
v -0.1057 1.0678 0.1139
v -0.1080 1.0287 0.1094
v -0.1120 0.9923 0.1087
v -0.1183 0.9570 0.1080
v -0.0460 1.1005 -0.0489
v -0.0472 1.0652 -0.0455
v -0.0483 1.0262 -0.0471
v -0.0514 0.9869 -0.0554
v -0.0567 0.9525 -0.0705
v -0.0324 1.3358 0.0981
v -0.0179 1.3313 0.1020
v -0.0186 1.3262 0.1048
v -0.0528 1.3424 0.0911
v -0.0588 1.3536 0.0823
v -0.0442 1.3476 0.0891
v -0.0735 1.3596 0.0744
v -0.0755 1.3691 0.0646
v -0.0646 1.3648 0.0722
v -0.0882 1.3748 0.0553
v -0.0897 1.3840 0.0433
v -0.0793 1.3796 0.0534
v -0.0990 1.3910 0.0312
v -0.0957 1.4000 0.0170
v -0.0902 1.3952 0.0301
v -0.0989 1.4034 0.0013
v -0.0889 1.4087 -0.0104
v -0.0904 1.4076 0.0036
v -0.0833 1.4076 -0.0247
v -0.0684 1.4120 -0.0284
v -0.0772 1.4133 -0.0187
v -0.0565 1.4068 -0.0376
v -0.0430 1.4114 -0.0362
v -0.0539 1.4150 -0.0312
v -0.0227 1.4105 -0.0380
v -0.0141 1.4045 -0.0408
v -0.0133 1.4139 -0.0367
v -0.0325 1.4051 -0.0407
v -0.0313 1.4145 -0.0357
v -0.0336 1.3214 0.1062
v -0.0290 1.3440 0.0936
v -0.0584 1.3297 0.0984
v -0.0507 1.3629 0.0774
v 0.0784 1.3341 0.0926
v -0.0654 1.3795 0.0601
v -0.0780 1.3474 0.0835
v -0.0926 1.3640 0.0667
v -0.0781 1.3944 0.0403
v -0.1055 1.3804 0.0453
v -0.0841 1.4080 0.0168
v -0.1113 1.3954 0.0164
v -0.0788 1.4156 -0.0060
v -0.1025 1.4008 -0.0194
v -0.0618 1.4194 -0.0225
v -0.0748 1.3979 -0.0426
v -0.0391 1.4207 -0.0309
v -0.0441 1.3940 -0.0476
v -0.0200 1.4207 -0.0336
v -0.0238 1.3927 -0.0469
v -0.2411 1.3114 0.0369
v -0.2338 1.2994 0.0594
v -0.2254 1.2799 0.0715
v -0.2186 1.2573 0.0730
v -0.2141 1.2358 0.0643
v -0.2084 1.2191 0.0428
v -0.2036 1.2095 0.0110
v -0.2446 1.3110 0.0085
v -0.2416 1.2978 -0.0165
v -0.2324 1.2747 -0.0320
v -0.2169 1.2490 -0.0360
v -0.2047 1.2281 -0.0297
v -0.2018 1.2135 -0.0154
v -0.1876 1.2242 -0.0049
v -0.1907 1.2279 0.0283
v -0.2122 1.3102 0.0690
v -0.2198 1.3287 0.0503
v -0.1960 1.2422 0.0581
v -0.2002 1.2622 0.0735
v -0.2075 1.2802 -0.0390
v -0.1926 1.2542 -0.0366
v -0.2045 1.2873 0.0768
v -0.2255 1.3281 -0.0078
v -0.2197 1.3080 -0.0294
v -0.2257 1.3354 0.0221
v -0.1869 1.2354 -0.0257
v -0.2804 1.2567 0.0356
v -0.2726 1.2468 0.0562
v -0.2634 1.2299 0.0676
v -0.2556 1.2098 0.0682
v -0.2511 1.1912 0.0591
v -0.2467 1.1769 0.0390
v -0.2443 1.1685 0.0102
v -0.2844 1.2558 0.0105
v -0.2830 1.2445 -0.0113
v -0.2757 1.2252 -0.0262
v -0.2621 1.2038 -0.0315
v -0.2507 1.1859 -0.0261
v -0.2459 1.1725 -0.0133
v -0.2222 1.1904 -0.0035
v -0.2242 1.1935 0.0263
v -0.2631 1.2862 0.0232
v -0.2636 1.2797 -0.0031
v -0.2567 1.2810 0.0481
v -0.2585 1.2624 -0.0223
v -0.2487 1.2656 0.0649
v -0.2464 1.2390 -0.0328
v -0.2399 1.2459 0.0712
v -0.2311 1.2171 -0.0317
v -0.2344 1.2242 0.0671
v -0.2235 1.2005 -0.0220
v -0.2297 1.2067 0.0530
v -0.0880 1.3334 0.0916
v -0.1070 1.1743 -0.0488
v -0.1403 1.2009 0.0979
v 0.1316 1.1664 -0.0201
v -0.1476 1.1793 0.0152
v -0.1419 1.1762 -0.0080
v 0.0847 1.1671 -0.0558
v -0.0931 1.1679 -0.0534
v -0.0266 1.1787 -0.0596
v 0.1254 1.1977 0.1278
v -0.1294 1.1993 0.1249
v 0.0976 1.2309 0.1480
v 0.1428 1.1830 0.0766
v 0.0562 1.2390 0.1492
v -0.1348 1.1688 -0.0167
v 0.1453 1.1816 -0.0021
v 0.0553 1.1688 -0.0600
v -0.0806 1.1752 -0.0593
v 0.1136 1.1792 -0.0456
v 0.1462 1.1725 0.0332
v 0.0271 1.1708 -0.0580
v 0.0074 1.1722 -0.0557
v -0.0056 1.1727 -0.0556
v 0.0191 1.2420 0.1436
v -0.0062 1.2429 0.1417
v -0.0508 1.1769 -0.0617
v -0.1053 1.2309 0.1463
v -0.1441 1.1852 0.0744
v -0.0661 1.2389 0.1498
v -0.0850 1.2230 0.1549
v -0.1470 1.1843 -0.0001
v -0.0646 1.1690 -0.0599
v -0.1189 1.2150 0.1402
v -0.1196 1.1808 -0.0419
v -0.1470 1.1749 0.0332
v -0.0369 1.1706 -0.0595
v -0.1489 1.1867 0.0494
v -0.0183 1.1720 -0.0570
v -0.0299 1.2417 0.1449
v -0.0116 1.1802 -0.0575
v -0.0462 1.2266 0.1533
v -0.1287 1.1748 -0.0290
v -0.0170 1.2279 0.1487
v 0.1132 1.2143 0.1427
v 0.1381 1.1991 0.1005
v 0.0757 1.2230 0.1553
v 0.1397 1.1736 -0.0108
v 0.0996 1.1731 -0.0521
v 0.1480 1.1844 0.0505
v 0.0715 1.1747 -0.0605
v 0.1465 1.1768 0.0141
v 0.0414 1.1770 -0.0609
v 0.0162 1.1790 -0.0580
v 0.0004 1.1803 -0.0567
v 0.0357 1.2269 0.1521
v 0.1242 1.1727 -0.0327
v 0.0053 1.2281 0.1479
v -0.0857 1.2026 -0.0659
v 0.0216 1.2983 0.1181
v -0.0545 1.2052 -0.0679
v -0.1422 1.1950 -0.0211
v -0.1581 1.2175 0.0410
v -0.1295 1.2580 0.1181
v 0.1390 1.1926 -0.0245
v -0.0910 1.2728 0.1288
v 0.1353 1.2371 0.1133
v -0.1389 1.2381 0.1102
v 0.1518 1.2150 0.0649
v 0.0894 1.1939 -0.0625
v -0.1491 1.2024 -0.0138
v 0.1539 1.2023 0.0254
v 0.0601 1.1968 -0.0663
v 0.0292 1.1997 -0.0637
v 0.0078 1.2022 -0.0610
v -0.0056 1.2035 -0.0609
v 0.1058 1.2779 0.1211
v 0.0610 1.2917 0.1209
v -0.1555 1.2074 0.0079
v 0.1518 1.2089 -0.0089
v 0.1183 1.2059 -0.0522
v -0.0052 1.2997 0.1173
v -0.1142 1.2775 0.1186
v -0.1532 1.2169 0.0631
v -0.0981 1.1947 -0.0602
v -0.0281 1.2078 -0.0651
v -0.1556 1.2045 0.0253
v -0.0695 1.1970 -0.0662
v -0.0387 1.1994 -0.0652
v -0.1516 1.2369 0.0828
v -0.0190 1.2019 -0.0624
v -0.0707 1.2914 0.1204
v -0.1114 1.2005 -0.0558
v -0.1543 1.2109 -0.0062
v -0.1242 1.2073 -0.0483
v -0.0314 1.2981 0.1182
v -0.0121 1.2103 -0.0628
v -0.0487 1.2821 0.1265
v -0.1344 1.2006 -0.0343
v -0.0171 1.2854 0.1236
v 0.1232 1.2577 0.1213
v 0.1489 1.2350 0.0857
v 0.0819 1.2733 0.1300
v 0.1466 1.2000 -0.0171
v 0.1040 1.1994 -0.0591
v 0.1562 1.2155 0.0420
v 0.0764 1.2022 -0.0671
v 0.1532 1.2054 0.0066
v 0.0451 1.2054 -0.0670
v 0.0178 1.2082 -0.0634
v 0.0008 1.2105 -0.0620
v 0.0389 1.2823 0.1261
v 0.1300 1.1987 -0.0383
v 0.0065 1.2856 0.1232
v -0.0245 1.1493 -0.0547
v -0.1400 1.1566 0.0081
v -0.1406 1.1502 0.0228
v 0.0506 1.1405 -0.0550
v -0.0602 1.1407 -0.0544
v -0.0151 1.1669 0.1540
v 0.1386 1.1542 0.0060
v -0.0974 1.1813 0.1512
v 0.0900 1.1805 0.1531
v 0.0803 1.1397 -0.0497
v 0.0516 1.1824 0.1594
v 0.1092 1.1531 -0.0387
v -0.1406 1.1534 0.0574
v 0.0175 1.1829 0.1568
v -0.0054 1.1829 0.1556
v 0.1159 1.1475 0.1187
v 0.1339 1.1441 0.0812
v -0.1232 1.1486 -0.0233
v 0.1258 1.1397 -0.0148
v -0.0468 1.1485 -0.0564
v 0.1391 1.1413 0.0401
v 0.0228 1.1412 -0.0533
v 0.0059 1.1416 -0.0518
v -0.0052 1.1415 -0.0517
v -0.1189 1.1484 0.1160
v -0.0614 1.1823 0.1596
v -0.1151 1.1549 -0.0348
v -0.0420 1.1666 0.1557
v -0.0887 1.1406 -0.0467
v -0.0281 1.1826 0.1577
v -0.1350 1.1452 0.0789
v -0.0757 1.1478 -0.0532
v -0.1288 1.1419 -0.0114
v -0.1027 1.1480 -0.0417
v -0.1397 1.1429 0.0401
v -0.0329 1.1414 -0.0545
v -0.0109 1.1496 -0.0530
v -0.0166 1.1416 -0.0527
v -0.1352 1.1492 -0.0021
v -0.0777 1.1664 0.1520
v -0.1310 1.1594 0.1001
v -0.1097 1.1646 0.1349
v 0.0047 1.1670 0.1535
v 0.1187 1.1466 -0.0272
v 0.0320 1.1668 0.1553
v 0.0002 1.1496 -0.0524
v 0.0140 1.1493 -0.0533
v 0.0370 1.1484 -0.0557
v 0.1398 1.1481 0.0217
v 0.0666 1.1473 -0.0548
v 0.1398 1.1517 0.0587
v 0.0954 1.1467 -0.0452
v 0.1331 1.1469 -0.0049
v 0.0694 1.1662 0.1532
v 0.1289 1.1580 0.1029
v 0.1046 1.1636 0.1375
v 0.0436 1.3199 0.1060
v 0.0073 1.3356 0.1000
v 0.0584 1.3395 0.0921
v 0.0764 1.3566 0.0766
v 0.0896 1.3731 0.0576
v 0.0999 1.3904 0.0327
v 0.0999 1.4029 -0.0019
v 0.0801 1.4023 -0.0343
v 0.0481 1.3962 -0.0464
v 0.0039 1.3926 -0.0458
v 0.0226 1.3932 -0.0466
v 0.1871 1.3643 0.0373
v 0.1801 1.3471 0.0647
v 0.1593 1.3767 0.0357
v 0.0759 1.4174 0.0057
v 0.1296 1.3836 0.0344
v 0.1735 1.3216 0.0807
v 0.1703 1.2933 0.0856
v 0.1702 1.2655 0.0747
v 0.1688 1.2457 0.0465
v 0.1662 1.2343 0.0103
v 0.1908 1.3647 0.0023
v 0.1311 1.3908 -0.0048
v 0.0640 1.4222 -0.0156
v 0.1629 1.3787 -0.0014
v 0.1888 1.3482 -0.0285
v 0.1815 1.3185 -0.0459
v 0.1693 1.2858 -0.0483
v 0.1604 1.2597 -0.0399
v 0.1616 1.2393 -0.0206
v 0.1458 1.3342 0.0815
v 0.0639 1.3895 0.0536
v 0.1107 1.3459 0.0795
v 0.0746 1.4055 0.0312
v 0.1207 1.3659 0.0609
v 0.1523 1.3586 0.0635
v 0.1526 1.3277 -0.0570
v 0.1162 1.3328 -0.0711
v 0.0831 1.3357 -0.0777
v 0.1589 1.3607 -0.0372
v 0.0421 1.4226 -0.0283
v 0.0199 1.4217 -0.0331
v 0.0027 1.4208 -0.0340
v 0.1229 1.3710 -0.0483
v 0.0866 1.3729 -0.0606
v 0.0509 1.3347 -0.0739
v 0.0254 1.3329 -0.0670
v 0.0044 1.3308 -0.0635
v 0.0510 1.3665 -0.0647
v 0.0241 1.3634 -0.0599
v 0.0039 1.3627 -0.0572
v 0.0501 1.3732 0.0710
v 0.0313 1.3543 0.0869
v 0.0889 1.3084 0.1077
v 0.0994 1.3273 0.0939
v 0.1414 1.3094 0.0926
v 0.1344 1.2880 0.1016
v 0.1411 1.2641 -0.0544
v 0.1114 1.2680 -0.0721
v 0.0815 1.2715 -0.0798
v 0.0509 1.2741 -0.0769
v 0.0246 1.2756 -0.0704
v 0.0038 1.2779 -0.0670
v 0.1468 1.2931 -0.0597
v 0.1140 1.2976 -0.0739
v 0.0815 1.3011 -0.0808
v 0.0502 1.3024 -0.0768
v 0.0248 1.3022 -0.0697
v 0.0042 1.3016 -0.0660
v 0.1593 1.2283 0.0067
v 0.1623 1.2394 0.0431
v 0.1600 1.2606 0.0774
v 0.1083 1.2340 -0.0667
v 0.0220 1.2429 -0.0684
v 0.0492 1.2405 -0.0734
v 0.0804 1.2374 -0.0748
v 0.0026 1.2456 -0.0661
v 0.1539 1.2272 -0.0213
v 0.1359 1.2318 -0.0460
v 0.1026 1.1489 0.1323
v 0.1265 1.1458 0.1013
v 0.0679 1.1503 0.1481
v 0.1317 1.1398 -0.0035
v 0.0943 1.1396 -0.0437
v 0.1379 1.1425 0.0600
v 0.0656 1.1401 -0.0534
v 0.1383 1.1405 0.0231
v 0.0357 1.1409 -0.0546
v 0.0131 1.1415 -0.0523
v 0.0001 1.1416 -0.0516
v 0.0308 1.1507 0.1519
v 0.1175 1.1396 -0.0257
v 0.0043 1.1509 0.1511
v 0.0059 1.2714 0.1294
v 0.0054 1.2135 0.1531
v 0.1287 1.1922 -0.0367
v 0.1227 1.1662 -0.0314
v 0.0379 1.2686 0.1332
v 0.0351 1.2127 0.1570
v 0.0006 1.2032 -0.0607
v 0.0005 1.1726 -0.0554
v 0.0172 1.2010 -0.0621
v 0.0161 1.1716 -0.0567
v 0.0441 1.1983 -0.0654
v 0.0405 1.1698 -0.0594
v 0.1517 1.1982 0.0082
v 0.1447 1.1696 0.0163
v 0.0753 1.1953 -0.0654
v 0.0702 1.1679 -0.0590
v 0.1543 1.2075 0.0436
v 0.1459 1.1769 0.0531
v 0.1028 1.1928 -0.0574
v 0.0986 1.1665 -0.0502
v 0.1451 1.1934 -0.0155
v 0.1377 1.1669 -0.0093
v 0.0804 1.2607 0.1377
v 0.0742 1.2102 0.1593
v 0.1457 1.2257 0.0901
v 0.1360 1.1904 0.1032
v 0.1203 1.2466 0.1286
v 0.1111 1.2035 0.1453
v 0.0506 0.9353 -0.0808
v 0.1183 0.9369 0.1130
v 0.0257 0.9346 -0.0813
v 0.1562 0.9365 0.0410
v 0.0045 0.9347 -0.0792
v 0.1537 0.9365 0.0034
v 0.1288 0.9345 -0.0432
v 0.1435 0.9357 0.0830
v 0.1437 0.9355 -0.0222
v 0.0114 0.9373 0.1415
v 0.1075 0.9345 -0.0620
v 0.0457 0.9377 0.1398
v 0.0805 0.9353 -0.0748
v 0.0838 0.9382 0.1310
v 0.0672 1.1178 0.1416
v 0.0688 1.0841 0.1377
v 0.0706 1.0487 0.1327
v 0.0739 1.0122 0.1304
v 0.0778 0.9769 0.1304
v 0.0647 1.1166 -0.0492
v 0.0648 1.0832 -0.0438
v 0.0651 1.0462 -0.0418
v 0.0674 1.0063 -0.0458
v 0.0725 0.9700 -0.0574
v 0.0310 1.1174 0.1477
v 0.0335 1.0827 0.1453
v 0.0358 1.0476 0.1421
v 0.0385 1.0124 0.1405
v 0.0416 0.9769 0.1398
v 0.0918 1.1164 -0.0394
v 0.0897 1.0833 -0.0344
v 0.0896 1.0456 -0.0324
v 0.0925 1.0061 -0.0362
v 0.0981 0.9703 -0.0468
v 0.0045 1.1174 0.1481
v 0.0058 1.0824 0.1464
v 0.0071 1.0474 0.1440
v 0.0085 1.0124 0.1430
v 0.0098 0.9768 0.1420
v 0.1267 1.1168 -0.0016
v 0.1209 1.0823 -0.0014
v 0.1218 1.0443 -0.0029
v 0.1279 1.0076 -0.0071
v 0.1340 0.9736 -0.0141
v 0.1234 1.1174 0.0980
v 0.1221 1.0836 0.0934
v 0.1229 1.0470 0.0887
v 0.1275 1.0101 0.0852
v 0.1332 0.9750 0.0828
v 0.1132 1.1167 -0.0223
v 0.1085 1.0828 -0.0196
v 0.1088 1.0447 -0.0192
v 0.1133 1.0065 -0.0229
v 0.1191 0.9716 -0.0317
v 0.1337 1.1166 0.0238
v 0.1289 1.0815 0.0220
v 0.1305 1.0444 0.0188
v 0.1372 1.0090 0.0140
v 0.1438 0.9749 0.0087
v 0.0004 1.1168 -0.0495
v 0.0014 1.0823 -0.0469
v 0.0025 1.0450 -0.0470
v 0.0033 1.0070 -0.0529
v 0.0039 0.9710 -0.0637
v 0.1344 1.1166 0.0597
v 0.1314 1.0817 0.0561
v 0.1327 1.0453 0.0519
v 0.1386 1.0098 0.0476
v 0.1454 0.9752 0.0437
v 0.0132 1.1170 -0.0499
v 0.0159 1.0823 -0.0472
v 0.0183 1.0449 -0.0474
v 0.0204 1.0066 -0.0532
v 0.0227 0.9705 -0.0646
v 0.1004 1.1181 0.1256
v 0.1003 1.0851 0.1209
v 0.1015 1.0487 0.1152
v 0.1056 1.0110 0.1121
v 0.1100 0.9759 0.1117
v 0.0355 1.1168 -0.0512
v 0.0375 1.0827 -0.0472
v 0.0391 1.0457 -0.0465
v 0.0413 1.0066 -0.0516
v 0.0451 0.9702 -0.0632
v 0.0086 1.3291 0.1036
v 0.0371 1.3453 0.0917
v 0.0586 1.3628 0.0752
v 0.0733 1.3778 0.0561
v 0.0843 1.3951 0.0320
v 0.0853 1.4091 0.0030
v 0.0713 1.4142 -0.0215
v 0.0461 1.4135 -0.0338
v 0.0040 1.4106 -0.0380
v 0.0226 1.4116 -0.0374
v 0.0083 1.3205 0.1082
v 0.1832 1.2238 0.0105
v 0.2097 1.3219 0.0636
v 0.1901 1.2522 0.0671
v 0.1911 1.2664 -0.0402
v 0.2001 1.2993 0.0767
v 0.2183 1.3217 -0.0223
v 0.2222 1.3369 0.0060
v 0.1796 1.2448 -0.0325
v 0.1870 1.2350 0.0435
v 0.2184 1.3370 0.0385
v 0.1933 1.2744 0.0776
v 0.1790 1.2286 -0.0169
v 0.2073 1.2949 -0.0382
v 0.2178 1.1944 0.0100
v 0.2604 1.2887 0.0087
v 0.2563 1.2893 0.0376
v 0.2566 1.2752 -0.0164
v 0.2465 1.2766 0.0604
v 0.2456 1.2523 -0.0312
v 0.2356 1.2571 0.0711
v 0.2297 1.2284 -0.0336
v 0.2281 1.2361 0.0697
v 0.2186 1.2103 -0.0263
v 0.2249 1.2176 0.0595
v 0.2165 1.1978 -0.0130
v 0.2212 1.2031 0.0389
v -0.0533 1.3196 0.1054
v -0.0170 1.3355 0.0997
v -0.0680 1.3388 0.0911
v -0.0859 1.3558 0.0755
v -0.0994 1.3722 0.0568
v -0.1098 1.3885 0.0321
v -0.1093 1.3996 -0.0015
v -0.0901 1.4000 -0.0335
v -0.0587 1.3957 -0.0467
v -0.0149 1.3925 -0.0463
v -0.0330 1.3931 -0.0474
v -0.1943 1.3617 0.0360
v -0.1882 1.3461 0.0626
v -0.1683 1.3744 0.0351
v -0.0830 1.4125 0.0049
v -0.1391 1.3823 0.0342
v -0.1819 1.3217 0.0784
v -0.1784 1.2939 0.0831
v -0.1778 1.2667 0.0730
v -0.1758 1.2480 0.0463
v -0.1718 1.2375 0.0107
v -0.1972 1.3616 0.0029
v -0.1402 1.3878 -0.0038
v -0.0716 1.4179 -0.0152
v -0.1711 1.3754 -0.0004
v -0.1953 1.3463 -0.0261
v -0.1890 1.3184 -0.0429
v -0.1776 1.2868 -0.0458
v -0.1691 1.2609 -0.0376
v -0.1683 1.2417 -0.0191
v -0.1552 1.3337 0.0799
v -0.0721 1.3870 0.0507
v -0.1203 1.3453 0.0786
v -0.0823 1.4017 0.0289
v -0.1304 1.3655 0.0604
v -0.1618 1.3576 0.0623
v -0.1614 1.3269 -0.0538
v -0.1265 1.3322 -0.0685
v -0.0946 1.3356 -0.0772
v -0.1673 1.3581 -0.0345
v -0.0505 1.4203 -0.0276
v -0.0289 1.4208 -0.0328
v -0.0122 1.4205 -0.0340
v -0.1330 1.3686 -0.0459
v -0.0981 1.3720 -0.0600
v -0.0619 1.3350 -0.0757
v -0.0365 1.3331 -0.0697
v -0.0178 1.3310 -0.0649
v -0.0627 1.3669 -0.0660
v -0.0356 1.3636 -0.0619
v -0.0171 1.3627 -0.0582
v -0.0586 1.3715 0.0689
v -0.0406 1.3536 0.0858
v -0.0984 1.3076 0.1063
v -0.1090 1.3265 0.0927
v -0.1503 1.3090 0.0903
v -0.1427 1.2882 0.0983
v -0.1482 1.2656 -0.0509
v -0.1196 1.2687 -0.0688
v -0.0908 1.2716 -0.0788
v -0.0602 1.2742 -0.0786
v -0.0344 1.2759 -0.0730
v -0.0155 1.2782 -0.0683
v -0.1551 1.2938 -0.0564
v -0.1232 1.2978 -0.0710
v -0.0915 1.3011 -0.0801
v -0.0598 1.3025 -0.0787
v -0.0348 1.3025 -0.0726
v -0.0165 1.3019 -0.0676
v -0.1633 1.2299 0.0081
v -0.1675 1.2415 0.0423
v -0.1656 1.2625 0.0745
v -0.1158 1.2350 -0.0633
v -0.0322 1.2430 -0.0704
v -0.0588 1.2404 -0.0747
v -0.0897 1.2376 -0.0736
v -0.0140 1.2457 -0.0670
v -0.1570 1.2290 -0.0181
v -0.1412 1.2335 -0.0421
v -0.1071 1.1496 0.1296
v -0.1283 1.1468 0.0986
v -0.0757 1.1505 0.1465
v -0.1337 1.1420 -0.0007
v -0.1016 1.1409 -0.0399
v -0.1386 1.1439 0.0588
v -0.0747 1.1405 -0.0517
v -0.1390 1.1424 0.0242
v -0.0456 1.1410 -0.0551
v -0.0236 1.1416 -0.0536
v -0.0106 1.1416 -0.0520
v -0.0405 1.1506 0.1519
v -0.1219 1.1417 -0.0218
v -0.0145 1.1509 0.1514
v -0.0172 1.2712 0.1300
v -0.0168 1.2133 0.1538
v -0.1331 1.1942 -0.0329
v -0.1272 1.1682 -0.0277
v -0.0478 1.2684 0.1340
v -0.0457 1.2124 0.1582
v -0.0119 1.2030 -0.0615
v -0.0116 1.1725 -0.0561
v -0.0275 1.2006 -0.0637
v -0.0265 1.1713 -0.0583
v -0.0534 1.1982 -0.0663
v -0.0500 1.1698 -0.0603
v -0.1535 1.2005 0.0093
v -0.1457 1.1722 0.0174
v -0.0845 1.1957 -0.0641
v -0.0792 1.1684 -0.0577
v -0.1557 1.2095 0.0427
v -0.1467 1.1793 0.0519
v -0.1103 1.1940 -0.0542
v -0.1059 1.1678 -0.0469
v -0.1475 1.1960 -0.0125
v -0.1400 1.1695 -0.0064
v -0.0894 1.2604 0.1368
v -0.0835 1.2104 0.1589
v -0.1478 1.2273 0.0874
v -0.1384 1.1924 0.1004
v -0.1261 1.2468 0.1257
v -0.1171 1.2045 0.1428
v -0.0601 0.9348 -0.0799
v -0.1237 0.9361 0.1089
v -0.0350 0.9346 -0.0820
v -0.1568 0.9348 0.0411
v -0.0160 0.9348 -0.0799
v -0.1547 0.9347 0.0058
v -0.1323 0.9328 -0.0401
v -0.1457 0.9344 0.0801
v -0.1458 0.9336 -0.0192
v -0.0214 0.9373 0.1421
v -0.1134 0.9329 -0.0586
v -0.0553 0.9379 0.1390
v -0.0888 0.9340 -0.0724
v -0.0919 0.9380 0.1277
v -0.0750 1.1182 0.1392
v -0.0768 1.0846 0.1347
v -0.0780 1.0486 0.1296
v -0.0811 1.0116 0.1273
v -0.0856 0.9766 0.1268
v -0.0734 1.1170 -0.0472
v -0.0728 1.0839 -0.0418
v -0.0728 1.0463 -0.0396
v -0.0753 1.0054 -0.0436
v -0.0807 0.9687 -0.0554
v -0.0404 1.1174 0.1472
v -0.0429 1.0828 0.1444
v -0.0451 1.0479 0.1407
v -0.0479 1.0124 0.1395
v -0.0511 0.9769 0.1388
v -0.0984 1.1175 -0.0357
v -0.0952 1.0838 -0.0313
v -0.0951 1.0452 -0.0296
v -0.0987 1.0049 -0.0335
v -0.1043 0.9692 -0.0441
v -0.0144 1.1174 0.1482
v -0.0156 1.0824 0.1464
v -0.0169 1.0475 0.1439
v -0.0183 1.0124 0.1436
v -0.0196 0.9768 0.1425
v -0.1285 1.1187 0.0012
v -0.1229 1.0824 0.0019
v -0.1244 1.0425 0.0006
v -0.1307 1.0056 -0.0041
v -0.1366 0.9717 -0.0110
v -0.1255 1.1183 0.0950
v -0.1243 1.0847 0.0903
v -0.1252 1.0469 0.0855
v -0.1295 1.0089 0.0824
v -0.1350 0.9738 0.0804
v -0.1171 1.1184 -0.0185
v -0.1118 1.0835 -0.0160
v -0.1123 1.0438 -0.0159
v -0.1173 1.0049 -0.0202
v -0.1229 0.9703 -0.0290
v -0.1344 1.1181 0.0253
v -0.1298 1.0813 0.0240
v -0.1317 1.0425 0.0207
v -0.1388 1.0067 0.0161
v -0.1453 0.9729 0.0112
v -0.0106 1.1169 -0.0497
v -0.0116 1.0823 -0.0471
v -0.0127 1.0450 -0.0472
v -0.0134 1.0070 -0.0530
v -0.0145 0.9710 -0.0640
v -0.1349 1.1176 0.0590
v -0.1319 1.0823 0.0558
v -0.1333 1.0447 0.0513
v -0.1394 1.0080 0.0469
v -0.1463 0.9733 0.0433
v -0.0236 1.1170 -0.0507
v -0.0257 1.0824 -0.0476
v -0.0274 1.0451 -0.0475
v -0.0288 1.0066 -0.0532
v -0.0314 0.9703 -0.0648
v -0.1054 1.1190 0.1220
v -0.1057 1.0860 0.1167
v -0.1065 1.0483 0.1112
v -0.1098 1.0100 0.1088
v -0.1146 0.9753 0.1082
v -0.0453 1.1170 -0.0513
v -0.0467 1.0832 -0.0468
v -0.0476 1.0461 -0.0455
v -0.0496 1.0061 -0.0504
v -0.0537 0.9694 -0.0622
v -0.0183 1.3289 0.1033
v -0.0465 1.3446 0.0907
v -0.0679 1.3616 0.0737
v -0.0830 1.3763 0.0546
v -0.0941 1.3924 0.0307
v -0.0941 1.4053 0.0027
v -0.0800 1.4109 -0.0208
v -0.0555 1.4119 -0.0334
v -0.0137 1.4102 -0.0382
v -0.0322 1.4109 -0.0375
v -0.0180 1.3203 0.1079
v -0.1888 1.2242 0.0110
v -0.2161 1.3204 0.0610
v -0.1982 1.2515 0.0676
v -0.1996 1.2665 -0.0391
v -0.2081 1.2992 0.0743
v -0.2234 1.3195 -0.0200
v -0.2264 1.3335 0.0067
v -0.1885 1.2440 -0.0322
v -0.1933 1.2341 0.0446
v -0.2232 1.3338 0.0370
v -0.2020 1.2746 0.0766
v -0.1868 1.2283 -0.0169
v -0.2144 1.2945 -0.0358
v -0.2227 1.1902 0.0107
v -0.2642 1.2844 0.0096
v -0.2604 1.2851 0.0364
v -0.2618 1.2722 -0.0137
v -0.2528 1.2742 0.0577
v -0.2533 1.2510 -0.0288
v -0.2441 1.2561 0.0694
v -0.2384 1.2275 -0.0335
v -0.2367 1.2349 0.0704
v -0.2262 1.2081 -0.0277
v -0.2321 1.2149 0.0615
v -0.2223 1.1942 -0.0142
v -0.2268 1.1993 0.0409
v -0.1207 1.2253 0.1369
v -0.1422 1.2093 0.0951
v -0.0864 1.2355 0.1499
v -0.1439 1.1829 -0.0096
v -0.1081 1.1809 -0.0507
v -0.1511 1.1942 0.0469
v -0.0819 1.1821 -0.0608
v -0.1496 1.1865 0.0130
v -0.0515 1.1840 -0.0632
v -0.0267 1.1861 -0.0610
v -0.0117 1.1879 -0.0588
v -0.0466 1.2407 0.1476
v -0.1303 1.1813 -0.0303
v -0.0171 1.2424 0.1428
v 0.1153 1.2249 0.1394
v 0.1403 1.2077 0.0975
v 0.0773 1.2356 0.1505
v 0.1416 1.1802 -0.0123
v 0.1006 1.1797 -0.0540
v 0.1502 1.1919 0.0479
v 0.0728 1.1816 -0.0621
v 0.1484 1.1839 0.0120
v 0.0423 1.1841 -0.0624
v 0.0164 1.1864 -0.0594
v 0.0004 1.1881 -0.0581
v 0.0363 1.2409 0.1464
v 0.1258 1.1791 -0.0340
v 0.0053 1.2426 0.1419
v -0.1332 1.2691 0.1106
v -0.1556 1.2464 0.0783
v -0.0927 1.2851 0.1211
v -0.1509 1.2090 -0.0151
v -0.1125 1.2077 -0.0574
v -0.1606 1.2255 0.0396
v -0.0869 1.2100 -0.0677
v -0.1576 1.2144 0.0066
v -0.0556 1.2128 -0.0696
v -0.0289 1.2155 -0.0665
v -0.0124 1.2182 -0.0641
v -0.0496 1.2956 0.1192
v -0.1359 1.2076 -0.0359
v -0.0172 1.2993 0.1176
v 0.1261 1.2686 0.1141
v 0.1521 1.2443 0.0815
v 0.0835 1.2857 0.1224
v 0.1482 1.2069 -0.0186
v 0.1052 1.2066 -0.0608
v 0.1581 1.2237 0.0406
v 0.0776 1.2096 -0.0690
v 0.1548 1.2126 0.0052
v 0.0461 1.2130 -0.0686
v 0.0185 1.2158 -0.0648
v 0.0011 1.2184 -0.0633
v 0.0399 1.2958 0.1193
v 0.1313 1.2058 -0.0399
v 0.0070 1.2995 0.1174
v -0.0158 1.1828 0.1563
v -0.1244 1.1552 -0.0249
v -0.0436 1.1824 0.1592
v -0.0112 1.1571 -0.0539
v -0.0254 1.1566 -0.0558
v -0.0480 1.1556 -0.0576
v -0.1422 1.1576 0.0212
v -0.0768 1.1546 -0.0547
v -0.1426 1.1626 0.0559
v -0.1037 1.1546 -0.0434
v -0.1366 1.1560 -0.0035
v -0.0798 1.1821 0.1574
v -0.1338 1.1716 0.1014
v -0.1125 1.1793 0.1400
v 0.0050 1.1830 0.1558
v 0.1199 1.1531 -0.0287
v 0.0333 1.1827 0.1585
v 0.0003 1.1572 -0.0533
v 0.0150 1.1567 -0.0543
v 0.0383 1.1555 -0.0568
v 0.1413 1.1553 0.0201
v 0.0678 1.1542 -0.0561
v 0.1418 1.1606 0.0571
v 0.0964 1.1533 -0.0468
v 0.1345 1.1536 -0.0063
v 0.0710 1.1818 0.1582
v 0.1314 1.1699 0.1043
v 0.1068 1.1781 0.1426
v 0.0224 1.3102 0.1107
v -0.0050 1.3107 0.1109
v 0.0167 1.3504 0.0888
v -0.0049 1.3356 0.0982
v 0.0353 1.3720 0.0731
v 0.0487 1.3911 0.0582
v 0.0605 1.4075 0.0405
v 0.0671 1.4197 0.0182
v 0.0626 1.4264 -0.0015
v 0.0480 1.4288 -0.0173
v 0.0268 1.4295 -0.0262
v -0.0047 1.4286 -0.0292
v 0.0086 1.4291 -0.0288
v 0.1968 1.3459 0.0520
v 0.1697 1.3630 0.0508
v 0.2033 1.3543 0.0213
v 0.1753 1.3727 0.0186
v 0.1889 1.3245 0.0718
v 0.1636 1.3401 0.0725
v 0.1102 1.3768 0.0464
v 0.1405 1.3713 0.0492
v 0.1157 1.3920 0.0158
v 0.1465 1.3834 0.0171
v 0.1817 1.2997 0.0805
v 0.1589 1.3141 0.0849
v 0.1789 1.2732 0.0769
v 0.1585 1.2833 0.0868
v 0.1772 1.2527 0.0594
v 0.1648 1.2546 0.0617
v 0.1751 1.2366 0.0278
v 0.1629 1.2397 0.0270
v 0.1711 1.2320 -0.0053
v 0.1593 1.2339 -0.0073
v 0.2035 1.3463 -0.0113
v 0.1760 1.3645 -0.0163
v 0.1059 1.3918 -0.0305
v 0.1449 1.3772 -0.0233
v 0.1977 1.3241 -0.0344
v 0.1717 1.3403 -0.0420
v 0.1855 1.2933 -0.0434
v 0.1643 1.3067 -0.0519
v 0.1716 1.2661 -0.0396
v 0.1548 1.2760 -0.0488
v 0.1515 1.2473 -0.0353
v 0.1668 1.2461 -0.0278
v 0.0862 1.3415 0.0842
v 0.1243 1.3286 0.0866
v 0.0987 1.3592 0.0679
v 0.1321 1.3504 0.0711
v 0.1359 1.3481 -0.0556
v 0.1319 1.3120 -0.0654
v 0.1008 1.3537 -0.0670
v 0.0980 1.3163 -0.0766
v 0.0682 1.3525 -0.0709
v 0.0664 1.3179 -0.0774
v 0.0676 1.3838 -0.0532
v 0.0346 1.3781 -0.0540
v 0.0138 1.3768 -0.0512
v -0.0064 1.3766 -0.0505
v 0.0370 1.3496 -0.0654
v 0.0367 1.3172 -0.0703
v 0.0155 1.3480 -0.0604
v 0.0155 1.3156 -0.0647
v -0.0073 1.3472 -0.0592
v -0.0069 1.3139 -0.0635
v 0.0706 1.3244 0.0979
v 0.0627 1.3032 0.1122
v 0.1161 1.3084 0.0991
v 0.1079 1.2883 0.1124
v 0.1451 1.2668 0.0942
v 0.1279 1.2806 -0.0643
v 0.1233 1.2511 -0.0603
v 0.0964 1.2844 -0.0768
v 0.0955 1.2542 -0.0737
v 0.0661 1.2873 -0.0782
v 0.0664 1.2576 -0.0763
v 0.0368 1.2885 -0.0718
v 0.0364 1.2596 -0.0710
v 0.0146 1.2894 -0.0662
v 0.0137 1.2618 -0.0663
v -0.0064 1.2906 -0.0649
v -0.0060 1.2639 -0.0653
v 0.1580 1.2411 0.0590
v 0.1572 1.2259 0.0225
v 0.1524 1.2173 -0.0093
v 0.1428 1.2164 -0.0290
v 0.1189 1.2170 -0.0532
v 0.0927 1.2193 -0.0669
v 0.0637 1.2228 -0.0704
v 0.0326 1.2256 -0.0668
v 0.0101 1.2284 -0.0635
v -0.0058 1.2301 -0.0632
v 0.0155 1.1346 0.1476
v -0.0050 1.1347 0.1474
v 0.0478 1.1345 0.1462
v 0.0846 1.1346 0.1360
v 0.1128 1.1335 0.1146
v 0.1304 1.1321 0.0805
v 0.1356 1.1311 0.0408
v 0.1321 1.1308 0.0103
v 0.1224 1.1307 -0.0125
v 0.1044 1.1305 -0.0324
v 0.0788 1.1305 -0.0462
v 0.0499 1.1309 -0.0517
v 0.0223 1.1313 -0.0503
v 0.0058 1.1314 -0.0491
v -0.0052 1.1313 -0.0490
v 0.1218 1.1873 0.1274
v 0.1308 1.2270 0.1179
v 0.0990 1.2419 0.1414
v 0.0912 1.1950 0.1546
v 0.1389 1.1748 0.0785
v 0.1477 1.2069 0.0671
v 0.0573 1.2516 0.1415
v 0.0530 1.1976 0.1595
v 0.1285 1.1604 -0.0181
v 0.1361 1.1866 -0.0222
v 0.1454 1.1889 -0.0037
v 0.1385 1.1616 0.0047
v 0.0831 1.1609 -0.0526
v 0.0878 1.1877 -0.0592
v 0.1138 1.1862 -0.0461
v 0.1093 1.1602 -0.0390
v 0.1426 1.1654 0.0351
v 0.1506 1.1951 0.0271
v 0.0541 1.1621 -0.0570
v 0.0590 1.1902 -0.0630
v 0.0266 1.1638 -0.0550
v 0.0288 1.1929 -0.0606
v 0.0074 1.1648 -0.0529
v 0.0077 1.1952 -0.0580
v -0.0056 1.1651 -0.0527
v -0.0057 1.1963 -0.0579
v 0.0197 1.2555 0.1358
v 0.0184 1.1982 0.1557
v -0.0062 1.2567 0.1339
v -0.0057 1.1984 0.1541
v 0.0299 0.9159 0.1399
v -0.0051 0.9157 0.1412
v 0.0672 0.9164 0.1359
v 0.1071 0.9159 0.1224
v 0.1377 0.9131 0.1005
v 0.1580 0.9139 0.0625
v 0.1616 0.9147 0.0188
v 0.1541 0.9141 -0.0134
v 0.1424 0.9136 -0.0371
v 0.1244 0.9140 -0.0590
v 0.0994 0.9156 -0.0768
v 0.0694 0.9164 -0.0871
v 0.0395 0.9157 -0.0901
v 0.0166 0.9150 -0.0881
v -0.0066 0.9152 -0.0862
v 0.0504 1.1004 -0.0468
v 0.0513 1.0651 -0.0431
v 0.0524 1.0261 -0.0445
v 0.0558 0.9868 -0.0525
v 0.0615 0.9523 -0.0677
v 0.0347 0.9522 -0.0708
v 0.0311 0.9875 -0.0563
v 0.0284 1.0257 -0.0476
v 0.0266 1.0642 -0.0450
v 0.0240 1.1002 -0.0471
v 0.0846 1.1018 0.1314
v 0.0854 1.0676 0.1260
v 0.0881 1.0303 0.1212
v 0.0924 0.9937 0.1203
v 0.0971 0.9582 0.1207
v 0.1248 0.9564 0.0981
v 0.1188 0.9925 0.0983
v 0.1138 1.0288 0.1005
v 0.1111 1.0669 0.1048
v 0.1114 1.1018 0.1103
v 0.0145 0.9521 -0.0701
v 0.0127 0.9879 -0.0565
v 0.0112 1.0252 -0.0477
v 0.0094 1.0639 -0.0447
v 0.0071 1.1001 -0.0466
v 0.1280 1.1003 0.0772
v 0.1267 1.0644 0.0729
v 0.1302 1.0276 0.0687
v 0.1361 0.9923 0.0650
v 0.1441 0.9561 0.0624
v 0.1489 0.9565 0.0225
v 0.1409 0.9921 0.0269
v 0.1342 1.0266 0.0314
v 0.1292 1.0629 0.0359
v 0.1312 1.0996 0.0391
v -0.0061 0.9528 -0.0690
v -0.0054 0.9885 -0.0560
v -0.0053 1.0258 -0.0475
v -0.0052 1.0640 -0.0446
v -0.0051 1.1000 -0.0465
v 0.1420 0.9557 -0.0065
v 0.1347 0.9909 0.0000
v 0.1284 1.0255 0.0056
v 0.1232 1.0631 0.0091
v 0.1261 1.1003 0.0103
v 0.1164 1.1006 -0.0103
v 0.1132 1.0638 -0.0100
v 0.1173 1.0248 -0.0117
v 0.1231 0.9892 -0.0177
v 0.1302 0.9541 -0.0268
v 0.1124 0.9524 -0.0451
v 0.1053 0.9876 -0.0328
v 0.1005 1.0250 -0.0259
v 0.0985 1.0648 -0.0250
v 0.1003 1.1005 -0.0281
v -0.0050 1.1000 0.1456
v -0.0050 1.0650 0.1435
v -0.0049 1.0300 0.1416
v -0.0049 0.9948 0.1417
v -0.0049 0.9579 0.1399
v 0.0263 0.9579 0.1390
v 0.0237 0.9947 0.1401
v 0.0214 1.0300 0.1409
v 0.0192 1.0651 0.1432
v 0.0171 1.1000 0.1455
v 0.0891 0.9522 -0.0593
v 0.0822 0.9870 -0.0446
v 0.0780 1.0257 -0.0372
v 0.0770 1.0656 -0.0365
v 0.0776 1.1005 -0.0409
v 0.0611 0.9583 0.1348
v 0.0571 0.9946 0.1352
v 0.0537 1.0303 0.1356
v 0.0514 1.0659 0.1390
v 0.0494 1.1005 0.1428
v 0.0272 1.3315 0.0990
v 0.0213 1.3382 0.0958
v -0.0049 1.3231 0.1050
v -0.0049 1.3274 0.1027
v 0.0462 1.3567 0.0808
v 0.0550 1.3513 0.0827
v 0.0711 1.3673 0.0654
v 0.0623 1.3729 0.0638
v 0.0843 1.3830 0.0442
v 0.0755 1.3885 0.0432
v 0.0905 1.4001 0.0169
v 0.0821 1.4050 0.0175
v 0.0834 1.4084 -0.0135
v 0.0764 1.4138 -0.0087
v 0.0606 1.4084 -0.0323
v 0.0571 1.4162 -0.0256
v 0.0334 1.4056 -0.0383
v 0.0323 1.4151 -0.0330
v -0.0049 1.4133 -0.0351
v -0.0051 1.4038 -0.0391
v 0.0124 1.4142 -0.0347
v 0.0132 1.4045 -0.0389
v 0.2315 1.3092 0.0506
v 0.2387 1.3158 0.0230
v 0.2217 1.2908 0.0680
v 0.2123 1.2695 0.0733
v 0.2080 1.2477 0.0675
v 0.2055 1.2307 0.0529
v 0.2013 1.2170 0.0255
v 0.1980 1.2135 -0.0039
v 0.2383 1.3085 -0.0063
v 0.2309 1.2886 -0.0268
v 0.2166 1.2622 -0.0353
v 0.2013 1.2393 -0.0319
v 0.1960 1.2235 -0.0218
v 0.2699 1.2558 0.0480
v 0.2778 1.2612 0.0232
v 0.2594 1.2400 0.0637
v 0.2506 1.2216 0.0672
v 0.2469 1.2030 0.0613
v 0.2443 1.1884 0.0474
v 0.2411 1.1769 0.0229
v 0.2406 1.1743 -0.0017
v 0.2786 1.2545 -0.0024
v 0.2727 1.2370 -0.0213
v 0.2608 1.2152 -0.0300
v 0.2473 1.1962 -0.0269
v 0.2414 1.1827 -0.0173
v -0.0321 1.3099 0.1105
v -0.0261 1.3501 0.0883
v -0.0437 1.3704 0.0715
v -0.0560 1.3882 0.0547
v -0.0670 1.4032 0.0365
v -0.0728 1.4142 0.0160
v -0.0688 1.4204 -0.0024
v -0.0551 1.4246 -0.0166
v -0.0350 1.4274 -0.0253
v -0.0172 1.4286 -0.0285
v -0.2032 1.3441 0.0499
v -0.1784 1.3612 0.0493
v -0.2087 1.3513 0.0208
v -0.1832 1.3695 0.0185
v -0.1965 1.3243 0.0694
v -0.1726 1.3395 0.0707
v -0.1200 1.3761 0.0460
v -0.1501 1.3703 0.0487
v -0.1253 1.3897 0.0160
v -0.1555 1.3809 0.0172
v -0.1900 1.3001 0.0783
v -0.1676 1.3140 0.0826
v -0.1872 1.2738 0.0756
v -0.1663 1.2841 0.0836
v -0.1849 1.2532 0.0593
v -0.1714 1.2567 0.0603
v -0.1813 1.2388 0.0283
v -0.1692 1.2421 0.0272
v -0.1780 1.2349 -0.0054
v -0.1629 1.2360 -0.0055
v -0.2085 1.3438 -0.0099
v -0.1833 1.3615 -0.0145
v -0.1159 1.3888 -0.0291
v -0.1535 1.3740 -0.0213
v -0.2039 1.3231 -0.0318
v -0.1796 1.3388 -0.0390
v -0.1934 1.2938 -0.0410
v -0.1726 1.3070 -0.0487
v -0.1805 1.2665 -0.0381
v -0.1630 1.2772 -0.0459
v -0.1576 1.2494 -0.0322
v -0.1766 1.2467 -0.0267
v -0.0959 1.3409 0.0832
v -0.1338 1.3280 0.0853
v -0.1083 1.3586 0.0672
v -0.1418 1.3498 0.0702
v -0.1455 1.3464 -0.0527
v -0.1410 1.3119 -0.0623
v -0.1121 1.3528 -0.0653
v -0.1083 1.3162 -0.0747
v -0.0799 1.3527 -0.0716
v -0.0769 1.3180 -0.0781
v -0.0788 1.3833 -0.0534
v -0.0456 1.3783 -0.0553
v -0.0253 1.3769 -0.0525
v -0.0483 1.3497 -0.0676
v -0.0466 1.3174 -0.0729
v -0.0279 1.3480 -0.0626
v -0.0273 1.3160 -0.0674
v -0.0803 1.3238 0.0970
v -0.0723 1.3028 0.1115
v -0.1253 1.3076 0.0971
v -0.1166 1.2879 0.1100
v -0.1514 1.2685 0.0902
v -0.1360 1.2815 -0.0609
v -0.1302 1.2524 -0.0565
v -0.1055 1.2846 -0.0746
v -0.1041 1.2547 -0.0712
v -0.0756 1.2874 -0.0789
v -0.0758 1.2576 -0.0766
v -0.0459 1.2887 -0.0742
v -0.0459 1.2598 -0.0732
v -0.0255 1.2898 -0.0686
v -0.0245 1.2622 -0.0683
v -0.1613 1.2435 0.0570
v -0.1612 1.2277 0.0226
v -0.1550 1.2192 -0.0064
v -0.1465 1.2184 -0.0251
v -0.1248 1.2184 -0.0494
v -0.1012 1.2199 -0.0645
v -0.0731 1.2229 -0.0705
v -0.0423 1.2255 -0.0684
v -0.0212 1.2283 -0.0650
v -0.0253 1.1346 0.1478
v -0.0565 1.1346 0.1451
v -0.0906 1.1351 0.1333
v -0.1157 1.1343 0.1117
v -0.1314 1.1330 0.0783
v -0.1361 1.1325 0.0410
v -0.1332 1.1327 0.0122
v -0.1253 1.1328 -0.0092
v -0.1101 1.1322 -0.0284
v -0.0870 1.1313 -0.0432
v -0.0593 1.1312 -0.0510
v -0.0324 1.1315 -0.0514
v -0.0165 1.1315 -0.0498
v -0.1258 1.1890 0.1245
v -0.1339 1.2279 0.1151
v -0.1065 1.2417 0.1396
v -0.0989 1.1958 0.1531
v -0.1404 1.1770 0.0763
v -0.1489 1.2089 0.0654
v -0.0670 1.2515 0.1419
v -0.0630 1.1975 0.1600
v -0.1316 1.1627 -0.0148
v -0.1392 1.1891 -0.0190
v -0.1472 1.1916 -0.0017
v -0.1400 1.1640 0.0067
v -0.0913 1.1617 -0.0502
v -0.0963 1.1885 -0.0570
v -0.1196 1.1878 -0.0424
v -0.1151 1.1619 -0.0353
v -0.1433 1.1677 0.0351
v -0.1517 1.1976 0.0270
v -0.0633 1.1623 -0.0568
v -0.0682 1.1904 -0.0628
v -0.0365 1.1636 -0.0565
v -0.0381 1.1926 -0.0621
v -0.0183 1.1647 -0.0541
v -0.0190 1.1948 -0.0594
v -0.0303 1.2552 0.1371
v -0.0293 1.1979 0.1568
v -0.0401 0.9158 0.1416
v -0.0760 0.9166 0.1341
v -0.1134 0.9148 0.1193
v -0.1416 0.9120 0.0964
v -0.1590 0.9122 0.0612
v -0.1620 0.9129 0.0203
v -0.1553 0.9121 -0.0105
v -0.1447 0.9114 -0.0340
v -0.1286 0.9118 -0.0554
v -0.1065 0.9139 -0.0734
v -0.0787 0.9155 -0.0852
v -0.0492 0.9156 -0.0901
v -0.0266 0.9152 -0.0895
v -0.0593 1.1009 -0.0458
v -0.0596 1.0658 -0.0417
v -0.0605 1.0259 -0.0427
v -0.0643 0.9858 -0.0509
v -0.0703 0.9513 -0.0662
v -0.0436 0.9519 -0.0706
v -0.0392 0.9871 -0.0558
v -0.0368 1.0258 -0.0472
v -0.0356 1.0646 -0.0449
v -0.0339 1.1004 -0.0475
v -0.0914 1.1027 0.1277
v -0.0919 1.0679 0.1223
v -0.0938 1.0294 0.1179
v -0.0981 0.9930 0.1171
v -0.1040 0.9577 0.1166
v -0.1281 0.9556 0.0946
v -0.1214 0.9915 0.0957
v -0.1174 1.0279 0.0966
v -0.1146 1.0674 0.1010
v -0.1153 1.1029 0.1063
v -0.0241 0.9522 -0.0708
v -0.0219 0.9878 -0.0567
v -0.0205 1.0254 -0.0480
v -0.0193 1.0640 -0.0450
v -0.0175 1.1002 -0.0469
v -0.1290 1.1012 0.0756
v -0.1277 1.0651 0.0710
v -0.1314 1.0266 0.0669
v -0.1373 0.9906 0.0632
v -0.1452 0.9545 0.0610
v -0.1497 0.9548 0.0238
v -0.1420 0.9899 0.0278
v -0.1351 1.0247 0.0320
v -0.1298 1.0622 0.0368
v -0.1317 1.1006 0.0400
v -0.1439 0.9538 -0.0034
v -0.1370 0.9888 0.0031
v -0.1305 1.0234 0.0084
v -0.1248 1.0615 0.0119
v -0.1273 1.1014 0.0127
v -0.1189 1.1020 -0.0070
v -0.1160 1.0633 -0.0062
v -0.1204 1.0232 -0.0086
v -0.1262 0.9875 -0.0151
v -0.1330 0.9525 -0.0240
v -0.1171 0.9513 -0.0420
v -0.1103 0.9863 -0.0302
v -0.1053 1.0238 -0.0230
v -0.1024 1.0649 -0.0220
v -0.1050 1.1016 -0.0245
v -0.0361 0.9580 0.1389
v -0.0335 0.9948 0.1409
v -0.0310 1.0300 0.1406
v -0.0288 1.0652 0.1428
v -0.0267 1.1001 0.1455
v -0.0962 0.9508 -0.0567
v -0.0894 0.9858 -0.0422
v -0.0849 1.0249 -0.0346
v -0.0836 1.0659 -0.0340
v -0.0848 1.1012 -0.0381
v -0.0699 0.9583 0.1322
v -0.0657 0.9944 0.1328
v -0.0621 1.0302 0.1331
v -0.0600 1.0663 0.1368
v -0.0582 1.1009 0.1412
v -0.0368 1.3311 0.0983
v -0.0308 1.3378 0.0951
v -0.0554 1.3556 0.0794
v -0.0645 1.3504 0.0815
v -0.0806 1.3660 0.0642
v -0.0715 1.3712 0.0620
v -0.0944 1.3813 0.0430
v -0.0851 1.3861 0.0413
v -0.1001 1.3969 0.0162
v -0.0909 1.4011 0.0163
v -0.0925 1.4048 -0.0130
v -0.0846 1.4095 -0.0085
v -0.0701 1.4064 -0.0318
v -0.0656 1.4133 -0.0253
v -0.0433 1.4048 -0.0385
v -0.0416 1.4139 -0.0327
v -0.0219 1.4135 -0.0348
v -0.0231 1.4040 -0.0393
v -0.2363 1.3060 0.0484
v -0.2424 1.3118 0.0228
v -0.2289 1.2895 0.0654
v -0.2211 1.2690 0.0719
v -0.2167 1.2464 0.0684
v -0.2124 1.2279 0.0544
v -0.2067 1.2141 0.0270
v -0.2036 1.2108 -0.0039
v -0.2425 1.3050 -0.0045
v -0.2370 1.2866 -0.0242
v -0.2249 1.2615 -0.0338
v -0.2097 1.2381 -0.0322
v -0.2032 1.2210 -0.0225
v -0.2754 1.2522 0.0459
v -0.2818 1.2566 0.0231
v -0.2674 1.2383 0.0618
v -0.2589 1.2203 0.0676
v -0.2538 1.2003 0.0633
v -0.2501 1.1847 0.0498
v -0.2460 1.1726 0.0245
v -0.2460 1.1699 -0.0029
v -0.2830 1.2505 -0.0008
v -0.2794 1.2350 -0.0181
v -0.2691 1.2141 -0.0288
v -0.2556 1.1946 -0.0282
v -0.2485 1.1795 -0.0195
v -0.1424 1.2019 -0.0215
v 0.0854 1.1743 -0.0559
v 0.1323 1.1735 -0.0201
v 0.1260 1.2076 0.1246
v -0.0938 1.1751 -0.0536
v 0.0950 1.2189 0.1506
v 0.1433 1.1911 0.0732
v 0.0552 1.2249 0.1530
v -0.1354 1.1760 -0.0169
v 0.1420 1.1753 0.0005
v -0.1296 1.2089 0.1219
v 0.0565 1.1762 -0.0599
v 0.1115 1.1732 -0.0425
v 0.1466 1.1803 0.0311
v 0.0278 1.1784 -0.0578
v 0.0076 1.1801 -0.0554
v -0.0057 1.1808 -0.0552
v 0.0190 1.2270 0.1479
v -0.0061 1.2276 0.1460
v -0.1027 1.2192 0.1490
v -0.1445 1.1932 0.0712
v -0.0652 1.2248 0.1536
v 0.1391 1.1996 -0.0251
v -0.1436 1.1780 0.0025
v 0.1373 1.2472 0.1060
v -0.0657 1.1764 -0.0598
v -0.1174 1.1749 -0.0389
v -0.1474 1.1828 0.0310
v -0.0374 1.1781 -0.0592
v -0.1417 1.2486 0.1025
v -0.0187 1.1798 -0.0567
v -0.0300 1.2267 0.1491
v 0.1527 1.2240 0.0620
v 0.0902 1.2011 -0.0626
v 0.1538 1.2103 0.0238
v 0.0612 1.2042 -0.0663
v 0.0303 1.2071 -0.0635
v 0.0084 1.2097 -0.0607
v -0.0057 1.2112 -0.0605
v 0.1031 1.2654 0.1271
v 0.0597 1.2779 0.1268
v 0.0209 1.2837 0.1227
v 0.1486 1.2024 -0.0071
v 0.1161 1.1992 -0.0492
v -0.0056 1.2852 0.1214
v -0.1546 1.2261 0.0601
v -0.0986 1.2018 -0.0603
v -0.1110 1.2650 0.1249
v -0.1561 1.2123 0.0237
v -0.0705 1.2043 -0.0662
v -0.0398 1.2068 -0.0649
v -0.0197 1.2094 -0.0621
v -0.0692 1.2776 0.1266
v -0.1508 1.2047 -0.0046
v -0.1219 1.2008 -0.0455
v -0.0309 1.2834 0.1233
v 0.0516 1.1481 -0.0545
v -0.0942 1.1665 0.1441
v -0.1369 1.1500 0.0098
v 0.1356 1.1477 0.0079
v 0.0875 1.1659 0.1461
v 0.0808 1.1473 -0.0496
v 0.0500 1.1670 0.1537
v 0.1070 1.1470 -0.0358
v 0.0167 1.1672 0.1526
v -0.0053 1.1672 0.1517
v 0.1170 1.1616 0.1215
v 0.1345 1.1550 0.0803
v 0.1257 1.1471 -0.0154
v 0.1391 1.1498 0.0385
v 0.0242 1.1491 -0.0527
v 0.0065 1.1497 -0.0510
v -0.0054 1.1498 -0.0508
v -0.1204 1.1629 0.1188
v -0.0593 1.1670 0.1535
v -0.1129 1.1488 -0.0320
v -0.0610 1.1484 -0.0542
v -0.0891 1.1482 -0.0469
v -0.0270 1.1670 0.1532
v -0.1357 1.1566 0.0780
v -0.1288 1.1494 -0.0120
v -0.1397 1.1517 0.0386
v -0.0343 1.1492 -0.0540
v -0.0173 1.1497 -0.0520
v 0.0076 1.3108 0.1108
v 0.0061 1.3402 0.0954
v 0.0266 1.3614 0.0810
v 0.0424 1.3819 0.0657
v 0.0548 1.3997 0.0500
v 0.0649 1.4143 0.0295
v 0.0662 1.4238 0.0079
v 0.0564 1.4280 -0.0101
v 0.0376 1.4293 -0.0227
v 0.0170 1.4294 -0.0280
v 0.0015 1.4288 -0.0291
v 0.1828 1.3563 0.0516
v 0.1888 1.3653 0.0199
v 0.2005 1.3522 0.0376
v 0.1728 1.3700 0.0357
v 0.1762 1.3338 0.0725
v 0.1929 1.3362 0.0634
v 0.1666 1.3525 0.0629
v 0.1555 1.3678 0.0501
v 0.1613 1.3785 0.0178
v 0.1254 1.3740 0.0479
v 0.1312 1.3877 0.0162
v 0.1142 1.3852 0.0326
v 0.1442 1.3790 0.0346
v 0.1707 1.3077 0.0831
v 0.1849 1.3124 0.0776
v 0.1608 1.3273 0.0798
v 0.1698 1.2792 0.0811
v 0.1799 1.2861 0.0803
v 0.1582 1.2999 0.0874
v 0.1696 1.2560 0.0614
v 0.1781 1.2622 0.0701
v 0.1641 1.2663 0.0755
v 0.1680 1.2404 0.0279
v 0.1763 1.2439 0.0448
v 0.1641 1.2460 0.0451
v 0.1643 1.2356 -0.0062
v 0.1734 1.2321 0.0104
v 0.1614 1.2351 0.0089
v 0.1895 1.3571 -0.0136
v 0.1764 1.3708 0.0007
v 0.2043 1.3523 0.0045
v 0.1271 1.3840 -0.0268
v 0.1138 1.3954 -0.0049
v 0.1470 1.3832 -0.0029
v 0.1612 1.3709 -0.0196
v 0.1851 1.3341 -0.0378
v 0.1743 1.3541 -0.0309
v 0.2014 1.3368 -0.0245
v 0.1752 1.3017 -0.0472
v 0.1684 1.3239 -0.0489
v 0.1923 1.3090 -0.0407
v 0.1631 1.2725 -0.0436
v 0.1593 1.2906 -0.0516
v 0.1781 1.2788 -0.0427
v 0.1521 1.2627 -0.0440
v 0.1677 1.2555 -0.0348
v 0.1566 1.2377 -0.0210
v 0.1684 1.2374 -0.0181
v 0.1593 1.2498 -0.0307
v 0.1429 1.3212 0.0862
v 0.1486 1.3455 0.0720
v 0.1052 1.3354 0.0857
v 0.1154 1.3548 0.0696
v 0.0928 1.3503 0.0765
v 0.1282 1.3393 0.0795
v 0.1046 1.3681 0.0580
v 0.1363 1.3613 0.0612
v 0.1334 1.3299 -0.0629
v 0.1547 1.3446 -0.0484
v 0.1493 1.3098 -0.0583
v 0.0989 1.3345 -0.0741
v 0.1179 1.3515 -0.0620
v 0.1146 1.3143 -0.0719
v 0.0673 1.3352 -0.0753
v 0.0845 1.3538 -0.0702
v 0.0821 1.3175 -0.0783
v 0.1405 1.3647 -0.0418
v 0.0855 1.3884 -0.0455
v 0.0499 1.3803 -0.0552
v 0.0233 1.3771 -0.0524
v 0.0039 1.3766 -0.0505
v 0.1041 1.3733 -0.0526
v 0.0687 1.3686 -0.0634
v 0.0370 1.3335 -0.0685
v 0.0507 1.3177 -0.0742
v 0.0517 1.3509 -0.0688
v 0.0157 1.3317 -0.0631
v 0.0256 1.3165 -0.0671
v 0.0256 1.3486 -0.0625
v -0.0071 1.3301 -0.0618
v 0.0045 1.3145 -0.0634
v 0.0043 1.3474 -0.0592
v 0.0359 1.3639 -0.0607
v 0.0147 1.3625 -0.0565
v -0.0070 1.3621 -0.0555
v 0.0656 1.3144 0.1050
v 0.0411 1.3078 0.1111
v 0.1117 1.2986 0.1056
v 0.0854 1.2967 0.1136
v 0.0933 1.3174 0.0992
v 0.1203 1.3183 0.0930
v 0.1383 1.2973 0.0951
v 0.1506 1.2750 0.0901
v 0.1289 1.2784 0.1060
v 0.1257 1.2665 -0.0627
v 0.1379 1.2496 -0.0489
v 0.1428 1.2785 -0.0561
v 0.0960 1.2699 -0.0758
v 0.1093 1.2525 -0.0685
v 0.1121 1.2825 -0.0717
v 0.0665 1.2732 -0.0777
v 0.0813 1.2559 -0.0762
v 0.0812 1.2860 -0.0789
v 0.0370 1.2749 -0.0718
v 0.0509 1.2587 -0.0741
v 0.0509 1.2881 -0.0754
v 0.0144 1.2766 -0.0665
v 0.0243 1.2606 -0.0682
v 0.0251 1.2889 -0.0686
v -0.0062 1.2786 -0.0653
v 0.0036 1.2632 -0.0653
v 0.0040 1.2902 -0.0649
v 0.1301 1.2956 -0.0655
v 0.0971 1.2996 -0.0771
v 0.0660 1.3020 -0.0782
v 0.0366 1.3023 -0.0713
v 0.0150 1.3019 -0.0657
v -0.0066 1.3014 -0.0644
v 0.1585 1.2322 0.0405
v 0.1551 1.2208 0.0052
v 0.1595 1.2338 0.0247
v 0.1555 1.2265 -0.0087
v 0.1610 1.2490 0.0603
v 0.1543 1.2535 0.0777
v 0.1490 1.2163 -0.0194
v 0.1058 1.2179 -0.0617
v 0.0788 1.2210 -0.0697
v 0.0477 1.2243 -0.0690
v 0.0201 1.2270 -0.0648
v 0.0017 1.2296 -0.0630
v 0.1210 1.2332 -0.0568
v 0.0943 1.2359 -0.0704
v 0.0346 1.2419 -0.0690
v 0.0120 1.2444 -0.0651
v 0.0653 1.2394 -0.0735
v -0.0059 1.2464 -0.0645
v 0.1463 1.2307 -0.0320
v 0.1320 1.2166 -0.0412
v 0.0042 1.1346 0.1474
v 0.0303 1.1345 0.1475
v 0.0665 1.1346 0.1424
v 0.1000 1.1342 0.1269
v 0.1344 1.1315 0.0603
v 0.1346 1.1308 0.0242
v 0.1231 1.1328 0.0989
v 0.1282 1.1307 -0.0017
v 0.0923 1.1304 -0.0403
v 0.0646 1.1307 -0.0500
v 0.0352 1.1311 -0.0514
v 0.0128 1.1314 -0.0495
v 0.0001 1.1313 -0.0489
v 0.1145 1.1306 -0.0230
v 0.1409 1.2573 0.0996
v 0.0858 1.1504 0.1405
v 0.1553 1.2326 0.0598
v 0.0485 1.1510 0.1495
v 0.1406 1.2067 -0.0268
v 0.1341 1.1404 0.0093
v 0.0914 1.2084 -0.0644
v 0.1059 1.1400 -0.0342
v 0.1554 1.2180 0.0225
v 0.0623 1.2118 -0.0681
v 0.0312 1.2147 -0.0649
v 0.0090 1.2175 -0.0620
v -0.0057 1.2190 -0.0618
v 0.0158 1.1511 0.1498
v -0.0052 1.1512 0.1493
v 0.1194 1.1750 0.1253
v 0.1282 1.2172 0.1217
v 0.1010 1.2536 0.1347
v 0.0931 1.2073 0.1538
v 0.1367 1.1653 0.0797
v 0.1455 1.1989 0.0701
v 0.0585 1.2647 0.1344
v 0.0542 1.2114 0.1575
v 0.1270 1.1537 -0.0168
v 0.1343 1.1800 -0.0211
v 0.1470 1.1956 -0.0055
v 0.1402 1.1684 0.0027
v 0.0819 1.1541 -0.0511
v 0.0866 1.1810 -0.0576
v 0.1149 1.1927 -0.0477
v 0.1104 1.1667 -0.0407
v 0.1408 1.1577 0.0369
v 0.1487 1.1877 0.0290
v 0.0528 1.1551 -0.0557
v 0.0578 1.1832 -0.0614
v 0.0255 1.1564 -0.0538
v 0.0282 1.1856 -0.0592
v 0.0070 1.1572 -0.0519
v 0.0076 1.1877 -0.0567
v -0.0055 1.1574 -0.0517
v -0.0057 1.1886 -0.0566
v 0.0203 1.2696 0.1292
v 0.0188 1.2128 0.1529
v -0.0059 1.2710 0.1276
v -0.0059 1.2131 0.1512
v 0.0056 1.2564 0.1342
v 0.0054 1.1984 0.1544
v 0.1261 1.1862 -0.0342
v 0.1200 1.1602 -0.0290
v 0.0372 1.2541 0.1386
v 0.0345 1.1980 0.1578
v 0.0005 1.1960 -0.0577
v 0.0005 1.1651 -0.0525
v 0.0169 1.1941 -0.0591
v 0.0159 1.1644 -0.0537
v 0.0434 1.1916 -0.0622
v 0.0396 1.1630 -0.0564
v 0.1485 1.1915 0.0102
v 0.1412 1.1629 0.0185
v 0.0739 1.1889 -0.0621
v 0.0687 1.1614 -0.0559
v 0.1506 1.1999 0.0454
v 0.1421 1.1694 0.0551
v 0.1010 1.1867 -0.0543
v 0.0968 1.1604 -0.0470
v 0.1419 1.1874 -0.0132
v 0.1345 1.1608 -0.0071
v 0.0786 1.2474 0.1432
v 0.0724 1.1967 0.1591
v 0.1412 1.2167 0.0935
v 0.1322 1.1812 0.1041
v 0.1166 1.2353 0.1336
v 0.1079 1.1919 0.1444
v 0.0124 0.9158 0.1405
v 0.0480 0.9161 0.1388
v 0.0876 0.9165 0.1302
v 0.1237 0.9144 0.1130
v 0.1617 0.9145 0.0401
v 0.1587 0.9145 0.0011
v 0.1496 0.9132 0.0833
v 0.1488 0.9138 -0.0258
v 0.1127 0.9147 -0.0687
v 0.0849 0.9162 -0.0830
v 0.0538 0.9161 -0.0894
v 0.0276 0.9153 -0.0895
v 0.0049 0.9151 -0.0867
v 0.1343 0.9136 -0.0482
v 0.0653 0.9346 -0.0771
v 0.0228 1.1171 -0.0488
v 0.1016 0.9377 0.1214
v 0.1118 1.1181 0.1123
v 0.0063 1.1171 -0.0479
v 0.1505 0.9355 0.0622
v 0.1334 1.1167 0.0403
v -0.0051 1.1169 -0.0478
v 0.1292 1.1170 0.0105
v 0.1358 0.9344 -0.0319
v 0.1023 1.1168 -0.0303
v -0.0050 0.9372 0.1401
v 0.0160 1.1175 0.1464
v 0.0781 1.1168 -0.0437
v 0.0483 1.1176 0.1442
v 0.0499 1.1169 -0.0494
v 0.0509 1.0831 -0.0445
v 0.0517 1.0460 -0.0430
v 0.0538 1.0060 -0.0476
v 0.0584 0.9692 -0.0594
v 0.0370 0.9341 -0.0801
v 0.0327 0.9697 -0.0628
v 0.0296 1.0063 -0.0512
v 0.0275 1.0452 -0.0455
v 0.0254 1.0826 -0.0457
v 0.0843 1.1183 0.1333
v 0.0849 1.0851 0.1289
v 0.0865 1.0492 0.1232
v 0.0902 1.0117 0.1204
v 0.0943 0.9764 0.1204
v 0.1306 0.9354 0.0991
v 0.1213 0.9750 0.0979
v 0.1162 1.0103 0.0992
v 0.1120 1.0479 0.1023
v 0.1111 1.0848 0.1076
v 0.0155 0.9337 -0.0788
v 0.0136 0.9700 -0.0627
v 0.0120 1.0063 -0.0514
v 0.0104 1.0447 -0.0455
v 0.0083 1.0824 -0.0453
v 0.1291 1.1171 0.0792
v 0.1270 1.0826 0.0751
v 0.1279 1.0459 0.0707
v 0.1331 1.0097 0.0668
v 0.1395 0.9747 0.0634
v 0.1548 0.9362 0.0206
v 0.1445 0.9749 0.0246
v 0.1376 1.0092 0.0291
v 0.1311 1.0445 0.0338
v 0.1295 1.0814 0.0376
v -0.0064 0.9342 -0.0773
v -0.0057 0.9707 -0.0619
v -0.0053 1.0069 -0.0511
v -0.0053 1.0450 -0.0453
v -0.0051 1.0823 -0.0452
v 0.1476 0.9355 -0.0100
v 0.1379 0.9739 -0.0032
v 0.1316 1.0079 0.0030
v 0.1251 1.0440 0.0077
v 0.1238 1.0821 0.0099
v 0.1195 1.1171 -0.0112
v 0.1140 1.0827 -0.0099
v 0.1146 1.0442 -0.0104
v 0.1202 1.0066 -0.0141
v 0.1262 0.9721 -0.0220
v 0.1179 0.9336 -0.0520
v 0.1084 0.9702 -0.0385
v 0.1027 1.0058 -0.0286
v 0.0991 1.0450 -0.0248
v 0.0990 1.0832 -0.0262
v -0.0050 1.1175 0.1464
v -0.0050 1.0825 0.1447
v -0.0050 1.0476 0.1423
v -0.0049 1.0124 0.1417
v -0.0049 0.9769 0.1408
v 0.0280 0.9374 0.1392
v 0.0249 0.9768 0.1395
v 0.0225 1.0124 0.1404
v 0.0203 1.0476 0.1419
v 0.0182 1.0826 0.1445
v 0.0940 0.9341 -0.0679
v 0.0852 0.9694 -0.0513
v 0.0797 1.0058 -0.0399
v 0.0771 1.0460 -0.0361
v 0.0772 1.0836 -0.0383
v 0.0639 0.9379 0.1352
v 0.0589 0.9769 0.1350
v 0.0553 1.0123 0.1352
v 0.0524 1.0482 0.1370
v 0.0505 1.0833 0.1411
v 0.0675 1.1012 0.1383
v 0.0689 1.0669 0.1336
v 0.0714 1.0304 0.1293
v 0.0752 0.9942 0.1289
v 0.0796 0.9585 0.1289
v 0.0644 1.1005 -0.0447
v 0.0644 1.0655 -0.0405
v 0.0654 1.0260 -0.0414
v 0.0692 0.9868 -0.0491
v 0.0757 0.9522 -0.0642
v 0.0322 1.1001 0.1450
v 0.0345 1.0654 0.1420
v 0.0367 1.0301 0.1392
v 0.0398 0.9947 0.1386
v 0.0432 0.9581 0.1378
v 0.0897 1.1005 -0.0353
v 0.0885 1.0653 -0.0313
v 0.0899 1.0253 -0.0320
v 0.0943 0.9872 -0.0392
v 0.1014 0.9521 -0.0529
v 0.0051 1.1000 0.1456
v 0.0064 1.0650 0.1435
v 0.0077 1.0300 0.1415
v 0.0091 0.9947 0.1411
v 0.0105 0.9578 0.1396
v 0.1219 1.1005 -0.0006
v 0.1187 1.0634 -0.0011
v 0.1234 1.0251 -0.0036
v 0.1296 0.9901 -0.0095
v 0.1367 0.9550 -0.0172
v 0.1212 1.1011 0.0951
v 0.1204 1.0657 0.0901
v 0.1233 1.0281 0.0860
v 0.1288 0.9923 0.0830
v 0.1359 0.9560 0.0817
v 0.1092 1.1006 -0.0196
v 0.1066 1.0643 -0.0179
v 0.1097 1.0248 -0.0191
v 0.1150 0.9883 -0.0256
v 0.1220 0.9532 -0.0362
v 0.1293 1.0999 0.0233
v 0.1269 1.0628 0.0211
v 0.1322 1.0260 0.0169
v 0.1388 0.9916 0.0118
v 0.1464 0.9563 0.0064
v 0.0008 1.1001 -0.0465
v 0.0020 1.0640 -0.0445
v 0.0029 1.0255 -0.0475
v 0.0037 0.9883 -0.0561
v 0.0042 0.9525 -0.0693
v 0.1311 1.0997 0.0578
v 0.1294 1.0634 0.0540
v 0.1338 1.0271 0.0495
v 0.1402 0.9923 0.0454
v 0.1484 0.9564 0.0419
v 0.0145 1.1002 -0.0468
v 0.0172 1.0640 -0.0449
v 0.0193 1.0253 -0.0479
v 0.0215 0.9877 -0.0567
v 0.0242 0.9521 -0.0708
v 0.0992 1.1021 0.1222
v 0.0995 1.0676 0.1166
v 0.1022 1.0297 0.1119
v 0.1068 0.9930 0.1104
v 0.1120 0.9573 0.1107
v 0.0364 1.1003 -0.0474
v 0.0383 1.0647 -0.0445
v 0.0398 1.0260 -0.0465
v 0.0428 0.9871 -0.0549
v 0.0474 0.9523 -0.0698
v 0.0227 1.3354 0.0973
v 0.0081 1.3306 0.1008
v -0.0049 1.3254 0.1038
v 0.0088 1.3255 0.1036
v 0.0430 1.3422 0.0907
v 0.0491 1.3536 0.0823
v 0.0345 1.3474 0.0888
v 0.0639 1.3596 0.0744
v 0.0657 1.3693 0.0648
v 0.0551 1.3651 0.0725
v 0.0781 1.3748 0.0555
v 0.0791 1.3848 0.0437
v 0.0693 1.3805 0.0541
v 0.0887 1.3920 0.0313
v 0.0855 1.4021 0.0173
v 0.0800 1.3972 0.0309
v 0.0890 1.4056 0.0012
v 0.0794 1.4111 -0.0105
v 0.0810 1.4105 0.0038
v 0.0735 1.4091 -0.0247
v 0.0588 1.4132 -0.0279
v 0.0681 1.4156 -0.0185
v 0.0466 1.4070 -0.0365
v 0.0332 1.4115 -0.0348
v 0.0446 1.4158 -0.0303
v 0.0131 1.4104 -0.0362
v 0.0040 1.4041 -0.0390
v -0.0049 1.4096 -0.0366
v 0.0036 1.4137 -0.0350
v 0.0226 1.4049 -0.0389
v 0.0217 1.4146 -0.0342
v -0.0049 1.3186 0.1073
v 0.0239 1.3209 0.1052
v -0.0049 1.3310 0.1008
v 0.0193 1.3435 0.0928
v 0.0486 1.3293 0.0977
v 0.0415 1.3633 0.0775
v 0.0565 1.3807 0.0614
v 0.0682 1.3472 0.0832
v 0.0828 1.3638 0.0664
v 0.0691 1.3966 0.0420
v 0.0953 1.3802 0.0451
v 0.0757 1.4113 0.0178
v 0.1011 1.3965 0.0162
v 0.0705 1.4192 -0.0056
v 0.0923 1.4027 -0.0198
v 0.0532 1.4216 -0.0220
v 0.0641 1.3980 -0.0416
v 0.0300 1.4213 -0.0300
v 0.0337 1.3934 -0.0455
v 0.0108 1.4206 -0.0321
v 0.0134 1.3922 -0.0445
v -0.0048 1.4199 -0.0325
v -0.0057 1.3917 -0.0443
v 0.2358 1.3143 0.0377
v 0.2267 1.3008 0.0608
v 0.2166 1.2803 0.0722
v 0.2096 1.2583 0.0715
v 0.2069 1.2387 0.0616
v 0.2035 1.2232 0.0404
v 0.1995 1.2135 0.0099
v 0.2395 1.3139 0.0078
v 0.2355 1.2998 -0.0180
v 0.2244 1.2755 -0.0326
v 0.2083 1.2499 -0.0347
v 0.1973 1.2307 -0.0275
v 0.1966 1.2173 -0.0143
v 0.1820 1.2252 -0.0047
v 0.1861 1.2294 0.0268
v 0.2042 1.3103 0.0702
v 0.2132 1.3302 0.0516
v 0.1893 1.2445 0.0563
v 0.1917 1.2630 0.0721
v 0.1991 1.2801 -0.0392
v 0.1840 1.2552 -0.0356
v 0.1956 1.2872 0.0770
v 0.2199 1.3301 -0.0088
v 0.2129 1.3089 -0.0306
v 0.2201 1.3378 0.0223
v 0.1788 1.2374 -0.0248
v 0.2745 1.2601 0.0363
v 0.2647 1.2487 0.0573
v 0.2545 1.2309 0.0669
v 0.2483 1.2120 0.0652
v 0.2457 1.1953 0.0556
v 0.2425 1.1820 0.0360
v 0.2405 1.1741 0.0098
v 0.2791 1.2593 0.0099
v 0.2765 1.2468 -0.0130
v 0.2673 1.2262 -0.0272
v 0.2535 1.2051 -0.0296
v 0.2434 1.1889 -0.0227
v 0.2407 1.1775 -0.0106
v 0.2181 1.1957 -0.0029
v 0.2202 1.1987 0.0242
v 0.2580 1.2897 0.0232
v 0.2581 1.2826 -0.0043
v 0.2505 1.2837 0.0493
v 0.2511 1.2639 -0.0238
v 0.2403 1.2666 0.0659
v 0.2377 1.2398 -0.0323
v 0.2310 1.2469 0.0700
v 0.2231 1.2190 -0.0291
v 0.2269 1.2268 0.0640
v 0.2176 1.2045 -0.0194
v 0.2243 1.2112 0.0499
v -0.0174 1.3107 0.1107
v -0.0157 1.3402 0.0952
v -0.0356 1.3605 0.0800
v -0.0503 1.3796 0.0631
v -0.0618 1.3961 0.0459
v -0.0709 1.4093 0.0263
v -0.0721 1.4178 0.0064
v -0.0631 1.4227 -0.0101
v -0.0453 1.4262 -0.0217
v -0.0254 1.4282 -0.0274
v -0.0106 1.4286 -0.0290
v -0.1905 1.3545 0.0497
v -0.1955 1.3622 0.0196
v -0.2064 1.3495 0.0362
v -0.1812 1.3673 0.0348
v -0.1845 1.3335 0.0704
v -0.1999 1.3352 0.0610
v -0.1755 1.3514 0.0612
v -0.1648 1.3663 0.0491
v -0.1698 1.3755 0.0178
v -0.1351 1.3734 0.0476
v -0.1405 1.3855 0.0165
v -0.1239 1.3839 0.0324
v -0.1534 1.3773 0.0342
v -0.1790 1.3081 0.0807
v -0.1929 1.3126 0.0752
v -0.1698 1.3270 0.0778
v -0.1778 1.2801 0.0788
v -0.1882 1.2867 0.0785
v -0.1666 1.3001 0.0847
v -0.1772 1.2576 0.0606
v -0.1862 1.2627 0.0694
v -0.1711 1.2680 0.0731
v -0.1744 1.2433 0.0282
v -0.1832 1.2451 0.0452
v -0.1709 1.2484 0.0446
v -0.1696 1.2387 -0.0054
v -0.1795 1.2350 0.0105
v -0.1661 1.2374 0.0100
v -0.1956 1.3545 -0.0121
v -0.1839 1.3675 0.0016
v -0.2093 1.3493 0.0050
v -0.1364 1.3808 -0.0250
v -0.1233 1.3923 -0.0040
v -0.1556 1.3801 -0.0019
v -0.1693 1.3677 -0.0177
v -0.1920 1.3330 -0.0349
v -0.1818 1.3518 -0.0283
v -0.2068 1.3350 -0.0223
v -0.1832 1.3023 -0.0444
v -0.1766 1.3233 -0.0457
v -0.1994 1.3089 -0.0380
v -0.1719 1.2734 -0.0413
v -0.1677 1.2914 -0.0486
v -0.1865 1.2793 -0.0408
v -0.1598 1.2643 -0.0410
v -0.1774 1.2557 -0.0334
v -0.1609 1.2400 -0.0185
v -0.1770 1.2393 -0.0176
v -0.1678 1.2515 -0.0286
v -0.1521 1.3208 0.0844
v -0.1581 1.3448 0.0707
v -0.1149 1.3347 0.0846
v -0.1251 1.3543 0.0689
v -0.1025 1.3496 0.0757
v -0.1378 1.3388 0.0784
v -0.1144 1.3676 0.0575
v -0.1460 1.3607 0.0605
v -0.1429 1.3291 -0.0599
v -0.1634 1.3429 -0.0453
v -0.1579 1.3098 -0.0550
v -0.1100 1.3341 -0.0724
v -0.1284 1.3501 -0.0595
v -0.1243 1.3142 -0.0692
v -0.0785 1.3354 -0.0760
v -0.0962 1.3535 -0.0697
v -0.0927 1.3175 -0.0778
v -0.1496 1.3621 -0.0392
v -0.0963 1.3867 -0.0448
v -0.0611 1.3804 -0.0560
v -0.0343 1.3773 -0.0539
v -0.0162 1.3766 -0.0512
v -0.1149 1.3714 -0.0510
v -0.0804 1.3686 -0.0639
v -0.0477 1.3337 -0.0709
v -0.0608 1.3179 -0.0761
v -0.0632 1.3512 -0.0704
v -0.0280 1.3319 -0.0656
v -0.0361 1.3168 -0.0700
v -0.0371 1.3487 -0.0650
v -0.0176 1.3147 -0.0650
v -0.0181 1.3474 -0.0605
v -0.0473 1.3642 -0.0625
v -0.0268 1.3625 -0.0583
v -0.0753 1.3139 0.1041
v -0.0509 1.3074 0.1108
v -0.1207 1.2980 0.1033
v -0.0947 1.2960 0.1121
v -0.1028 1.3166 0.0979
v -0.1297 1.3176 0.0913
v -0.1469 1.2972 0.0923
v -0.1577 1.2764 0.0864
v -0.1365 1.2790 0.1025
v -0.1331 1.2677 -0.0591
v -0.1440 1.2514 -0.0453
v -0.1507 1.2797 -0.0528
v -0.1048 1.2703 -0.0734
v -0.1170 1.2534 -0.0651
v -0.1206 1.2831 -0.0685
v -0.0758 1.2732 -0.0783
v -0.0904 1.2562 -0.0751
v -0.0906 1.2861 -0.0781
v -0.0462 1.2751 -0.0742
v -0.0603 1.2588 -0.0756
v -0.0601 1.2882 -0.0772
v -0.0252 1.2770 -0.0687
v -0.0343 1.2609 -0.0706
v -0.0348 1.2892 -0.0713
v -0.0153 1.2634 -0.0664
v -0.0162 1.2904 -0.0663
v -0.1387 1.2961 -0.0622
v -0.1067 1.2997 -0.0751
v -0.0758 1.3020 -0.0789
v -0.0459 1.3025 -0.0739
v -0.0263 1.3022 -0.0683
v -0.1621 1.2343 0.0395
v -0.1584 1.2225 0.0067
v -0.1648 1.2358 0.0248
v -0.1583 1.2283 -0.0061
v -0.1661 1.2514 0.0585
v -0.1588 1.2558 0.0745
v -0.1519 1.2182 -0.0158
v -0.1131 1.2189 -0.0584
v -0.0879 1.2213 -0.0685
v -0.0572 1.2242 -0.0701
v -0.0305 1.2268 -0.0666
v -0.0132 1.2296 -0.0638
v -0.1273 1.2346 -0.0529
v -0.1027 1.2365 -0.0679
v -0.0443 1.2419 -0.0710
v -0.0229 1.2446 -0.0668
v -0.0747 1.2394 -0.0737
v -0.1505 1.2327 -0.0283
v -0.1368 1.2184 -0.0372
v -0.0142 1.1346 0.1477
v -0.0397 1.1345 0.1473
v -0.0741 1.1349 0.1404
v -0.1044 1.1349 0.1239
v -0.1350 1.1326 0.0593
v -0.1353 1.1326 0.0253
v -0.1248 1.1336 0.0962
v -0.1300 1.1328 0.0010
v -0.0993 1.1317 -0.0366
v -0.0735 1.1311 -0.0481
v -0.0450 1.1313 -0.0518
v -0.0233 1.1316 -0.0506
v -0.0106 1.1314 -0.0493
v -0.1187 1.1326 -0.0191
v -0.1462 1.2590 0.0958
v -0.0920 1.1509 0.1382
v -0.1576 1.2348 0.0578
v -0.0575 1.1510 0.1488
v -0.1440 1.2087 -0.0229
v -0.1353 1.1425 0.0112
v -0.0998 1.2091 -0.0620
v -0.1118 1.1418 -0.0303
v -0.1584 1.2198 0.0225
v -0.0717 1.2118 -0.0681
v -0.0408 1.2144 -0.0665
v -0.0202 1.2172 -0.0634
v -0.0258 1.1510 0.1502
v -0.1233 1.1766 0.1224
v -0.1314 1.2182 0.1191
v -0.1087 1.2533 0.1327
v -0.1009 1.2079 0.1523
v -0.1381 1.1672 0.0774
v -0.1466 1.2009 0.0683
v -0.0681 1.2646 0.1345
v -0.0643 1.2113 0.1581
v -0.1301 1.1560 -0.0135
v -0.1373 1.1826 -0.0179
v -0.1490 1.1982 -0.0033
v -0.1417 1.1710 0.0047
v -0.0902 1.1550 -0.0485
v -0.0950 1.1818 -0.0553
v -0.1208 1.1943 -0.0440
v -0.1162 1.1684 -0.0371
v -0.1414 1.1598 0.0369
v -0.1496 1.1902 0.0289
v -0.0621 1.1553 -0.0555
v -0.0670 1.1834 -0.0613
v -0.0355 1.1564 -0.0552
v -0.0377 1.1854 -0.0606
v -0.0179 1.1572 -0.0530
v -0.0188 1.1874 -0.0580
v -0.0306 1.2694 0.1302
v -0.0298 1.2124 0.1541
v -0.0173 1.2562 0.1350
v -0.0166 1.1982 0.1550
v -0.1305 1.1883 -0.0306
v -0.1244 1.1622 -0.0254
v -0.0473 1.2539 0.1397
v -0.0451 1.1977 0.1589
v -0.0120 1.1958 -0.0585
v -0.0116 1.1650 -0.0532
v -0.0272 1.1937 -0.0607
v -0.0264 1.1642 -0.0553
v -0.0525 1.1915 -0.0630
v -0.0492 1.1630 -0.0572
v -0.1499 1.1941 0.0112
v -0.1422 1.1653 0.0196
v -0.0829 1.1893 -0.0608
v -0.0775 1.1619 -0.0545
v -0.1517 1.2022 0.0444
v -0.1429 1.1717 0.0539
v -0.1083 1.1879 -0.0511
v -0.1039 1.1617 -0.0437
v -0.1442 1.1901 -0.0105
v -0.1366 1.1632 -0.0043
v -0.0876 1.2472 0.1425
v -0.0815 1.1970 0.1586
v -0.1430 1.2182 0.0911
v -0.1347 1.1832 0.1012
v -0.1218 1.2355 0.1311
v -0.1138 1.1932 0.1419
v -0.0225 0.9156 0.1419
v -0.0577 0.9163 0.1389
v -0.0952 0.9161 0.1276
v -0.1288 0.9132 0.1092
v -0.1622 0.9127 0.0403
v -0.1594 0.9127 0.0035
v -0.1519 0.9118 0.0802
v -0.1505 0.9117 -0.0228
v -0.1183 0.9127 -0.0650
v -0.0932 0.9149 -0.0802
v -0.0635 0.9157 -0.0884
v -0.0370 0.9154 -0.0904
v -0.0169 0.9152 -0.0876
v -0.1374 0.9114 -0.0449
v -0.0743 0.9337 -0.0755
v -0.0329 1.1173 -0.0495
v -0.1084 0.9370 0.1176
v -0.1153 1.1190 0.1089
v -0.0168 1.1171 -0.0484
v -0.1516 0.9339 0.0609
v -0.1339 1.1180 0.0409
v -0.1303 1.1188 0.0127
v -0.1384 0.9325 -0.0289
v -0.1076 1.1183 -0.0264
v -0.0257 1.1175 0.1465
v -0.0858 1.1175 -0.0407
v -0.0570 1.1178 0.1428
v -0.0592 1.1173 -0.0485
v -0.0595 1.0838 -0.0433
v -0.0599 1.0463 -0.0414
v -0.0621 1.0053 -0.0459
v -0.0670 0.9682 -0.0579
v -0.0463 0.9339 -0.0800
v -0.0411 0.9693 -0.0625
v -0.0378 1.0061 -0.0506
v -0.0362 1.0454 -0.0453
v -0.0348 1.0828 -0.0458
v -0.0907 1.1190 0.1301
v -0.0917 1.0858 0.1251
v -0.0925 1.0488 0.1197
v -0.0957 1.0107 0.1173
v -0.1007 0.9759 0.1167
v -0.1343 0.9345 0.0952
v -0.1241 0.9742 0.0950
v -0.1193 1.0092 0.0960
v -0.1156 1.0477 0.0985
v -0.1148 1.0858 0.1037
v -0.0254 0.9339 -0.0798
v -0.0229 0.9700 -0.0631
v -0.0211 1.0063 -0.0516
v -0.0200 1.0448 -0.0458
v -0.0184 1.0824 -0.0456
v -0.1301 1.1179 0.0774
v -0.1280 1.0836 0.0734
v -0.1290 1.0459 0.0689
v -0.1342 1.0083 0.0650
v -0.1407 0.9731 0.0618
v -0.1554 0.9345 0.0220
v -0.1454 0.9729 0.0257
v -0.1385 1.0070 0.0298
v -0.1318 1.0431 0.0345
v -0.1300 1.0816 0.0387
v -0.1492 0.9336 -0.0070
v -0.1401 0.9719 -0.0001
v -0.1339 1.0058 0.0059
v -0.1270 1.0419 0.0105
v -0.1251 1.0818 0.0125
v -0.1222 1.1191 -0.0080
v -0.1166 1.0832 -0.0063
v -0.1176 1.0429 -0.0069
v -0.1233 1.0048 -0.0115
v -0.1291 0.9705 -0.0193
v -0.1224 0.9320 -0.0486
v -0.1132 0.9691 -0.0357
v -0.1077 1.0044 -0.0258
v -0.1033 1.0444 -0.0219
v -0.1030 1.0839 -0.0229
v -0.0380 0.9374 0.1397
v -0.0347 0.9769 0.1398
v -0.0322 1.0124 0.1409
v -0.0298 1.0477 0.1414
v -0.0278 1.0826 0.1443
v -0.1010 0.9326 -0.0650
v -0.0924 0.9681 -0.0489
v -0.0868 1.0047 -0.0374
v -0.0839 1.0457 -0.0335
v -0.0840 1.0841 -0.0356
v -0.0728 0.9380 0.1328
v -0.0676 0.9769 0.1324
v -0.0638 1.0122 0.1328
v -0.0609 1.0484 0.1346
v -0.0592 1.0837 0.1392
v -0.0754 1.1018 0.1356
v -0.0766 1.0672 0.1305
v -0.0785 1.0300 0.1263
v -0.0826 0.9938 0.1256
v -0.0877 0.9582 0.1253
v -0.0726 1.1011 -0.0427
v -0.0721 1.0660 -0.0384
v -0.0730 1.0255 -0.0391
v -0.0773 0.9856 -0.0470
v -0.0838 0.9510 -0.0622
v -0.0414 1.1003 0.1443
v -0.0436 1.0656 0.1408
v -0.0460 1.0302 0.1379
v -0.0492 0.9947 0.1379
v -0.0526 0.9582 0.1366
v -0.0956 1.1013 -0.0319
v -0.0937 1.0655 -0.0285
v -0.0957 1.0243 -0.0292
v -0.1005 0.9860 -0.0366
v -0.1073 0.9509 -0.0499
v -0.0150 1.1000 0.1457
v -0.0162 1.0651 0.1435
v -0.0175 1.0300 0.1416
v -0.0189 0.9948 0.1419
v -0.0203 0.9579 0.1398
v -0.1237 1.1018 0.0023
v -0.1209 1.0622 0.0024
v -0.1261 1.0232 -0.0005
v -0.1322 0.9881 -0.0065
v -0.1390 0.9531 -0.0142
v -0.1235 1.1021 0.0921
v -0.1225 1.0664 0.0871
v -0.1256 1.0273 0.0830
v -0.1305 0.9910 0.0807
v -0.1378 0.9548 0.0791
v -0.1127 1.1019 -0.0160
v -0.1098 1.0642 -0.0144
v -0.1135 1.0234 -0.0161
v -0.1188 0.9869 -0.0230
v -0.1256 0.9518 -0.0333
v -0.1301 1.1009 0.0251
v -0.1279 1.0614 0.0230
v -0.1336 1.0239 0.0188
v -0.1404 0.9894 0.0141
v -0.1477 0.9544 0.0089
v -0.0111 1.1001 -0.0467
v -0.0123 1.0640 -0.0448
v -0.0131 1.0256 -0.0477
v -0.0139 0.9883 -0.0563
v -0.0154 0.9525 -0.0698
v -0.1316 1.1007 0.0575
v -0.1300 1.0636 0.0535
v -0.1344 1.0257 0.0489
v -0.1411 0.9903 0.0448
v -0.1491 0.9546 0.0418
v -0.0247 1.1003 -0.0473
v -0.0267 1.0642 -0.0452
v -0.0280 1.0255 -0.0479
v -0.0298 0.9875 -0.0566
v -0.0331 0.9520 -0.0712
v -0.1047 1.1031 0.1181
v -0.1045 1.0680 0.1126
v -0.1068 1.0286 0.1081
v -0.1108 0.9922 0.1075
v -0.1172 0.9567 0.1068
v -0.0459 1.1007 -0.0472
v -0.0470 1.0652 -0.0438
v -0.0480 1.0260 -0.0454
v -0.0511 0.9864 -0.0539
v -0.0564 0.9517 -0.0690
v -0.0322 1.3350 0.0966
v -0.0178 1.3305 0.1005
v -0.0185 1.3253 0.1033
v -0.0526 1.3415 0.0897
v -0.0585 1.3526 0.0810
v -0.0439 1.3467 0.0877
v -0.0732 1.3584 0.0732
v -0.0751 1.3679 0.0634
v -0.0642 1.3637 0.0709
v -0.0879 1.3735 0.0543
v -0.0892 1.3828 0.0423
v -0.0787 1.3785 0.0522
v -0.0987 1.3896 0.0303
v -0.0950 1.3986 0.0163
v -0.0894 1.3940 0.0292
v -0.0982 1.4019 0.0011
v -0.0881 1.4073 -0.0102
v -0.0894 1.4062 0.0034
v -0.0827 1.4062 -0.0240
v -0.0678 1.4107 -0.0274
v -0.0764 1.4119 -0.0181
v -0.0563 1.4057 -0.0363
v -0.0428 1.4104 -0.0348
v -0.0535 1.4139 -0.0299
v -0.0227 1.4097 -0.0365
v -0.0141 1.4038 -0.0392
v -0.0133 1.4133 -0.0351
v -0.0325 1.4043 -0.0393
v -0.0311 1.4137 -0.0342
v -0.0335 1.3206 0.1047
v -0.0288 1.3431 0.0921
v -0.0582 1.3288 0.0969
v -0.0504 1.3619 0.0760
v 0.0782 1.3332 0.0911
v -0.0649 1.3785 0.0589
v -0.0778 1.3464 0.0822
v -0.0924 1.3628 0.0655
v -0.0774 1.3933 0.0393
v -0.1054 1.3790 0.0443
v -0.0832 1.4067 0.0162
v -0.1108 1.3938 0.0159
v -0.0779 1.4142 -0.0059
v -0.1018 1.3993 -0.0190
v -0.0611 1.4181 -0.0216
v -0.0745 1.3967 -0.0414
v -0.0387 1.4197 -0.0295
v -0.0442 1.3931 -0.0462
v -0.0199 1.4200 -0.0321
v -0.0240 1.3920 -0.0453
v -0.2398 1.3105 0.0364
v -0.2327 1.2987 0.0582
v -0.2248 1.2796 0.0700
v -0.2186 1.2576 0.0714
v -0.2148 1.2366 0.0630
v -0.2095 1.2202 0.0421
v -0.2048 1.2107 0.0108
v -0.2432 1.3099 0.0087
v -0.2405 1.2970 -0.0155
v -0.2317 1.2744 -0.0304
v -0.2169 1.2492 -0.0343
v -0.2052 1.2288 -0.0282
v -0.2029 1.2146 -0.0147
v -0.1887 1.2254 -0.0047
v -0.1918 1.2291 0.0278
v -0.2114 1.3096 0.0676
v -0.2186 1.3278 0.0494
v -0.1968 1.2433 0.0570
v -0.2003 1.2628 0.0719
v -0.2071 1.2802 -0.0373
v -0.1927 1.2547 -0.0350
v -0.2041 1.2873 0.0751
v -0.2243 1.3272 -0.0071
v -0.2188 1.3075 -0.0280
v -0.2244 1.3342 0.0220
v -0.1877 1.2364 -0.0246
v -0.2790 1.2558 0.0351
v -0.2715 1.2461 0.0550
v -0.2629 1.2297 0.0660
v -0.2559 1.2101 0.0666
v -0.2520 1.1920 0.0579
v -0.2478 1.1780 0.0382
v -0.2455 1.1697 0.0100
v -0.2830 1.2548 0.0107
v -0.2819 1.2438 -0.0102
v -0.2751 1.2248 -0.0246
v -0.2621 1.2039 -0.0298
v -0.2512 1.1865 -0.0246
v -0.2469 1.1736 -0.0125
v -0.2233 1.1916 -0.0033
v -0.2254 1.1946 0.0258
v -0.2618 1.2852 0.0231
v -0.2623 1.2788 -0.0024
v -0.2555 1.2802 0.0473
v -0.2575 1.2618 -0.0209
v -0.2478 1.2650 0.0635
v -0.2461 1.2389 -0.0311
v -0.2396 1.2459 0.0695
v -0.2313 1.2175 -0.0300
v -0.2348 1.2248 0.0656
v -0.2243 1.2014 -0.0208
v -0.2306 1.2077 0.0520
v -0.0878 1.3325 0.0901
v -0.1061 1.1749 -0.0474
v -0.1386 1.2011 0.0974
v 0.1303 1.1669 -0.0192
v -0.1460 1.1798 0.0154
v -0.1404 1.1768 -0.0075
v 0.0842 1.1676 -0.0542
v -0.0925 1.1684 -0.0519
v -0.0269 1.1790 -0.0579
v 0.1239 1.1979 0.1269
v -0.1279 1.1995 0.1240
v 0.0970 1.2304 0.1465
v 0.1411 1.1833 0.0762
v 0.0562 1.2383 0.1477
v -0.1334 1.1693 -0.0159
v 0.1437 1.1821 -0.0017
v 0.0553 1.1692 -0.0584
v -0.0802 1.1756 -0.0576
v 0.1126 1.1797 -0.0443
v 0.1445 1.1729 0.0331
v 0.0273 1.1711 -0.0563
v 0.0075 1.1724 -0.0541
v -0.0057 1.1729 -0.0539
v 0.0193 1.2413 0.1420
v -0.0062 1.2422 0.1401
v -0.0509 1.1772 -0.0601
v -0.1045 1.2304 0.1448
v -0.1425 1.1855 0.0740
v -0.0661 1.2382 0.1482
v -0.0847 1.2225 0.1533
v -0.1454 1.1848 0.0003
v -0.0645 1.1694 -0.0583
v -0.1177 1.2149 0.1390
v -0.1185 1.1814 -0.0407
v -0.1453 1.1754 0.0331
v -0.0371 1.1709 -0.0578
v -0.1472 1.1871 0.0492
v -0.0186 1.1723 -0.0554
v -0.0301 1.2410 0.1434
v -0.0118 1.1805 -0.0558
v -0.0464 1.2260 0.1517
v -0.1274 1.1753 -0.0280
v -0.0171 1.2273 0.1471
v 0.1121 1.2141 0.1414
v 0.1365 1.1993 0.0999
v 0.0755 1.2224 0.1537
v 0.1382 1.1741 -0.0102
v 0.0989 1.1736 -0.0506
v 0.1464 1.1848 0.0503
v 0.0713 1.1752 -0.0589
v 0.1449 1.1772 0.0143
v 0.0416 1.1773 -0.0592
v 0.0165 1.1793 -0.0563
v 0.0005 1.1806 -0.0550
v 0.0359 1.2263 0.1505
v 0.1230 1.1732 -0.0316
v 0.0054 1.2275 0.1463
v -0.0854 1.2030 -0.0642
v 0.0216 1.2976 0.1165
v -0.0546 1.2056 -0.0662
v -0.1408 1.1955 -0.0202
v -0.1564 1.2180 0.0408
v -0.1284 1.2576 0.1169
v 0.1377 1.1931 -0.0236
v -0.0907 1.2719 0.1274
v 0.1339 1.2370 0.1124
v -0.1374 1.2381 0.1093
v 0.1502 1.2153 0.0645
v 0.0890 1.1944 -0.0609
v -0.1477 1.2029 -0.0131
v 0.1523 1.2027 0.0254
v 0.0601 1.1972 -0.0646
v 0.0295 1.2000 -0.0620
v 0.0080 1.2025 -0.0594
v -0.0057 1.2038 -0.0592
v 0.1052 1.2772 0.1196
v 0.0609 1.2909 0.1194
v -0.1539 1.2079 0.0081
v 0.1502 1.2093 -0.0086
v 0.1173 1.2063 -0.0508
v -0.0052 1.2990 0.1157
v -0.1135 1.2768 0.1172
v -0.1516 1.2173 0.0627
v -0.0975 1.1951 -0.0586
v -0.0284 1.2081 -0.0634
v -0.1539 1.2049 0.0253
v -0.0694 1.1974 -0.0645
v -0.0389 1.1997 -0.0635
v -0.1501 1.2372 0.0821
v -0.0193 1.2022 -0.0607
v -0.0705 1.2905 0.1189
v -0.1105 1.2010 -0.0544
v -0.1527 1.2114 -0.0058
v -0.1231 1.2078 -0.0471
v -0.0314 1.2973 0.1167
v -0.0124 1.2106 -0.0611
v -0.0487 1.2813 0.1250
v -0.1332 1.2011 -0.0333
v -0.0172 1.2847 0.1220
v 0.1221 1.2572 0.1201
v 0.1473 1.2352 0.0850
v 0.0817 1.2724 0.1285
v 0.1451 1.2005 -0.0164
v 0.1033 1.1999 -0.0576
v 0.1545 1.2159 0.0418
v 0.0762 1.2026 -0.0655
v 0.1516 1.2057 0.0068
v 0.0453 1.2057 -0.0653
v 0.0180 1.2084 -0.0618
v 0.0009 1.2108 -0.0603
v 0.0389 1.2815 0.1246
v 0.1288 1.1992 -0.0371
v 0.0065 1.2849 0.1216
v -0.0247 1.1495 -0.0530
v -0.1384 1.1570 0.0084
v -0.1389 1.1505 0.0229
v 0.0505 1.1407 -0.0533
v -0.0600 1.1410 -0.0528
v -0.0153 1.1671 0.1523
v 0.1370 1.1546 0.0064
v -0.0966 1.1818 0.1498
v 0.0893 1.1810 0.1515
v 0.0797 1.1401 -0.0481
v 0.0516 1.1827 0.1577
v 0.1081 1.1536 -0.0374
v -0.1389 1.1538 0.0572
v 0.0177 1.1830 0.1551
v -0.0055 1.1831 0.1539
v 0.1146 1.1479 0.1177
v 0.1323 1.1444 0.0807
v -0.1219 1.1491 -0.0223
v 0.1244 1.1401 -0.0139
v -0.0468 1.1488 -0.0547
v 0.1375 1.1416 0.0401
v 0.0229 1.1415 -0.0516
v 0.0060 1.1418 -0.0501
v -0.0053 1.1417 -0.0500
v -0.1176 1.1489 0.1150
v -0.0613 1.1826 0.1580
v -0.1140 1.1554 -0.0336
v -0.0420 1.1669 0.1540
v -0.0880 1.1410 -0.0452
v -0.0283 1.1827 0.1560
v -0.1334 1.1455 0.0784
v -0.0753 1.1482 -0.0516
v -0.1274 1.1423 -0.0106
v -0.1018 1.1485 -0.0403
v -0.1380 1.1432 0.0401
v -0.0330 1.1416 -0.0528
v -0.0111 1.1498 -0.0513
v -0.0168 1.1418 -0.0510
v -0.1336 1.1496 -0.0015
v -0.0773 1.1670 0.1505
v -0.1295 1.1598 0.0994
v -0.1086 1.1652 0.1337
v 0.0047 1.1673 0.1518
v 0.1175 1.1470 -0.0261
v 0.0321 1.1671 0.1536
v 0.0002 1.1498 -0.0507
v 0.0142 1.1495 -0.0516
v 0.0371 1.1487 -0.0540
v 0.1382 1.1485 0.0218
v 0.0664 1.1477 -0.0532
v 0.1382 1.1521 0.0585
v 0.0946 1.1471 -0.0438
v 0.1316 1.1473 -0.0042
v 0.0691 1.1667 0.1516
v 0.1274 1.1584 0.1022
v 0.1037 1.1642 0.1362
v 0.0435 1.3191 0.1045
v 0.0072 1.3348 0.0985
v 0.0582 1.3385 0.0906
v 0.0761 1.3556 0.0753
v 0.0894 1.3718 0.0565
v 0.0996 1.3889 0.0318
v 0.0992 1.4013 -0.0020
v 0.0796 1.4010 -0.0333
v 0.0481 1.3952 -0.0450
v 0.0039 1.3919 -0.0442
v 0.0227 1.3925 -0.0451
v 0.1862 1.3629 0.0367
v 0.1795 1.3461 0.0634
v 0.1588 1.3751 0.0351
v 0.0747 1.4161 0.0056
v 0.1293 1.3821 0.0336
v 0.1730 1.3211 0.0791
v 0.1698 1.2934 0.0840
v 0.1700 1.2666 0.0733
v 0.1690 1.2473 0.0457
v 0.1665 1.2359 0.0100
v 0.1899 1.3633 0.0026
v 0.1305 1.3892 -0.0046
v 0.0631 1.4209 -0.0149
v 0.1622 1.3772 -0.0011
v 0.1879 1.3472 -0.0274
v 0.1808 1.3183 -0.0444
v 0.1688 1.2862 -0.0467
v 0.1599 1.2605 -0.0385
v 0.1614 1.2408 -0.0197
v 0.1455 1.3334 0.0800
v 0.0631 1.3887 0.0523
v 0.1105 1.3449 0.0781
v 0.0736 1.4045 0.0303
v 0.1205 1.3647 0.0597
v 0.1520 1.3574 0.0622
v 0.1519 1.3273 -0.0555
v 0.1156 1.3325 -0.0695
v 0.0830 1.3353 -0.0761
v 0.1582 1.3596 -0.0360
v 0.0416 1.4216 -0.0270
v 0.0197 1.4210 -0.0315
v 0.0027 1.4202 -0.0324
v 0.1223 1.3699 -0.0471
v 0.0863 1.3719 -0.0592
v 0.0513 1.3345 -0.0723
v 0.0258 1.3327 -0.0653
v 0.0045 1.3306 -0.0618
v 0.0513 1.3658 -0.0632
v 0.0245 1.3629 -0.0583
v 0.0040 1.3622 -0.0555
v 0.0496 1.3723 0.0696
v 0.0311 1.3534 0.0854
v 0.0887 1.3075 0.1063
v 0.0992 1.3264 0.0925
v 0.1409 1.3089 0.0910
v 0.1336 1.2877 0.1001
v 0.1402 1.2646 -0.0530
v 0.1108 1.2682 -0.0706
v 0.0814 1.2717 -0.0781
v 0.0512 1.2742 -0.0752
v 0.0250 1.2756 -0.0687
v 0.0039 1.2779 -0.0653
v 0.1461 1.2934 -0.0581
v 0.1135 1.2977 -0.0723
v 0.0814 1.3011 -0.0790
v 0.0506 1.3023 -0.0752
v 0.0252 1.3021 -0.0681
v 0.0043 1.3015 -0.0643
v 0.1577 1.2289 0.0068
v 0.1608 1.2401 0.0428
v 0.1588 1.2612 0.0764
v 0.1076 1.2344 -0.0652
v 0.0223 1.2431 -0.0667
v 0.0495 1.2407 -0.0717
v 0.0803 1.2377 -0.0731
v 0.0027 1.2457 -0.0644
v 0.1524 1.2278 -0.0207
v 0.1348 1.2322 -0.0448
v 0.1016 1.1494 0.1310
v 0.1250 1.1462 0.1005
v 0.0675 1.1508 0.1465
v 0.1302 1.1402 -0.0028
v 0.0935 1.1400 -0.0422
v 0.1362 1.1428 0.0598
v 0.0653 1.1404 -0.0518
v 0.1366 1.1408 0.0233
v 0.0358 1.1411 -0.0529
v 0.0132 1.1417 -0.0506
v 0.0001 1.1417 -0.0499
v 0.0308 1.1510 0.1502
v 0.1163 1.1400 -0.0246
v 0.0043 1.1512 0.1494
v 0.0060 1.2707 0.1278
v 0.0055 1.2130 0.1514
v 0.1275 1.1927 -0.0356
v 0.1215 1.1667 -0.0303
v 0.0380 1.2678 0.1317
v 0.0353 1.2123 0.1553
v 0.0007 1.2035 -0.0590
v 0.0005 1.1728 -0.0537
v 0.0174 1.2013 -0.0604
v 0.0163 1.1719 -0.0550
v 0.0443 1.1986 -0.0638
v 0.0407 1.1701 -0.0578
v 0.1501 1.1986 0.0084
v 0.1430 1.1701 0.0165
v 0.0751 1.1957 -0.0637
v 0.0700 1.1683 -0.0573
v 0.1526 1.2078 0.0435
v 0.1442 1.1773 0.0528
v 0.1021 1.1933 -0.0560
v 0.0978 1.1670 -0.0488
v 0.1436 1.1940 -0.0148
v 0.1363 1.1675 -0.0086
v 0.0802 1.2599 0.1362
v 0.0740 1.2099 0.1577
v 0.1441 1.2259 0.0894
v 0.1344 1.1907 0.1026
v 0.1193 1.2461 0.1274
v 0.1100 1.2035 0.1440
v 0.0505 0.9344 -0.0793
v 0.1172 0.9366 0.1117
v 0.0258 0.9338 -0.0798
v 0.1546 0.9360 0.0408
v 0.0045 0.9340 -0.0777
v 0.1521 0.9360 0.0038
v 0.1277 0.9338 -0.0422
v 0.1421 0.9352 0.0822
v 0.1423 0.9350 -0.0215
v 0.0114 0.9373 0.1398
v 0.1067 0.9337 -0.0607
v 0.0455 0.9376 0.1381
v 0.0800 0.9345 -0.0734
v 0.0832 0.9381 0.1294
v 0.0667 1.1180 0.1400
v 0.0682 1.0843 0.1361
v 0.0699 1.0488 0.1311
v 0.0733 1.0121 0.1288
v 0.0771 0.9768 0.1288
v 0.0643 1.1168 -0.0475
v 0.0644 1.0834 -0.0422
v 0.0646 1.0461 -0.0401
v 0.0669 1.0059 -0.0442
v 0.0721 0.9692 -0.0559
v 0.0309 1.1175 0.1460
v 0.0334 1.0828 0.1436
v 0.0355 1.0478 0.1404
v 0.0382 1.0124 0.1388
v 0.0414 0.9769 0.1381
v 0.0909 1.1168 -0.0379
v 0.0889 1.0835 -0.0329
v 0.0888 1.0456 -0.0309
v 0.0918 1.0057 -0.0347
v 0.0974 0.9697 -0.0455
v 0.0045 1.1175 0.1464
v 0.0058 1.0825 0.1447
v 0.0071 1.0475 0.1423
v 0.0084 1.0124 0.1413
v 0.0097 0.9768 0.1403
v 0.1251 1.1171 -0.0009
v 0.1194 1.0824 -0.0006
v 0.1204 1.0440 -0.0020
v 0.1265 1.0072 -0.0062
v 0.1327 0.9731 -0.0132
v 0.1219 1.1176 0.0972
v 0.1206 1.0838 0.0927
v 0.1214 1.0469 0.0879
v 0.1259 1.0099 0.0844
v 0.1318 0.9747 0.0820
v 0.1119 1.1170 -0.0212
v 0.1073 1.0830 -0.0185
v 0.1076 1.0445 -0.0180
v 0.1122 1.0061 -0.0217
v 0.1180 0.9711 -0.0305
v 0.1320 1.1168 0.0240
v 0.1273 1.0816 0.0224
v 0.1289 1.0442 0.0192
v 0.1355 1.0086 0.0144
v 0.1422 0.9745 0.0091
v 0.0004 1.1170 -0.0478
v 0.0014 1.0824 -0.0452
v 0.0025 1.0449 -0.0453
v 0.0033 1.0066 -0.0512
v 0.0039 0.9704 -0.0621
v 0.1327 1.1168 0.0595
v 0.1297 1.0818 0.0559
v 0.1310 1.0451 0.0518
v 0.1369 1.0095 0.0474
v 0.1438 0.9749 0.0435
v 0.0133 1.1171 -0.0482
v 0.0159 1.0824 -0.0455
v 0.0183 1.0448 -0.0457
v 0.0203 1.0062 -0.0516
v 0.0227 0.9698 -0.0631
v 0.0994 1.1183 0.1243
v 0.0992 1.0853 0.1195
v 0.1005 1.0488 0.1139
v 0.1045 1.0109 0.1108
v 0.1089 0.9757 0.1104
v 0.0355 1.1170 -0.0495
v 0.0374 1.0828 -0.0455
v 0.0389 1.0456 -0.0448
v 0.0410 1.0062 -0.0499
v 0.0449 0.9695 -0.0616
v 0.0086 1.3283 0.1021
v 0.0368 1.3445 0.0903
v 0.0583 1.3618 0.0739
v 0.0728 1.3767 0.0549
v 0.0836 1.3938 0.0311
v 0.0843 1.4077 0.0028
v 0.0705 1.4128 -0.0208
v 0.0458 1.4125 -0.0324
v 0.0040 1.4099 -0.0365
v 0.0225 1.4109 -0.0359
v 0.0082 1.3197 0.1066
v 0.1842 1.2252 0.0102
v 0.2088 1.3212 0.0624
v 0.1905 1.2532 0.0658
v 0.1909 1.2667 -0.0386
v 0.1995 1.2990 0.0751
v 0.2172 1.3209 -0.0212
v 0.2209 1.3358 0.0062
v 0.1799 1.2456 -0.0311
v 0.1878 1.2362 0.0428
v 0.2173 1.3359 0.0379
v 0.1931 1.2747 0.0759
v 0.1799 1.2299 -0.0162
v 0.2067 1.2947 -0.0366
v 0.2189 1.1956 0.0098
v 0.2590 1.2878 0.0089
v 0.2550 1.2883 0.0370
v 0.2555 1.2744 -0.0153
v 0.2455 1.2760 0.0591
v 0.2451 1.2520 -0.0296
v 0.2352 1.2569 0.0694
v 0.2298 1.2287 -0.0319
v 0.2284 1.2366 0.0680
v 0.2192 1.2111 -0.0248
v 0.2257 1.2185 0.0583
v 0.2175 1.1990 -0.0124
v 0.2223 1.2042 0.0381
v -0.0532 1.3187 0.1039
v -0.0169 1.3347 0.0982
v -0.0678 1.3379 0.0897
v -0.0857 1.3546 0.0742
v -0.0992 1.3709 0.0556
v -0.1095 1.3871 0.0312
v -0.1086 1.3980 -0.0016
v -0.0896 1.3986 -0.0326
v -0.0586 1.3947 -0.0453
v -0.0150 1.3918 -0.0447
v -0.0331 1.3923 -0.0459
v -0.1934 1.3603 0.0355
v -0.1875 1.3451 0.0613
v -0.1678 1.3728 0.0345
v -0.0820 1.4111 0.0047
v -0.1388 1.3808 0.0335
v -0.1814 1.3212 0.0769
v -0.1780 1.2940 0.0815
v -0.1778 1.2678 0.0717
v -0.1761 1.2495 0.0456
v -0.1720 1.2392 0.0105
v -0.1962 1.3602 0.0032
v -0.1396 1.3862 -0.0035
v -0.0707 1.4165 -0.0147
v -0.1704 1.3739 -0.0001
v -0.1943 1.3453 -0.0250
v -0.1883 1.3181 -0.0414
v -0.1772 1.2871 -0.0442
v -0.1688 1.2617 -0.0362
v -0.1683 1.2432 -0.0183
v -0.1549 1.3329 0.0784
v -0.0715 1.3860 0.0495
v -0.1201 1.3443 0.0773
v -0.0815 1.4005 0.0280
v -0.1303 1.3643 0.0592
v -0.1615 1.3564 0.0611
v -0.1607 1.3266 -0.0522
v -0.1259 1.3318 -0.0669
v -0.0944 1.3353 -0.0755
v -0.1666 1.3570 -0.0334
v -0.0500 1.4191 -0.0264
v -0.0287 1.4200 -0.0313
v -0.0121 1.4199 -0.0325
v -0.1323 1.3675 -0.0448
v -0.0977 1.3710 -0.0587
v -0.0622 1.3347 -0.0740
v -0.0370 1.3328 -0.0681
v -0.0181 1.3307 -0.0633
v -0.0628 1.3661 -0.0645
v -0.0359 1.3631 -0.0603
v -0.0173 1.3622 -0.0565
v -0.0582 1.3705 0.0676
v -0.0403 1.3526 0.0844
v -0.0981 1.3068 0.1049
v -0.1088 1.3257 0.0913
v -0.1498 1.3086 0.0887
v -0.1418 1.2879 0.0969
v -0.1474 1.2662 -0.0495
v -0.1189 1.2690 -0.0673
v -0.0906 1.2718 -0.0771
v -0.0605 1.2743 -0.0769
v -0.0348 1.2760 -0.0713
v -0.0158 1.2782 -0.0666
v -0.1544 1.2941 -0.0548
v -0.1225 1.2979 -0.0694
v -0.0913 1.3011 -0.0784
v -0.0600 1.3024 -0.0770
v -0.0353 1.3025 -0.0709
v -0.0169 1.3018 -0.0659
v -0.1617 1.2307 0.0083
v -0.1661 1.2424 0.0419
v -0.1646 1.2634 0.0734
v -0.1150 1.2353 -0.0618
v -0.0325 1.2432 -0.0688
v -0.0590 1.2407 -0.0730
v -0.0894 1.2379 -0.0719
v -0.0143 1.2458 -0.0653
v -0.1555 1.2297 -0.0174
v -0.1401 1.2341 -0.0409
v -0.1060 1.1502 0.1284
v -0.1268 1.1472 0.0979
v -0.0752 1.1511 0.1449
v -0.1321 1.1424 -0.0002
v -0.1007 1.1414 -0.0385
v -0.1369 1.1441 0.0586
v -0.0743 1.1409 -0.0500
v -0.1373 1.1427 0.0244
v -0.0456 1.1413 -0.0534
v -0.0237 1.1418 -0.0519
v -0.0108 1.1418 -0.0503
v -0.0405 1.1510 0.1503
v -0.1206 1.1421 -0.0207
v -0.0146 1.1511 0.1497
v -0.0173 1.2705 0.1285
v -0.0170 1.2128 0.1521
v -0.1319 1.1947 -0.0319
v -0.1259 1.1688 -0.0267
v -0.0479 1.2676 0.1325
v -0.0459 1.2120 0.1565
v -0.0122 1.2033 -0.0598
v -0.0118 1.1727 -0.0545
v -0.0278 1.2009 -0.0620
v -0.0267 1.1716 -0.0566
v -0.0535 1.1985 -0.0646
v -0.0501 1.1701 -0.0586
v -0.1519 1.2010 0.0095
v -0.1440 1.1726 0.0176
v -0.0842 1.1962 -0.0625
v -0.0788 1.1688 -0.0561
v -0.1540 1.2100 0.0425
v -0.1451 1.1796 0.0517
v -0.1094 1.1945 -0.0528
v -0.1050 1.1683 -0.0456
v -0.1460 1.1965 -0.0118
v -0.1384 1.1700 -0.0059
v -0.0891 1.2595 0.1353
v -0.0832 1.2101 0.1573
v -0.1463 1.2275 0.0868
v -0.1368 1.1926 0.0999
v -0.1249 1.2464 0.1246
v -0.1159 1.2046 0.1416
v -0.0598 0.9339 -0.0784
v -0.1225 0.9357 0.1076
v -0.0350 0.9338 -0.0804
v -0.1552 0.9343 0.0409
v -0.0162 0.9341 -0.0784
v -0.1531 0.9342 0.0062
v -0.1311 0.9322 -0.0390
v -0.1443 0.9339 0.0794
v -0.1443 0.9330 -0.0184
v -0.0214 0.9372 0.1404
v -0.1124 0.9322 -0.0574
v -0.0550 0.9377 0.1373
v -0.0882 0.9332 -0.0710
v -0.0912 0.9378 0.1261
v -0.0744 1.1184 0.1376
v -0.0761 1.0849 0.1332
v -0.0773 1.0488 0.1281
v -0.0804 1.0116 0.1258
v -0.0849 0.9765 0.1253
v -0.0729 1.1173 -0.0456
v -0.0723 1.0841 -0.0401
v -0.0722 1.0462 -0.0379
v -0.0748 1.0050 -0.0421
v -0.0802 0.9680 -0.0539
v -0.0402 1.1175 0.1455
v -0.0426 1.0830 0.1427
v -0.0447 1.0480 0.1390
v -0.0475 1.0124 0.1379
v -0.0508 0.9770 0.1371
v -0.0975 1.1178 -0.0343
v -0.0942 1.0840 -0.0299
v -0.0942 1.0451 -0.0282
v -0.0979 1.0045 -0.0320
v -0.1034 0.9685 -0.0428
v -0.0144 1.1175 0.1465
v -0.0156 1.0825 0.1447
v -0.0169 1.0476 0.1422
v -0.0182 1.0124 0.1419
v -0.0195 0.9769 0.1408
v -0.1269 1.1191 0.0018
v -0.1214 1.0825 0.0026
v -0.1229 1.0422 0.0013
v -0.1293 1.0053 -0.0032
v -0.1352 0.9712 -0.0102
v -0.1240 1.1184 0.0943
v -0.1228 1.0848 0.0896
v -0.1236 1.0469 0.0848
v -0.1279 1.0087 0.0817
v -0.1335 0.9735 0.0796
v -0.1158 1.1188 -0.0175
v -0.1105 1.0836 -0.0149
v -0.1111 1.0437 -0.0147
v -0.1162 1.0045 -0.0190
v -0.1218 0.9697 -0.0279
v -0.1328 1.1184 0.0255
v -0.1281 1.0814 0.0243
v -0.1301 1.0422 0.0211
v -0.1371 1.0064 0.0165
v -0.1437 0.9725 0.0116
v -0.0107 1.1170 -0.0480
v -0.0116 1.0823 -0.0454
v -0.0128 1.0449 -0.0455
v -0.0135 1.0067 -0.0514
v -0.0146 0.9704 -0.0624
v -0.1332 1.1178 0.0589
v -0.1302 1.0824 0.0557
v -0.1316 1.0445 0.0512
v -0.1377 1.0077 0.0467
v -0.1446 0.9730 0.0431
v -0.0237 1.1172 -0.0490
v -0.0258 1.0825 -0.0459
v -0.0274 1.0450 -0.0458
v -0.0287 1.0062 -0.0515
v -0.0313 0.9696 -0.0632
v -0.1043 1.1192 0.1207
v -0.1046 1.0862 0.1154
v -0.1053 1.0484 0.1099
v -0.1087 1.0099 0.1076
v -0.1134 0.9751 0.1070
v -0.0452 1.1173 -0.0496
v -0.0465 1.0833 -0.0451
v -0.0474 1.0460 -0.0438
v -0.0492 1.0057 -0.0488
v -0.0535 0.9687 -0.0607
v -0.0182 1.3281 0.1018
v -0.0463 1.3437 0.0892
v -0.0676 1.3605 0.0725
v -0.0826 1.3751 0.0534
v -0.0935 1.3911 0.0298
v -0.0933 1.4038 0.0025
v -0.0793 1.4095 -0.0202
v -0.0551 1.4108 -0.0321
v -0.0137 1.4095 -0.0366
v -0.0321 1.4100 -0.0360
v -0.0179 1.3196 0.1064
v -0.1900 1.2254 0.0107
v -0.2151 1.3197 0.0598
v -0.1988 1.2524 0.0662
v -0.1994 1.2667 -0.0374
v -0.2075 1.2988 0.0727
v -0.2222 1.3187 -0.0190
v -0.2251 1.3324 0.0070
v -0.1890 1.2447 -0.0307
v -0.1943 1.2353 0.0438
v -0.2220 1.3327 0.0365
v -0.2019 1.2748 0.0749
v -0.1878 1.2295 -0.0163
v -0.2138 1.2942 -0.0342
v -0.2239 1.1914 0.0105
v -0.2628 1.2834 0.0099
v -0.2591 1.2842 0.0358
v -0.2607 1.2714 -0.0127
v -0.2518 1.2735 0.0566
v -0.2526 1.2506 -0.0273
v -0.2435 1.2559 0.0678
v -0.2384 1.2276 -0.0318
v -0.2369 1.2352 0.0687
v -0.2267 1.2088 -0.0263
v -0.2329 1.2157 0.0602
v -0.2233 1.1953 -0.0135
v -0.2279 1.2003 0.0402
v -0.1195 1.2251 0.1357
v -0.1406 1.2095 0.0945
v -0.0861 1.2349 0.1484
v -0.1424 1.1835 -0.0090
v -0.1072 1.1814 -0.0493
v -0.1494 1.1946 0.0467
v -0.0816 1.1825 -0.0592
v -0.1480 1.1870 0.0132
v -0.0516 1.1844 -0.0615
v -0.0270 1.1864 -0.0593
v -0.0119 1.1882 -0.0571
v -0.0468 1.2400 0.1461
v -0.1290 1.1818 -0.0293
v -0.0173 1.2418 0.1412
v 0.1142 1.2247 0.1381
v 0.1387 1.2079 0.0969
v 0.0771 1.2350 0.1489
v 0.1401 1.1808 -0.0117
v 0.0999 1.1802 -0.0525
v 0.1485 1.1923 0.0477
v 0.0726 1.1820 -0.0605
v 0.1467 1.1844 0.0122
v 0.0425 1.1844 -0.0607
v 0.0166 1.1867 -0.0577
v 0.0005 1.1884 -0.0564
v 0.0365 1.2402 0.1448
v 0.1246 1.1797 -0.0329
v 0.0054 1.2420 0.1404
v -0.1322 1.2687 0.1093
v -0.1541 1.2468 0.0776
v -0.0924 1.2843 0.1196
v -0.1494 1.2096 -0.0144
v -0.1117 1.2082 -0.0560
v -0.1590 1.2260 0.0394
v -0.0866 1.2104 -0.0661
v -0.1559 1.2149 0.0068
v -0.0557 1.2131 -0.0679
v -0.0292 1.2158 -0.0648
v -0.0126 1.2184 -0.0624
v -0.0496 1.2948 0.1177
v -0.1346 1.2081 -0.0348
v -0.0172 1.2986 0.1160
v 0.1251 1.2681 0.1128
v 0.1506 1.2446 0.0807
v 0.0832 1.2848 0.1210
v 0.1467 1.2074 -0.0179
v 0.1044 1.2071 -0.0593
v 0.1565 1.2241 0.0405
v 0.0774 1.2101 -0.0673
v 0.1531 1.2130 0.0054
v 0.0463 1.2133 -0.0669
v 0.0188 1.2161 -0.0632
v 0.0011 1.2186 -0.0616
v 0.0398 1.2950 0.1177
v 0.1301 1.2063 -0.0388
v 0.0070 1.2988 0.1159
v -0.0160 1.1829 0.1546
v -0.1231 1.1557 -0.0239
v -0.0437 1.1827 0.1576
v -0.0114 1.1573 -0.0522
v -0.0256 1.1569 -0.0541
v -0.0481 1.1559 -0.0559
v -0.1405 1.1580 0.0214
v -0.0764 1.1550 -0.0530
v -0.1409 1.1629 0.0557
v -0.1029 1.1551 -0.0420
v -0.1351 1.1564 -0.0029
v -0.0795 1.1825 0.1558
v -0.1322 1.1720 0.1008
v -0.1114 1.1799 0.1388
v 0.0051 1.1831 0.1541
v 0.1187 1.1536 -0.0276
v 0.0334 1.1829 0.1568
v 0.0004 1.1574 -0.0516
v 0.0151 1.1569 -0.0526
v 0.0384 1.1558 -0.0552
v 0.1396 1.1557 0.0202
v 0.0675 1.1545 -0.0545
v 0.1401 1.1609 0.0569
v 0.0957 1.1538 -0.0453
v 0.1330 1.1541 -0.0057
v 0.0708 1.1822 0.1565
v 0.1298 1.1703 0.1037
v 0.1058 1.1786 0.1413
vt 0.6068 0.3729
vt 0.6088 0.3837
vt 0.5803 0.3851
vt 0.5790 0.3747
vt 0.6131 0.3937
vt 0.5844 0.3951
vt 0.5524 0.3953
vt 0.5556 0.3848
vt 0.5555 0.3752
vt 0.8433 0.9817
vt 0.8457 0.9745
vt 0.8544 0.9774
vt 0.8521 0.9846
vt 0.8484 0.9661
vt 0.8571 0.9690
vt 0.8688 0.9728
vt 0.8661 0.9811
vt 0.8638 0.9883
vt 0.5940 0.4047
vt 0.5684 0.4059
vt 0.6204 0.4031
vt 0.6279 0.4124
vt 0.6045 0.4142
vt 0.5844 0.4164
vt 0.6117 0.4235
vt 0.5909 0.4253
vt 0.6332 0.4219
vt 0.6371 0.4319
vt 0.6171 0.4330
vt 0.5974 0.4342
vt 0.6437 0.4533
vt 0.6262 0.4533
vt 0.6222 0.4429
vt 0.6409 0.4423
vt 0.6100 0.4531
vt 0.6037 0.4436
vt 0.6119 0.4759
vt 0.6109 0.4645
vt 0.6277 0.4647
vt 0.6267 0.4768
vt 0.6447 0.4650
vt 0.6432 0.4779
vt 0.6225 0.4893
vt 0.6080 0.4860
vt 0.6387 0.4924
vt 0.6295 0.5109
vt 0.6145 0.5014
vt 0.6041 0.4960
vt 0.5810 0.5056
vt 0.5925 0.5008
vt 0.6012 0.5105
vt 0.5855 0.5168
vt 0.6084 0.5220
vt 0.5898 0.5290
vt 0.5513 0.5086
vt 0.5661 0.5071
vt 0.5685 0.5202
vt 0.5529 0.5216
vt 0.5708 0.5327
vt 0.5538 0.5341
vt 0.5115 0.5079
vt 0.5214 0.5081
vt 0.5202 0.5213
vt 0.5095 0.5209
vt 0.5314 0.5084
vt 0.5307 0.5216
vt 0.5304 0.5340
vt 0.5191 0.5335
vt 0.5075 0.5331
vt 0.5413 0.5085
vt 0.5410 0.5219
vt 0.5411 0.5343
vt 0.7125 0.4561
vt 0.7296 0.4562
vt 0.7280 0.4687
vt 0.7110 0.4686
vt 0.7504 0.4562
vt 0.7489 0.4687
vt 0.7489 0.4815
vt 0.7278 0.4815
vt 0.7106 0.4814
vt 0.7330 0.4439
vt 0.7539 0.4439
vt 0.7155 0.4437
vt 0.7195 0.4316
vt 0.7376 0.4318
vt 0.7586 0.4318
vt 0.6773 0.4798
vt 0.6780 0.4667
vt 0.6945 0.4678
vt 0.6941 0.4807
vt 0.6783 0.4544
vt 0.6955 0.4553
vt 0.8911 0.9040
vt 0.8795 0.9002
vt 0.8827 0.8903
vt 0.8943 0.8941
vt 0.8707 0.8973
vt 0.8739 0.8875
vt 0.8772 0.8774
vt 0.8859 0.8803
vt 0.8976 0.8841
vt 0.6614 0.4657
vt 0.6602 0.4789
vt 0.6610 0.4536
vt 0.7429 0.4197
vt 0.7640 0.4199
vt 0.7242 0.4195
vt 0.7310 0.4074
vt 0.7508 0.4074
vt 0.7720 0.4078
vt 0.7631 0.3946
vt 0.7842 0.3955
vt 0.7415 0.3947
vt 0.7578 0.3795
vt 0.7796 0.3815
vt 0.7993 0.3834
vt 0.8002 0.3687
vt 0.8162 0.3721
vt 0.7916 0.3648
vt 0.8196 0.3520
vt 0.8237 0.3568
vt 0.8362 0.3612
vt 0.8503 0.3459
vt 0.8601 0.3506
vt 0.8474 0.3409
vt 0.8733 0.3319
vt 0.8783 0.3356
vt 0.8833 0.3394
vt 0.8859 0.6848
vt 0.8793 0.6885
vt 0.8561 0.6721
vt 0.8673 0.6676
vt 0.8728 0.6922
vt 0.8464 0.6759
vt 0.8211 0.6614
vt 0.8313 0.6568
vt 0.8444 0.6529
vt 0.7283 0.4944
vt 0.7108 0.4945
vt 0.7496 0.4945
vt 0.7512 0.5076
vt 0.7297 0.5075
vt 0.7117 0.5080
vt 0.6572 0.4937
vt 0.6759 0.4943
vt 0.6739 0.5100
vt 0.6533 0.5105
vt 0.8888 0.8715
vt 0.9004 0.8753
vt 0.8800 0.8687
vt 0.8828 0.8600
vt 0.8916 0.8628
vt 0.9033 0.8666
vt 0.6937 0.4945
vt 0.6933 0.5090
vt 0.7324 0.5207
vt 0.7136 0.5217
vt 0.7541 0.5209
vt 0.7582 0.5350
vt 0.7364 0.5348
vt 0.7171 0.5361
vt 0.7414 0.5502
vt 0.7222 0.5514
vt 0.7631 0.5507
vt 0.7677 0.5674
vt 0.7465 0.5667
vt 0.7278 0.5675
vt 0.7508 0.5837
vt 0.7328 0.5839
vt 0.7715 0.5845
vt 0.7760 0.6007
vt 0.7561 0.6001
vt 0.7387 0.5998
vt 0.7976 0.6274
vt 0.7806 0.6291
vt 0.7650 0.6149
vt 0.7837 0.6147
vt 0.7633 0.6338
vt 0.7476 0.6151
vt 0.8046 0.6428
vt 0.8194 0.6398
vt 0.7949 0.6483
vt 0.6790 0.4089
vt 0.7063 0.4078
vt 0.7025 0.4194
vt 0.6789 0.4197
vt 0.6997 0.4312
vt 0.6786 0.4309
vt 0.8794 0.9401
vt 0.8677 0.9363
vt 0.8705 0.9279
vt 0.8821 0.9317
vt 0.8590 0.9335
vt 0.8617 0.9251
vt 0.8646 0.9162
vt 0.8733 0.9191
vt 0.8850 0.9228
vt 0.6527 0.4105
vt 0.6556 0.4206
vt 0.6576 0.4312
vt 0.8763 0.9098
vt 0.8880 0.9136
vt 0.8676 0.9069
vt 0.6596 0.4422
vt 0.6784 0.4425
vt 0.6973 0.4431
vt 0.6998 0.5550
vt 0.6953 0.5396
vt 0.7054 0.5704
vt 0.6809 0.5740
vt 0.6758 0.5592
vt 0.6723 0.5435
vt 0.6531 0.5621
vt 0.6505 0.5463
vt 0.6570 0.5765
vt 0.6349 0.5781
vt 0.6323 0.5640
vt 0.6306 0.5485
vt 0.6132 0.5656
vt 0.6121 0.5512
vt 0.6145 0.5791
vt 0.5948 0.5799
vt 0.5943 0.5669
vt 0.5937 0.5538
vt 0.6934 0.5242
vt 0.6721 0.5268
vt 0.8944 0.8541
vt 0.9061 0.8579
vt 0.8857 0.8512
vt 0.8883 0.8433
vt 0.8970 0.8461
vt 0.9087 0.8499
vt 0.8991 0.8397
vt 0.9108 0.8435
vt 0.8903 0.8369
vt 0.8921 0.8315
vt 0.9008 0.8343
vt 0.9125 0.8381
vt 0.9024 0.8294
vt 0.9141 0.8331
vt 0.8937 0.8265
vt 0.8953 0.8217
vt 0.9040 0.8246
vt 0.9157 0.8284
vt 0.6509 0.5286
vt 0.6303 0.5312
vt 0.5925 0.5412
vt 0.6112 0.5363
vt 0.5749 0.5678
vt 0.5746 0.5553
vt 0.5749 0.5805
vt 0.5568 0.5809
vt 0.5572 0.5683
vt 0.5570 0.5561
vt 0.5432 0.5686
vt 0.5433 0.5563
vt 0.5424 0.5811
vt 0.5294 0.5814
vt 0.5306 0.5688
vt 0.5311 0.5563
vt 0.5168 0.5691
vt 0.5179 0.5561
vt 0.5154 0.5818
vt 0.5010 0.5816
vt 0.5025 0.5689
vt 0.5041 0.5557
vt 0.5730 0.5440
vt 0.5556 0.5451
vt 0.5423 0.5453
vt 0.5308 0.5451
vt 0.5185 0.5447
vt 0.5058 0.5442
vt 0.8742 0.9560
vt 0.8626 0.9522
vt 0.8651 0.9443
vt 0.8768 0.9481
vt 0.8538 0.9494
vt 0.8564 0.9415
vt 0.8599 0.9605
vt 0.8716 0.9643
vt 0.8512 0.9576
vt 0.6400 0.3807
vt 0.6436 0.3910
vt 0.6375 0.3699
vt 0.6713 0.3666
vt 0.6746 0.3774
vt 0.6775 0.3879
vt 0.6483 0.4008
vt 0.6788 0.3983
vt 0.7116 0.3962
vt 0.7153 0.3848
vt 0.7083 0.3637
vt 0.7131 0.3741
vt 0.7472 0.3581
vt 0.7524 0.3682
vt 0.7212 0.6153
vt 0.7156 0.6007
vt 0.7264 0.6319
vt 0.6938 0.6317
vt 0.6919 0.6159
vt 0.6891 0.6021
vt 0.6654 0.6164
vt 0.6632 0.6033
vt 0.6670 0.6315
vt 0.6440 0.6312
vt 0.6419 0.6167
vt 0.6394 0.6040
vt 0.6203 0.6165
vt 0.6179 0.6043
vt 0.6222 0.6306
vt 0.6002 0.6300
vt 0.5991 0.6161
vt 0.5972 0.6042
vt 0.5775 0.6159
vt 0.5764 0.6042
vt 0.5777 0.6297
vt 0.5566 0.6292
vt 0.5574 0.6157
vt 0.5571 0.6040
vt 0.5405 0.6150
vt 0.5409 0.6036
vt 0.5391 0.6284
vt 0.5240 0.6271
vt 0.5258 0.6139
vt 0.5267 0.6028
vt 0.5116 0.6123
vt 0.5126 0.6017
vt 0.5100 0.6255
vt 0.4965 0.6243
vt 0.4978 0.6111
vt 0.4989 0.6007
vt 0.7105 0.5858
vt 0.6854 0.5883
vt 0.6605 0.5902
vt 0.6372 0.5913
vt 0.6160 0.5920
vt 0.5958 0.5924
vt 0.5754 0.5926
vt 0.5568 0.5927
vt 0.5415 0.5927
vt 0.5279 0.5925
vt 0.5139 0.5922
vt 0.4998 0.5917
vt 0.8346 0.6807
vt 0.8094 0.6697
vt 0.8613 0.6928
vt 0.8499 0.6934
vt 0.8236 0.6867
vt 0.7989 0.6796
vt 0.8496 0.3336
vt 0.8773 0.3237
vt 0.8204 0.3447
vt 0.8217 0.3358
vt 0.8522 0.3252
vt 0.8813 0.3155
vt 0.7883 0.3573
vt 0.7861 0.3478
vt 0.6681 0.6496
vt 0.6451 0.6488
vt 0.6951 0.6504
vt 0.6954 0.6677
vt 0.6686 0.6663
vt 0.6453 0.6651
vt 0.5356 0.6445
vt 0.5205 0.6431
vt 0.5540 0.6455
vt 0.5508 0.6607
vt 0.5318 0.6595
vt 0.5167 0.6580
vt 0.5762 0.6462
vt 0.5999 0.6468
vt 0.5986 0.6626
vt 0.5739 0.6617
vt 0.6228 0.6478
vt 0.6224 0.6638
vt 0.5072 0.6415
vt 0.4949 0.6404
vt 0.5044 0.6565
vt 0.4934 0.6556
vt 0.7862 0.6608
vt 0.7602 0.6544
vt 0.7789 0.6747
vt 0.7569 0.6716
vt 0.7277 0.6516
vt 0.7271 0.6694
vt 0.7177 0.2551
vt 0.6889 0.2556
vt 0.6918 0.2422
vt 0.7198 0.2424
vt 0.6620 0.2551
vt 0.6647 0.2414
vt 0.6675 0.2273
vt 0.6947 0.2285
vt 0.7221 0.2292
vt 0.7844 0.2508
vt 0.7502 0.2534
vt 0.7503 0.2419
vt 0.7825 0.2408
vt 0.7512 0.2294
vt 0.7819 0.2292
vt 0.6351 0.2539
vt 0.6368 0.2400
vt 0.6086 0.2525
vt 0.6094 0.2385
vt 0.6111 0.2241
vt 0.6391 0.2257
vt 0.7316 0.7494
vt 0.7526 0.7523
vt 0.7507 0.7597
vt 0.7299 0.7569
vt 0.7731 0.7555
vt 0.7712 0.7630
vt 0.7676 0.7727
vt 0.7474 0.7696
vt 0.7270 0.7669
vt 0.6323 0.7415
vt 0.6583 0.7428
vt 0.6569 0.7506
vt 0.6308 0.7493
vt 0.6840 0.7445
vt 0.6825 0.7522
vt 0.6805 0.7626
vt 0.6552 0.7611
vt 0.6294 0.7599
vt 0.8506 0.2448
vt 0.8178 0.2479
vt 0.8150 0.2393
vt 0.8475 0.2379
vt 0.8135 0.2289
vt 0.8444 0.2309
vt 0.5810 0.7396
vt 0.6065 0.7404
vt 0.6048 0.7483
vt 0.5790 0.7475
vt 0.6036 0.7589
vt 0.5777 0.7581
vt 0.7947 0.7592
vt 0.7929 0.7667
vt 0.8171 0.7632
vt 0.8157 0.7705
vt 0.8143 0.7778
vt 0.7894 0.7762
vt 0.5344 0.7381
vt 0.5562 0.7388
vt 0.5538 0.7468
vt 0.5319 0.7462
vt 0.5523 0.7575
vt 0.5304 0.7570
vt 0.5052 0.7370
vt 0.5178 0.7375
vt 0.5157 0.7457
vt 0.5037 0.7453
vt 0.5143 0.7566
vt 0.5026 0.7563
vt 0.4858 0.7363
vt 0.4950 0.7367
vt 0.4940 0.7451
vt 0.4852 0.7447
vt 0.4931 0.7560
vt 0.4843 0.7558
vt 0.5840 0.2514
vt 0.5843 0.2373
vt 0.5630 0.2505
vt 0.5634 0.2364
vt 0.5646 0.2219
vt 0.5857 0.2228
vt 0.7087 0.7467
vt 0.7071 0.7544
vt 0.7046 0.7646
vt 0.5466 0.2499
vt 0.5474 0.2358
vt 0.5330 0.2493
vt 0.5343 0.2353
vt 0.5356 0.2208
vt 0.5486 0.2212
vt 0.5563 0.3523
vt 0.5382 0.3526
vt 0.5389 0.3405
vt 0.5569 0.3402
vt 0.5232 0.3522
vt 0.5240 0.3402
vt 0.5249 0.3280
vt 0.5398 0.3283
vt 0.5577 0.3281
vt 0.5600 0.3033
vt 0.5424 0.3032
vt 0.5438 0.2905
vt 0.5612 0.2908
vt 0.5276 0.3028
vt 0.5291 0.2900
vt 0.5305 0.2768
vt 0.5450 0.2774
vt 0.5621 0.2780
vt 0.6936 0.6870
vt 0.7243 0.6893
vt 0.7226 0.6967
vt 0.6924 0.6942
vt 0.7520 0.6915
vt 0.7498 0.6992
vt 0.7473 0.7066
vt 0.7207 0.7040
vt 0.6912 0.7013
vt 0.6889 0.7157
vt 0.7162 0.7182
vt 0.7139 0.7253
vt 0.6878 0.7228
vt 0.7412 0.7210
vt 0.7380 0.7280
vt 0.7353 0.7351
vt 0.7118 0.7324
vt 0.6866 0.7300
vt 0.6060 0.3496
vt 0.5792 0.3514
vt 0.5796 0.3394
vt 0.6060 0.3378
vt 0.5802 0.3274
vt 0.6061 0.3260
vt 0.6067 0.3032
vt 0.5818 0.3034
vt 0.5827 0.2913
vt 0.6070 0.2917
vt 0.5834 0.2787
vt 0.6074 0.2796
vt 0.4916 0.6739
vt 0.5015 0.6747
vt 0.5006 0.6819
vt 0.4909 0.6812
vt 0.5130 0.6760
vt 0.5118 0.6832
vt 0.5108 0.6905
vt 0.4997 0.6894
vt 0.4902 0.6887
vt 0.4886 0.7044
vt 0.4982 0.7050
vt 0.4975 0.7129
vt 0.4878 0.7124
vt 0.5094 0.7058
vt 0.5087 0.7136
vt 0.5079 0.7214
vt 0.4968 0.7208
vt 0.4871 0.7204
vt 0.5278 0.6774
vt 0.5264 0.6845
vt 0.5469 0.6788
vt 0.5454 0.6858
vt 0.5441 0.6930
vt 0.5252 0.6917
vt 0.5236 0.7068
vt 0.5228 0.7144
vt 0.5419 0.7078
vt 0.5408 0.7153
vt 0.5392 0.7228
vt 0.5217 0.7220
vt 0.5705 0.6799
vt 0.5690 0.6870
vt 0.5958 0.6810
vt 0.5944 0.6881
vt 0.5928 0.6953
vt 0.5675 0.6941
vt 0.5644 0.7089
vt 0.5628 0.7163
vt 0.5891 0.7099
vt 0.5871 0.7173
vt 0.5851 0.7247
vt 0.5609 0.7237
vt 0.7890 0.6960
vt 0.8128 0.7008
vt 0.8091 0.7080
vt 0.7859 0.7036
vt 0.8409 0.7068
vt 0.8364 0.7134
vt 0.8319 0.7201
vt 0.8058 0.7152
vt 0.7832 0.7112
vt 0.7796 0.7262
vt 0.8016 0.7300
vt 0.7997 0.7374
vt 0.7780 0.7338
vt 0.8259 0.7344
vt 0.8229 0.7415
vt 0.8199 0.7486
vt 0.7979 0.7448
vt 0.7764 0.7412
vt 0.6201 0.6823
vt 0.6188 0.6894
vt 0.6435 0.6837
vt 0.6423 0.6908
vt 0.6410 0.6979
vt 0.6173 0.6965
vt 0.6137 0.7110
vt 0.6119 0.7183
vt 0.6382 0.7123
vt 0.6368 0.7195
vt 0.6353 0.7268
vt 0.6100 0.7257
vt 0.8749 0.3015
vt 0.8480 0.3090
vt 0.8446 0.3011
vt 0.8717 0.2945
vt 0.8162 0.3176
vt 0.8120 0.3087
vt 0.8077 0.3001
vt 0.8409 0.2934
vt 0.8685 0.2874
vt 0.8626 0.2731
vt 0.8325 0.2789
vt 0.8282 0.2717
vt 0.8597 0.2660
vt 0.7982 0.2850
vt 0.7935 0.2776
vt 0.7894 0.2696
vt 0.8242 0.2642
vt 0.8568 0.2588
vt 0.6671 0.6852
vt 0.6660 0.6923
vt 0.6649 0.6994
vt 0.6630 0.7137
vt 0.6620 0.7209
vt 0.6610 0.7282
vt 0.7713 0.6934
vt 0.7687 0.7011
vt 0.7660 0.7087
vt 0.7610 0.7234
vt 0.7585 0.7307
vt 0.7562 0.7380
vt 0.6663 0.3439
vt 0.6353 0.3469
vt 0.6346 0.3352
vt 0.6641 0.3324
vt 0.6339 0.3239
vt 0.6622 0.3215
vt 0.6593 0.3017
vt 0.6328 0.3026
vt 0.6324 0.2920
vt 0.6582 0.2919
vt 0.6325 0.2806
vt 0.6581 0.2811
vt 0.7767 0.3276
vt 0.7712 0.3175
vt 0.7355 0.3363
vt 0.7295 0.3252
vt 0.7245 0.3148
vt 0.7661 0.3079
vt 0.7579 0.2915
vt 0.7542 0.2835
vt 0.7183 0.2970
vt 0.7161 0.2884
vt 0.7150 0.2787
vt 0.7514 0.2747
vt 0.6990 0.3411
vt 0.6945 0.3297
vt 0.6908 0.3189
vt 0.6864 0.3001
vt 0.6849 0.2910
vt 0.6845 0.2807
vt 0.5316 0.9550
vt 0.5522 0.9560
vt 0.5526 0.9762
vt 0.5315 0.9752
vt 0.5751 0.9570
vt 0.5760 0.9771
vt 0.5772 0.9978
vt 0.5531 0.9968
vt 0.5291 0.9958
vt 0.7645 0.0593
vt 0.7362 0.0595
vt 0.7417 0.0396
vt 0.7700 0.0389
vt 0.7083 0.0598
vt 0.7139 0.0405
vt 0.7226 0.0205
vt 0.7483 0.0181
vt 0.7739 0.0158
vt 0.4993 0.9530
vt 0.5147 0.9540
vt 0.5144 0.9742
vt 0.4986 0.9731
vt 0.5140 0.9947
vt 0.4989 0.9936
vt 0.8926 0.0705
vt 0.8608 0.0654
vt 0.8687 0.0459
vt 0.9022 0.0502
vt 0.8282 0.0622
vt 0.8351 0.0423
vt 0.8419 0.0206
vt 0.8769 0.0252
vt 0.9118 0.0299
vt 0.4670 0.9509
vt 0.4831 0.9517
vt 0.4818 0.9717
vt 0.4651 0.9708
vt 0.4806 0.9920
vt 0.4622 0.9904
vt 0.7426 0.9486
vt 0.7628 0.9457
vt 0.7681 0.9654
vt 0.7471 0.9685
vt 0.7828 0.9412
vt 0.7901 0.9618
vt 0.7974 0.9823
vt 0.7744 0.9861
vt 0.7514 0.9900
vt 0.6658 0.9571
vt 0.6866 0.9554
vt 0.6896 0.9758
vt 0.6684 0.9776
vt 0.7062 0.9532
vt 0.7097 0.9736
vt 0.7154 0.9951
vt 0.6941 0.9971
vt 0.6728 0.9992
vt 0.7956 0.0602
vt 0.8016 0.0400
vt 0.8079 0.0182
vt 0.7242 0.9510
vt 0.7282 0.9712
vt 0.7334 0.9925
vt 0.5961 0.0576
vt 0.5726 0.0569
vt 0.5754 0.0380
vt 0.5997 0.0387
vt 0.5500 0.0561
vt 0.5516 0.0372
vt 0.5535 0.0176
vt 0.5783 0.0183
vt 0.6030 0.0190
vt 0.6216 0.9582
vt 0.6441 0.9581
vt 0.6461 0.9784
vt 0.6231 0.9785
vt 0.6491 0.9993
vt 0.6254 0.9995
vt 0.6489 0.0591
vt 0.6213 0.0584
vt 0.6254 0.0394
vt 0.6531 0.0401
vt 0.6294 0.0197
vt 0.6558 0.0204
vt 0.5985 0.9578
vt 0.5997 0.9780
vt 0.6013 0.9986
vt 0.6786 0.0597
vt 0.6835 0.0406
vt 0.6892 0.0205
vt 0.6424 0.2108
vt 0.6707 0.2126
vt 0.6143 0.2091
vt 0.6184 0.1935
vt 0.6463 0.1954
vt 0.6743 0.1973
vt 0.6504 0.1796
vt 0.6783 0.1815
vt 0.6225 0.1775
vt 0.6265 0.1611
vt 0.6546 0.1631
vt 0.6827 0.1648
vt 0.6591 0.1459
vt 0.6877 0.1472
vt 0.6304 0.1443
vt 0.6342 0.1272
vt 0.6635 0.1283
vt 0.6927 0.1290
vt 0.6677 0.1107
vt 0.6973 0.1110
vt 0.6380 0.1101
vt 0.6416 0.0933
vt 0.6714 0.0936
vt 0.7012 0.0937
vt 0.6748 0.0770
vt 0.7045 0.0772
vt 0.6451 0.0765
vt 0.6031 0.7741
vt 0.5774 0.7734
vt 0.6284 0.7750
vt 0.6275 0.7930
vt 0.6028 0.7922
vt 0.5777 0.7916
vt 0.6024 0.8112
vt 0.5778 0.8108
vt 0.6265 0.8118
vt 0.6252 0.8318
vt 0.6015 0.8311
vt 0.5774 0.8308
vt 0.6002 0.8525
vt 0.5764 0.8519
vt 0.6237 0.8535
vt 0.6225 0.8758
vt 0.5990 0.8748
vt 0.5754 0.8739
vt 0.5984 0.8970
vt 0.5748 0.8961
vt 0.6219 0.8977
vt 0.6216 0.9187
vt 0.5982 0.9183
vt 0.5747 0.9176
vt 0.5981 0.9383
vt 0.5747 0.9376
vt 0.6213 0.9386
vt 0.5887 0.2076
vt 0.5671 0.2066
vt 0.5704 0.1908
vt 0.5925 0.1919
vt 0.5964 0.1758
vt 0.5738 0.1747
vt 0.5772 0.1583
vt 0.6002 0.1595
vt 0.6038 0.1429
vt 0.5804 0.1419
vt 0.5837 0.1253
vt 0.6074 0.1262
vt 0.6109 0.1094
vt 0.5868 0.1087
vt 0.5899 0.0920
vt 0.6143 0.0927
vt 0.6177 0.0759
vt 0.5929 0.0752
vt 0.6533 0.7761
vt 0.6775 0.7775
vt 0.6742 0.7953
vt 0.6513 0.7940
vt 0.6496 0.8129
vt 0.6715 0.8143
vt 0.6694 0.8344
vt 0.6481 0.8330
vt 0.6465 0.8547
vt 0.6679 0.8560
vt 0.6668 0.8779
vt 0.6453 0.8769
vt 0.6446 0.8984
vt 0.6662 0.8988
vt 0.6657 0.9186
vt 0.6442 0.9188
vt 0.6437 0.9384
vt 0.6652 0.9377
vt 0.5505 0.2059
vt 0.5369 0.2055
vt 0.5383 0.1895
vt 0.5530 0.1900
vt 0.5555 0.1739
vt 0.5396 0.1733
vt 0.5410 0.1570
vt 0.5580 0.1576
vt 0.5605 0.1411
vt 0.5424 0.1405
vt 0.5439 0.1240
vt 0.5630 0.1246
vt 0.5654 0.1080
vt 0.5454 0.1074
vt 0.5470 0.0907
vt 0.5679 0.0914
vt 0.5702 0.0745
vt 0.5485 0.0738
vt 0.7418 0.7835
vt 0.7221 0.7812
vt 0.7614 0.7863
vt 0.7541 0.8028
vt 0.7351 0.8005
vt 0.7163 0.7985
vt 0.7290 0.8190
vt 0.7107 0.8174
vt 0.7478 0.8209
vt 0.7432 0.8400
vt 0.7246 0.8387
vt 0.7068 0.8373
vt 0.7228 0.8589
vt 0.7052 0.8582
vt 0.7407 0.8593
vt 0.7397 0.8783
vt 0.7223 0.8788
vt 0.7050 0.8789
vt 0.7220 0.8974
vt 0.7050 0.8982
vt 0.7392 0.8963
vt 0.7392 0.9135
vt 0.7219 0.9152
vt 0.7048 0.9166
vt 0.7224 0.9326
vt 0.7048 0.9345
vt 0.7401 0.9305
vt 0.7532 0.2151
vt 0.7833 0.2151
vt 0.7246 0.2148
vt 0.7277 0.1994
vt 0.7562 0.1994
vt 0.7862 0.1991
vt 0.7598 0.1829
vt 0.7895 0.1824
vt 0.7316 0.1831
vt 0.7360 0.1659
vt 0.7640 0.1656
vt 0.7934 0.1652
vt 0.7687 0.1475
vt 0.7981 0.1475
vt 0.7409 0.1476
vt 0.7459 0.1291
vt 0.7739 0.1294
vt 0.8035 0.1301
vt 0.7794 0.1119
vt 0.8094 0.1131
vt 0.7511 0.1112
vt 0.7559 0.0940
vt 0.7849 0.0949
vt 0.8155 0.0965
vt 0.7901 0.0782
vt 0.8217 0.0799
vt 0.7601 0.0772
vt 0.7006 0.7792
vt 0.6960 0.7968
vt 0.6917 0.8158
vt 0.6887 0.8359
vt 0.6872 0.8572
vt 0.6867 0.8786
vt 0.6864 0.8987
vt 0.6860 0.9178
vt 0.6857 0.9363
vt 0.7826 0.7896
vt 0.8051 0.7930
vt 0.7960 0.8082
vt 0.7748 0.8057
vt 0.7680 0.8231
vt 0.7890 0.8255
vt 0.7821 0.8428
vt 0.7628 0.8413
vt 0.7598 0.8596
vt 0.7793 0.8598
vt 0.7765 0.8768
vt 0.7582 0.8775
vt 0.7578 0.8948
vt 0.7773 0.8931
vt 0.7781 0.9093
vt 0.7583 0.9115
vt 0.7598 0.9281
vt 0.7805 0.9253
vt 0.4922 0.7714
vt 0.4830 0.7712
vt 0.5021 0.7717
vt 0.5022 0.7900
vt 0.4914 0.7898
vt 0.4813 0.7895
vt 0.4907 0.8091
vt 0.4794 0.8087
vt 0.5025 0.8094
vt 0.5028 0.8297
vt 0.4900 0.8292
vt 0.4775 0.8288
vt 0.4890 0.8502
vt 0.4756 0.8496
vt 0.5027 0.8509
vt 0.5023 0.8723
vt 0.4880 0.8714
vt 0.4738 0.8707
vt 0.4869 0.8923
vt 0.4722 0.8915
vt 0.5016 0.8932
vt 0.5009 0.9136
vt 0.4857 0.9125
vt 0.4706 0.9118
vt 0.4844 0.9321
vt 0.4688 0.9314
vt 0.5001 0.9333
vt 0.8146 0.2150
vt 0.8462 0.2150
vt 0.8170 0.1989
vt 0.8479 0.1992
vt 0.8200 0.1821
vt 0.8508 0.1820
vt 0.8237 0.1650
vt 0.8537 0.1648
vt 0.8287 0.1479
vt 0.8599 0.1485
vt 0.8345 0.1311
vt 0.8660 0.1322
vt 0.8405 0.1147
vt 0.8721 0.1166
vt 0.8468 0.0987
vt 0.8782 0.1010
vt 0.8536 0.0826
vt 0.8854 0.0857
vt 0.5141 0.7720
vt 0.5304 0.7724
vt 0.5313 0.7907
vt 0.5148 0.7904
vt 0.5158 0.8098
vt 0.5325 0.8102
vt 0.5331 0.8304
vt 0.5166 0.8301
vt 0.5167 0.8513
vt 0.5330 0.8514
vt 0.5325 0.8730
vt 0.5164 0.8727
vt 0.5160 0.8939
vt 0.5323 0.8945
vt 0.5320 0.9154
vt 0.5156 0.9144
vt 0.5152 0.9343
vt 0.5318 0.9353
vt 0.6976 0.2140
vt 0.7009 0.1987
vt 0.7049 0.1827
vt 0.7095 0.1657
vt 0.7145 0.1477
vt 0.7196 0.1291
vt 0.7245 0.1111
vt 0.7288 0.0937
vt 0.7323 0.0771
vt 0.5523 0.7728
vt 0.5530 0.7911
vt 0.5538 0.8105
vt 0.5539 0.8306
vt 0.5534 0.8516
vt 0.5526 0.8733
vt 0.5522 0.8953
vt 0.5521 0.9165
vt 0.5520 0.9365
vt 0.8411 0.9731
vt 0.8439 0.9647
vt 0.8388 0.9803
vt 0.8326 0.9782
vt 0.8349 0.9710
vt 0.8376 0.9627
vt 0.8404 0.9542
vt 0.8466 0.9562
vt 0.8431 0.9459
vt 0.8493 0.9479
vt 0.8456 0.9380
vt 0.8519 0.9400
vt 0.8482 0.9300
vt 0.8545 0.9320
vt 0.8510 0.9216
vt 0.8572 0.9236
vt 0.8538 0.9127
vt 0.8601 0.9147
vt 0.8568 0.9034
vt 0.8631 0.9055
vt 0.8600 0.8939
vt 0.8662 0.8959
vt 0.8631 0.8840
vt 0.8694 0.8860
vt 0.8664 0.8739
vt 0.8726 0.8760
vt 0.8692 0.8652
vt 0.8755 0.8672
vt 0.8721 0.8565
vt 0.8783 0.8585
vt 0.8749 0.8477
vt 0.8811 0.8498
vt 0.8775 0.8398
vt 0.8837 0.8418
vt 0.8813 0.8280
vt 0.8829 0.8230
vt 0.8892 0.8250
vt 0.8875 0.8300
vt 0.8845 0.8183
vt 0.8907 0.8203
vt 0.8796 0.8334
vt 0.8858 0.8354
vt 0.5218 0.3739
vt 0.5372 0.3746
vt 0.5370 0.3825
vt 0.5212 0.3805
vt 0.5367 0.3887
vt 0.5210 0.3821
vt 0.8851 0.6601
vt 0.9028 0.6754
vt 0.8656 0.6463
vt 0.8971 0.6374
vt 0.9118 0.6503
vt 0.9197 0.6659
vt 0.7824 0.4439
vt 0.7787 0.4562
vt 0.7874 0.4318
vt 0.8246 0.4321
vt 0.8191 0.4441
vt 0.8152 0.4565
vt 0.8426 0.3773
vt 0.8277 0.3870
vt 0.8594 0.3676
vt 0.8922 0.3751
vt 0.8781 0.3837
vt 0.8647 0.3918
vt 0.8021 0.5850
vt 0.8069 0.6005
vt 0.7981 0.5682
vt 0.8384 0.5679
vt 0.8432 0.5839
vt 0.8488 0.5982
vt 0.7932 0.4202
vt 0.8014 0.4087
vt 0.8394 0.4103
vt 0.8309 0.4209
vt 0.7835 0.5217
vt 0.7880 0.5359
vt 0.7802 0.5083
vt 0.8175 0.5093
vt 0.8217 0.5227
vt 0.8270 0.5367
vt 0.7782 0.4950
vt 0.7773 0.4818
vt 0.8139 0.4825
vt 0.8151 0.4959
vt 0.8145 0.6133
vt 0.8269 0.6243
vt 0.8567 0.6095
vt 0.8676 0.6187
vt 0.8793 0.3572
vt 0.9002 0.3461
vt 0.9170 0.3528
vt 0.9073 0.3646
vt 0.7772 0.4689
vt 0.8137 0.4694
vt 0.8134 0.3975
vt 0.8512 0.4006
vt 0.8450 0.6348
vt 0.8817 0.6274
vt 0.7932 0.5515
vt 0.8328 0.5519
vt 0.9498 0.6391
vt 0.9596 0.6526
vt 0.9391 0.6273
vt 0.9877 0.6151
vt 0.9936 0.6272
vt 0.9995 0.6393
vt 0.8596 0.4969
vt 0.8627 0.5103
vt 0.8579 0.4835
vt 0.9052 0.4847
vt 0.9082 0.4981
vt 0.9111 0.5115
vt 0.8575 0.4702
vt 0.8589 0.4571
vt 0.9050 0.4576
vt 0.9051 0.4711
vt 0.8679 0.5235
vt 0.8742 0.5369
vt 0.9184 0.5242
vt 0.9256 0.5368
vt 0.8632 0.4446
vt 0.8691 0.4328
vt 0.9171 0.4329
vt 0.9111 0.4453
vt 0.8809 0.5511
vt 0.8874 0.5657
vt 0.9337 0.5497
vt 0.9417 0.5625
vt 0.8758 0.4223
vt 0.8843 0.4128
vt 0.9317 0.4151
vt 0.9244 0.4240
vt 0.8930 0.5801
vt 0.8991 0.5929
vt 0.9475 0.5749
vt 0.9534 0.5873
vt 0.8958 0.4046
vt 0.9083 0.3972
vt 0.9560 0.4027
vt 0.9438 0.4089
vt 0.9069 0.6028
vt 0.9164 0.6108
vt 0.9611 0.5946
vt 0.9689 0.6018
vt 0.9201 0.3902
vt 0.9319 0.3823
vt 0.9748 0.3907
vt 0.9654 0.3967
vt 0.9275 0.6184
vt 0.9783 0.6085
vt 0.9446 0.3721
vt 0.9572 0.3606
vt 0.9973 0.3683
vt 0.9861 0.3795
vt 0.4376 0.3664
vt 0.4650 0.3702
vt 0.4618 0.3805
vt 0.4336 0.3769
vt 0.4883 0.3724
vt 0.4864 0.3820
vt 0.4878 0.3927
vt 0.4558 0.3901
vt 0.4274 0.3867
vt 0.9456 0.6664
vt 0.9544 0.6693
vt 0.9521 0.6764
vt 0.9433 0.6736
vt 0.9661 0.6731
vt 0.9637 0.6802
vt 0.9611 0.6884
vt 0.9494 0.6846
vt 0.9407 0.6818
vt 0.4701 0.4020
vt 0.4446 0.3990
vt 0.4523 0.4113
vt 0.4325 0.4076
vt 0.4094 0.4041
vt 0.4185 0.3955
vt 0.4443 0.4194
vt 0.4238 0.4162
vt 0.4363 0.4275
vt 0.4167 0.4252
vt 0.3970 0.4228
vt 0.4025 0.4132
vt 0.3868 0.4435
vt 0.3915 0.4329
vt 0.4098 0.4346
vt 0.4038 0.4446
vt 0.4278 0.4365
vt 0.4192 0.4454
vt 0.4145 0.4678
vt 0.3998 0.4676
vt 0.4005 0.4557
vt 0.4169 0.4566
vt 0.3833 0.4675
vt 0.3839 0.4549
vt 0.4181 0.4780
vt 0.4024 0.4801
vt 0.4217 0.4883
vt 0.4090 0.4924
vt 0.3914 0.5005
vt 0.3854 0.4819
vt 0.4450 0.4986
vt 0.4361 0.5096
vt 0.4212 0.5022
vt 0.4333 0.4935
vt 0.4282 0.5211
vt 0.4107 0.5128
vt 0.4722 0.5055
vt 0.4674 0.5177
vt 0.4523 0.5146
vt 0.4586 0.5021
vt 0.4633 0.5297
vt 0.4466 0.5266
vt 0.4992 0.5204
vt 0.5019 0.5075
vt 0.4964 0.5326
vt 0.4860 0.5321
vt 0.4892 0.5199
vt 0.4924 0.5070
vt 0.4792 0.5192
vt 0.4823 0.5063
vt 0.4758 0.5313
vt 0.3190 0.4419
vt 0.3184 0.4539
vt 0.3025 0.4529
vt 0.3030 0.4411
vt 0.3167 0.4660
vt 0.3007 0.4648
vt 0.2807 0.4632
vt 0.2826 0.4513
vt 0.2832 0.4396
vt 0.2816 0.4279
vt 0.3015 0.4292
vt 0.2787 0.4162
vt 0.2989 0.4173
vt 0.3159 0.4179
vt 0.3179 0.4299
vt 0.3494 0.4670
vt 0.3328 0.4666
vt 0.3344 0.4542
vt 0.3508 0.4543
vt 0.3354 0.4422
vt 0.3526 0.4424
vt 0.9394 0.7553
vt 0.9363 0.7646
vt 0.9247 0.7609
vt 0.9277 0.7515
vt 0.9332 0.7742
vt 0.9216 0.7704
vt 0.9128 0.7676
vt 0.9159 0.7580
vt 0.9190 0.7487
vt 0.3664 0.4673
vt 0.3673 0.4545
vt 0.3697 0.4427
vt 0.2750 0.4046
vt 0.2954 0.4053
vt 0.2688 0.3926
vt 0.2895 0.3930
vt 0.3084 0.3936
vt 0.3132 0.4059
vt 0.2587 0.3801
vt 0.2794 0.3800
vt 0.2460 0.3675
vt 0.2656 0.3664
vt 0.2869 0.3651
vt 0.3000 0.3807
vt 0.2320 0.3552
vt 0.2489 0.3528
vt 0.2161 0.3425
vt 0.2304 0.3392
vt 0.2364 0.3343
vt 0.2587 0.3489
vt 0.1983 0.3287
vt 0.2096 0.3254
vt 0.1843 0.3134
vt 0.1881 0.3115
vt 0.1919 0.3097
vt 0.2138 0.3207
vt 0.1102 0.6511
vt 0.1321 0.6342
vt 0.1431 0.6405
vt 0.1138 0.6533
vt 0.1563 0.6205
vt 0.1705 0.6276
vt 0.1802 0.6355
vt 0.1517 0.6461
vt 0.1175 0.6556
vt 0.3145 0.4784
vt 0.2983 0.4770
vt 0.3113 0.4910
vt 0.2946 0.4892
vt 0.2741 0.4876
vt 0.2780 0.4754
vt 0.3669 0.4818
vt 0.3677 0.4982
vt 0.3476 0.4960
vt 0.3485 0.4809
vt 0.9305 0.7827
vt 0.9188 0.7789
vt 0.9277 0.7913
vt 0.9160 0.7875
vt 0.9073 0.7847
vt 0.9101 0.7761
vt 0.3310 0.4797
vt 0.3287 0.4935
vt 0.3066 0.5038
vt 0.2893 0.5013
vt 0.3001 0.5171
vt 0.2822 0.5141
vt 0.2612 0.5124
vt 0.2685 0.4997
vt 0.2917 0.5312
vt 0.2737 0.5280
vt 0.2825 0.5460
vt 0.2646 0.5433
vt 0.2437 0.5418
vt 0.2526 0.5264
vt 0.2735 0.5615
vt 0.2558 0.5593
vt 0.2638 0.5767
vt 0.2457 0.5747
vt 0.2253 0.5731
vt 0.2351 0.5580
vt 0.1969 0.5968
vt 0.2126 0.5857
vt 0.2326 0.5883
vt 0.2157 0.6013
vt 0.2518 0.5912
vt 0.2346 0.6098
vt 0.1781 0.6081
vt 0.1946 0.6145
vt 0.2052 0.6236
vt 0.3591 0.3975
vt 0.3575 0.4083
vt 0.3343 0.4068
vt 0.3323 0.3951
vt 0.3560 0.4194
vt 0.3351 0.4185
vt 0.9506 0.7208
vt 0.9479 0.7290
vt 0.9362 0.7252
vt 0.9389 0.7170
vt 0.9452 0.7375
vt 0.9335 0.7337
vt 0.9247 0.7309
vt 0.9275 0.7224
vt 0.9302 0.7141
vt 0.3804 0.4105
vt 0.3850 0.4006
vt 0.3767 0.4208
vt 0.9423 0.7463
vt 0.9306 0.7425
vt 0.9219 0.7396
vt 0.3543 0.4307
vt 0.3730 0.4316
vt 0.3356 0.4303
vt 0.3206 0.5225
vt 0.3128 0.5370
vt 0.3424 0.5285
vt 0.3357 0.5434
vt 0.3275 0.5575
vt 0.3039 0.5513
vt 0.3634 0.5331
vt 0.3575 0.5484
vt 0.3828 0.5370
vt 0.3779 0.5521
vt 0.3723 0.5660
vt 0.3506 0.5623
vt 0.4008 0.5412
vt 0.3968 0.5554
vt 0.4189 0.5454
vt 0.4155 0.5585
vt 0.4122 0.5716
vt 0.3924 0.5689
vt 0.3461 0.5123
vt 0.3256 0.5079
vt 0.9249 0.8000
vt 0.9132 0.7962
vt 0.9223 0.8078
vt 0.9107 0.8040
vt 0.9019 0.8012
vt 0.9045 0.7933
vt 0.9203 0.8140
vt 0.9086 0.8102
vt 0.9187 0.8191
vt 0.9070 0.8153
vt 0.8983 0.8124
vt 0.8999 0.8074
vt 0.9172 0.8237
vt 0.9055 0.8200
vt 0.8968 0.8171
vt 0.3667 0.5159
vt 0.3865 0.5201
vt 0.4047 0.5266
vt 0.4227 0.5330
vt 0.4378 0.5489
vt 0.4349 0.5613
vt 0.4551 0.5515
vt 0.4524 0.5636
vt 0.4502 0.5761
vt 0.4323 0.5741
vt 0.4682 0.5531
vt 0.4655 0.5652
vt 0.4794 0.5541
vt 0.4768 0.5665
vt 0.4750 0.5789
vt 0.4636 0.5776
vt 0.4912 0.5550
vt 0.4890 0.5679
vt 0.4873 0.5805
vt 0.4589 0.5406
vt 0.4417 0.5376
vt 0.4826 0.5430
vt 0.4719 0.5422
vt 0.4937 0.5436
vt 0.9557 0.7051
vt 0.9531 0.7129
vt 0.9414 0.7091
vt 0.9440 0.7013
vt 0.9327 0.7063
vt 0.9352 0.6985
vt 0.9583 0.6969
vt 0.9467 0.6931
vt 0.9379 0.6903
vt 0.3974 0.3818
vt 0.4030 0.3718
vt 0.3642 0.3766
vt 0.3691 0.3664
vt 0.3747 0.3560
vt 0.4076 0.3612
vt 0.3910 0.3912
vt 0.3611 0.3869
vt 0.3272 0.3718
vt 0.3290 0.3833
vt 0.3316 0.3616
vt 0.3389 0.3516
vt 0.2949 0.3541
vt 0.3029 0.3443
vt 0.2871 0.5802
vt 0.2787 0.5946
vt 0.3134 0.5846
vt 0.3079 0.5983
vt 0.3032 0.6144
vt 0.2711 0.6115
vt 0.3388 0.5885
vt 0.3340 0.6016
vt 0.3622 0.5916
vt 0.3571 0.6041
vt 0.3520 0.6187
vt 0.3295 0.6169
vt 0.3836 0.5939
vt 0.3786 0.6060
vt 0.4044 0.5958
vt 0.3999 0.6075
vt 0.3956 0.6213
vt 0.3736 0.6200
vt 0.4255 0.5976
vt 0.4215 0.6091
vt 0.4447 0.5991
vt 0.4414 0.6105
vt 0.4389 0.6240
vt 0.4181 0.6228
vt 0.4600 0.5999
vt 0.4576 0.6112
vt 0.4730 0.6003
vt 0.4714 0.6112
vt 0.4702 0.6244
vt 0.4559 0.6245
vt 0.4857 0.6004
vt 0.4846 0.6109
vt 0.4835 0.6241
vt 0.3199 0.5711
vt 0.2953 0.5658
vt 0.3671 0.5791
vt 0.3442 0.5756
vt 0.4085 0.5840
vt 0.3882 0.5817
vt 0.4477 0.5879
vt 0.4292 0.5861
vt 0.4740 0.5899
vt 0.4619 0.5891
vt 0.4864 0.5908
vt 0.1894 0.6456
vt 0.1626 0.6526
vt 0.1970 0.6561
vt 0.1726 0.6597
vt 0.1475 0.6627
vt 0.1325 0.6591
vt 0.1908 0.3000
vt 0.2143 0.3124
vt 0.1898 0.2903
vt 0.2147 0.3030
vt 0.2403 0.3163
vt 0.2385 0.3261
vt 0.2644 0.3411
vt 0.2697 0.3314
vt 0.3473 0.6363
vt 0.3249 0.6352
vt 0.3438 0.6527
vt 0.3213 0.6521
vt 0.2956 0.6515
vt 0.2988 0.6337
vt 0.4700 0.6407
vt 0.4556 0.6409
vt 0.4703 0.6560
vt 0.4560 0.6563
vt 0.4379 0.6561
vt 0.4379 0.6405
vt 0.4160 0.6394
vt 0.4150 0.6551
vt 0.3901 0.6540
vt 0.3922 0.6381
vt 0.3693 0.6371
vt 0.3663 0.6532
vt 0.4828 0.6403
vt 0.4824 0.6556
vt 0.2358 0.6327
vt 0.2117 0.6383
vt 0.2364 0.6511
vt 0.2159 0.6530
vt 0.2670 0.6321
vt 0.2650 0.6509
vt 0.3570 0.2430
vt 0.3575 0.2301
vt 0.3836 0.2318
vt 0.3840 0.2455
vt 0.3573 0.2167
vt 0.3827 0.2179
vt 0.4080 0.2185
vt 0.4087 0.2327
vt 0.4090 0.2467
vt 0.2944 0.2342
vt 0.2981 0.2241
vt 0.3285 0.2274
vt 0.3263 0.2390
vt 0.3011 0.2126
vt 0.3299 0.2148
vt 0.4348 0.2331
vt 0.4342 0.2471
vt 0.4347 0.2188
vt 0.4615 0.2190
vt 0.4608 0.2333
vt 0.4592 0.2473
vt 0.2477 0.7301
vt 0.2481 0.7378
vt 0.2287 0.7392
vt 0.2280 0.7314
vt 0.2494 0.7481
vt 0.2303 0.7494
vt 0.2110 0.7512
vt 0.2092 0.7410
vt 0.2085 0.7332
vt 0.3417 0.7301
vt 0.3415 0.7381
vt 0.3164 0.7372
vt 0.3166 0.7293
vt 0.3410 0.7488
vt 0.3162 0.7479
vt 0.2924 0.7474
vt 0.2921 0.7367
vt 0.2922 0.7289
vt 0.2343 0.2242
vt 0.2387 0.2173
vt 0.2682 0.2206
vt 0.2638 0.2292
vt 0.2431 0.2105
vt 0.2718 0.2104
vt 0.3922 0.7322
vt 0.3925 0.7402
vt 0.3670 0.7391
vt 0.3670 0.7311
vt 0.3918 0.7509
vt 0.3663 0.7498
vt 0.1881 0.7432
vt 0.1876 0.7353
vt 0.1899 0.7532
vt 0.1660 0.7532
vt 0.1659 0.7454
vt 0.1658 0.7377
vt 0.4379 0.7341
vt 0.4388 0.7423
vt 0.4173 0.7413
vt 0.4166 0.7332
vt 0.4382 0.7532
vt 0.4168 0.7521
vt 0.4663 0.7354
vt 0.4663 0.7437
vt 0.4545 0.7431
vt 0.4541 0.7348
vt 0.4654 0.7547
vt 0.4539 0.7540
vt 0.4762 0.7443
vt 0.4766 0.7359
vt 0.4752 0.7553
vt 0.4850 0.2338
vt 0.4830 0.2476
vt 0.4862 0.2194
vt 0.5069 0.2199
vt 0.5056 0.2343
vt 0.5035 0.2482
vt 0.2692 0.7370
vt 0.2691 0.7292
vt 0.2700 0.7474
vt 0.5213 0.2348
vt 0.5196 0.2488
vt 0.5227 0.2204
vt 0.4916 0.3495
vt 0.4932 0.3373
vt 0.5098 0.3391
vt 0.5087 0.3512
vt 0.4946 0.3251
vt 0.5110 0.3269
vt 0.4969 0.3005
vt 0.4980 0.2881
vt 0.5147 0.2891
vt 0.5134 0.3018
vt 0.4994 0.2753
vt 0.5161 0.2761
vt 0.2939 0.6710
vt 0.2938 0.6782
vt 0.2652 0.6784
vt 0.2647 0.6710
vt 0.2936 0.6854
vt 0.2657 0.6857
vt 0.2406 0.6861
vt 0.2394 0.6786
vt 0.2383 0.6712
vt 0.2932 0.6998
vt 0.2929 0.7071
vt 0.2682 0.7074
vt 0.2674 0.7002
vt 0.2927 0.7143
vt 0.2689 0.7147
vt 0.2468 0.7155
vt 0.2455 0.7082
vt 0.2438 0.7008
vt 0.4433 0.3433
vt 0.4457 0.3315
vt 0.4713 0.3349
vt 0.4694 0.3469
vt 0.4481 0.3199
vt 0.4731 0.3229
vt 0.4520 0.2973
vt 0.4539 0.2860
vt 0.4773 0.2870
vt 0.4759 0.2990
vt 0.4557 0.2741
vt 0.4788 0.2746
vt 0.4810 0.6812
vt 0.4815 0.6740
vt 0.4804 0.6886
vt 0.4693 0.6889
vt 0.4698 0.6816
vt 0.4701 0.6744
vt 0.4781 0.7121
vt 0.4789 0.7042
vt 0.4774 0.7200
vt 0.4666 0.7197
vt 0.4671 0.7119
vt 0.4679 0.7042
vt 0.4563 0.6818
vt 0.4563 0.6746
vt 0.4560 0.6891
vt 0.4384 0.6888
vt 0.4385 0.6816
vt 0.4383 0.6744
vt 0.4537 0.7116
vt 0.4545 0.7040
vt 0.4533 0.7193
vt 0.4363 0.7187
vt 0.4365 0.7111
vt 0.4372 0.7036
vt 0.4151 0.6808
vt 0.4149 0.6736
vt 0.4153 0.6880
vt 0.3896 0.6871
vt 0.3894 0.6798
vt 0.3893 0.6726
vt 0.4150 0.7104
vt 0.4151 0.7029
vt 0.4152 0.7179
vt 0.3913 0.7170
vt 0.3909 0.7095
vt 0.3904 0.7020
vt 0.2036 0.6724
vt 0.2054 0.6799
vt 0.1830 0.6818
vt 0.1807 0.6745
vt 0.2068 0.6874
vt 0.1849 0.6892
vt 0.1594 0.6915
vt 0.1564 0.6843
vt 0.1534 0.6771
vt 0.2075 0.7028
vt 0.2075 0.7106
vt 0.1865 0.7124
vt 0.1862 0.7046
vt 0.2076 0.7183
vt 0.1869 0.7201
vt 0.1655 0.7221
vt 0.1640 0.7145
vt 0.1625 0.7068
vt 0.3648 0.6791
vt 0.3649 0.6719
vt 0.3649 0.6863
vt 0.3415 0.6858
vt 0.3416 0.6786
vt 0.3418 0.6715
vt 0.3662 0.7085
vt 0.3657 0.7011
vt 0.3666 0.7160
vt 0.3418 0.7151
vt 0.3417 0.7077
vt 0.3416 0.7004
vt 0.1991 0.2776
vt 0.2037 0.2713
vt 0.2278 0.2797
vt 0.2227 0.2871
vt 0.2083 0.2649
vt 0.2330 0.2725
vt 0.2631 0.2814
vt 0.2569 0.2895
vt 0.2506 0.2981
vt 0.2170 0.2514
vt 0.2213 0.2446
vt 0.2493 0.2523
vt 0.2438 0.2590
vt 0.2256 0.2379
vt 0.2545 0.2452
vt 0.2859 0.2528
vt 0.2806 0.2605
vt 0.2749 0.2673
vt 0.3189 0.6783
vt 0.3192 0.6712
vt 0.3185 0.6855
vt 0.3174 0.7072
vt 0.3178 0.6999
vt 0.3171 0.7145
vt 0.2217 0.6790
vt 0.2202 0.6715
vt 0.2231 0.6865
vt 0.2261 0.7092
vt 0.2252 0.7016
vt 0.2269 0.7167
vt 0.3856 0.3337
vt 0.3908 0.3224
vt 0.4185 0.3271
vt 0.4151 0.3385
vt 0.3955 0.3117
vt 0.4217 0.3159
vt 0.4027 0.2928
vt 0.4058 0.2835
vt 0.4299 0.2850
vt 0.4273 0.2953
vt 0.4081 0.2730
vt 0.4320 0.2738
vt 0.2936 0.3011
vt 0.2852 0.3111
vt 0.3011 0.2918
vt 0.3392 0.3013
vt 0.3312 0.3115
vt 0.3217 0.3226
vt 0.3168 0.2690
vt 0.3120 0.2764
vt 0.3209 0.2606
vt 0.3548 0.2670
vt 0.3521 0.2764
vt 0.3486 0.2844
vt 0.3629 0.3180
vt 0.3550 0.3293
vt 0.3696 0.3074
vt 0.3810 0.2810
vt 0.3778 0.2896
vt 0.3833 0.2711
vt 0.4066 0.9518
vt 0.4033 0.9719
vt 0.3820 0.9717
vt 0.3858 0.9517
vt 0.4021 0.9924
vt 0.3781 0.9921
vt 0.3541 0.9918
vt 0.3588 0.9714
vt 0.3628 0.9515
vt 0.3433 0.0445
vt 0.3404 0.0238
vt 0.3664 0.0261
vt 0.3688 0.0465
vt 0.3387 0.0006
vt 0.3640 0.0041
vt 0.3892 0.0075
vt 0.3924 0.0288
vt 0.3942 0.0486
vt 0.4380 0.9516
vt 0.4358 0.9718
vt 0.4207 0.9720
vt 0.4235 0.9518
vt 0.4341 0.9925
vt 0.4181 0.9925
vt 0.2240 0.0467
vt 0.2182 0.0259
vt 0.2499 0.0239
vt 0.2542 0.0436
vt 0.2124 0.0052
vt 0.2455 0.0028
vt 0.2786 0.0005
vt 0.2813 0.0226
vt 0.2847 0.0427
vt 0.4501 0.9711
vt 0.4521 0.9510
vt 0.4482 0.9915
vt 0.2045 0.9329
vt 0.1974 0.9526
vt 0.1780 0.9482
vt 0.1861 0.9288
vt 0.1900 0.9739
vt 0.1687 0.9687
vt 0.1473 0.9635
vt 0.1580 0.9434
vt 0.1687 0.9232
vt 0.2773 0.9456
vt 0.2717 0.9661
vt 0.2521 0.9632
vt 0.2581 0.9428
vt 0.2643 0.9879
vt 0.2446 0.9847
vt 0.2250 0.9814
vt 0.2333 0.9600
vt 0.2398 0.9398
vt 0.3118 0.0227
vt 0.3150 0.0431
vt 0.3087 0.0006
vt 0.2155 0.9565
vt 0.2222 0.9365
vt 0.2075 0.9776
vt 0.5035 0.0544
vt 0.5032 0.0352
vt 0.5277 0.0362
vt 0.5271 0.0553
vt 0.5031 0.0148
vt 0.5283 0.0162
vt 0.3181 0.9499
vt 0.3136 0.9700
vt 0.2923 0.9684
vt 0.2972 0.9480
vt 0.3081 0.9908
vt 0.2862 0.9893
vt 0.4514 0.0522
vt 0.4505 0.0331
vt 0.4777 0.0343
vt 0.4784 0.0534
vt 0.4508 0.0138
vt 0.4769 0.0143
vt 0.3359 0.9709
vt 0.3400 0.9510
vt 0.3311 0.9913
vt 0.4212 0.0312
vt 0.4225 0.0506
vt 0.4200 0.0107
vt 0.4064 0.2039
vt 0.4335 0.2039
vt 0.4047 0.1886
vt 0.4318 0.1885
vt 0.4591 0.1883
vt 0.4607 0.2039
vt 0.4033 0.1726
vt 0.4303 0.1724
vt 0.4022 0.1553
vt 0.4292 0.1556
vt 0.4566 0.1556
vt 0.4577 0.1722
vt 0.4011 0.1369
vt 0.4282 0.1378
vt 0.3999 0.1180
vt 0.4272 0.1197
vt 0.4548 0.1210
vt 0.4556 0.1384
vt 0.3989 0.0999
vt 0.4262 0.1019
vt 0.3977 0.0827
vt 0.4251 0.0847
vt 0.4531 0.0865
vt 0.4539 0.1036
vt 0.3961 0.0661
vt 0.4238 0.0680
vt 0.4523 0.0697
vt 0.3895 0.7661
vt 0.3645 0.7650
vt 0.3863 0.7842
vt 0.3620 0.7831
vt 0.3384 0.7823
vt 0.3399 0.7641
vt 0.3832 0.8032
vt 0.3595 0.8021
vt 0.3805 0.8233
vt 0.3572 0.8223
vt 0.3348 0.8217
vt 0.3367 0.8013
vt 0.3781 0.8449
vt 0.3550 0.8443
vt 0.3756 0.8676
vt 0.3525 0.8672
vt 0.3299 0.8671
vt 0.3325 0.8440
vt 0.3725 0.8904
vt 0.3493 0.8899
vt 0.3692 0.9122
vt 0.3461 0.9114
vt 0.3238 0.9103
vt 0.3268 0.8893
vt 0.3661 0.9322
vt 0.3432 0.9315
vt 0.3212 0.9303
vt 0.4858 0.2042
vt 0.4846 0.1883
vt 0.5065 0.1887
vt 0.5070 0.2046
vt 0.4834 0.1722
vt 0.4824 0.1557
vt 0.5052 0.1560
vt 0.5058 0.1724
vt 0.4815 0.1389
vt 0.4808 0.1219
vt 0.5043 0.1227
vt 0.5047 0.1394
vt 0.4801 0.1049
vt 0.4795 0.0880
vt 0.5038 0.0891
vt 0.5040 0.1059
vt 0.4790 0.0711
vt 0.5037 0.0722
vt 0.3161 0.7633
vt 0.3159 0.7817
vt 0.2944 0.7813
vt 0.2933 0.7627
vt 0.3153 0.8009
vt 0.3138 0.8216
vt 0.2940 0.8218
vt 0.2949 0.8009
vt 0.3114 0.8440
vt 0.3084 0.8669
vt 0.2882 0.8667
vt 0.2915 0.8442
vt 0.3054 0.8886
vt 0.3028 0.9090
vt 0.2830 0.9075
vt 0.2854 0.8878
vt 0.3004 0.9285
vt 0.2807 0.9264
vt 0.5234 0.2050
vt 0.5237 0.1891
vt 0.5239 0.1728
vt 0.5242 0.1564
vt 0.5245 0.1399
vt 0.5249 0.1233
vt 0.5254 0.1067
vt 0.5260 0.0900
vt 0.5266 0.0731
vt 0.2519 0.7630
vt 0.2333 0.7640
vt 0.2547 0.7814
vt 0.2367 0.7821
vt 0.2184 0.7833
vt 0.2145 0.7655
vt 0.2565 0.8016
vt 0.2390 0.8024
vt 0.2566 0.8229
vt 0.2395 0.8237
vt 0.2222 0.8241
vt 0.2212 0.8034
vt 0.2547 0.8446
vt 0.2378 0.8446
vt 0.2519 0.8656
vt 0.2352 0.8646
vt 0.2188 0.8632
vt 0.2211 0.8442
vt 0.2493 0.8851
vt 0.2325 0.8833
vt 0.2468 0.9034
vt 0.2299 0.9010
vt 0.2130 0.8983
vt 0.2160 0.8811
vt 0.2440 0.9212
vt 0.2268 0.9183
vt 0.2095 0.9151
vt 0.3025 0.1986
vt 0.3300 0.2007
vt 0.3027 0.1828
vt 0.3294 0.1851
vt 0.3548 0.1871
vt 0.3562 0.2024
vt 0.3022 0.1662
vt 0.3286 0.1686
vt 0.3011 0.1487
vt 0.3276 0.1510
vt 0.3528 0.1529
vt 0.3539 0.1707
vt 0.2995 0.1303
vt 0.3259 0.1321
vt 0.2972 0.1119
vt 0.3240 0.1131
vt 0.3493 0.1145
vt 0.3510 0.1338
vt 0.2943 0.0942
vt 0.3222 0.0952
vt 0.2911 0.0773
vt 0.3203 0.0781
vt 0.3478 0.0793
vt 0.3486 0.0964
vt 0.2879 0.0606
vt 0.3178 0.0612
vt 0.3460 0.0625
vt 0.2718 0.7626
vt 0.2739 0.7811
vt 0.2752 0.8011
vt 0.2749 0.8222
vt 0.2726 0.8444
vt 0.2695 0.8663
vt 0.2668 0.8866
vt 0.2645 0.9056
vt 0.2619 0.9239
vt 0.1938 0.7675
vt 0.1983 0.7848
vt 0.1775 0.7857
vt 0.1718 0.7694
vt 0.2018 0.8041
vt 0.2038 0.8239
vt 0.1854 0.8236
vt 0.1815 0.8046
vt 0.2038 0.8430
vt 0.2022 0.8613
vt 0.1870 0.8595
vt 0.1862 0.8415
vt 0.1993 0.8786
vt 0.1956 0.8953
vt 0.1781 0.8923
vt 0.1825 0.8759
vt 0.1916 0.9116
vt 0.1734 0.9078
vt 0.4735 0.7707
vt 0.4710 0.7890
vt 0.4600 0.7884
vt 0.4632 0.7701
vt 0.4681 0.8083
vt 0.4652 0.8284
vt 0.4528 0.8279
vt 0.4563 0.8078
vt 0.4626 0.8493
vt 0.4603 0.8705
vt 0.4473 0.8704
vt 0.4499 0.8490
vt 0.4583 0.8914
vt 0.4563 0.9117
vt 0.4427 0.9120
vt 0.4450 0.8915
vt 0.4542 0.9314
vt 0.4404 0.9319
vt 0.2449 0.1948
vt 0.2739 0.1965
vt 0.2467 0.1791
vt 0.2748 0.1806
vt 0.2470 0.1610
vt 0.2748 0.1636
vt 0.2474 0.1429
vt 0.2739 0.1460
vt 0.2429 0.1259
vt 0.2716 0.1282
vt 0.2385 0.1089
vt 0.2686 0.1105
vt 0.2358 0.0929
vt 0.2653 0.0935
vt 0.2331 0.0768
vt 0.2618 0.0771
vt 0.2286 0.0618
vt 0.2581 0.0608
vt 0.4513 0.7694
vt 0.4475 0.7878
vt 0.4314 0.7869
vt 0.4355 0.7686
vt 0.4435 0.8071
vt 0.4398 0.8273
vt 0.4239 0.8262
vt 0.4274 0.8061
vt 0.4368 0.8484
vt 0.4342 0.8700
vt 0.4185 0.8692
vt 0.4210 0.8474
vt 0.4317 0.8913
vt 0.4291 0.9121
vt 0.4130 0.9121
vt 0.4158 0.8910
vt 0.4264 0.9321
vt 0.4099 0.9322
vt 0.3811 0.2034
vt 0.3794 0.1882
vt 0.3783 0.1720
vt 0.3772 0.1544
vt 0.3757 0.1355
vt 0.3742 0.1162
vt 0.3735 0.0980
vt 0.3728 0.0808
vt 0.3711 0.0642
vt 0.4141 0.7674
vt 0.4103 0.7856
vt 0.4066 0.8047
vt 0.4035 0.8248
vt 0.4009 0.8461
vt 0.3984 0.8683
vt 0.3955 0.8907
vt 0.3924 0.9123
vt 0.3892 0.9323
vt 0.9361 0.6803
vt 0.9388 0.6721
vt 0.9299 0.6783
vt 0.9326 0.6701
vt 0.9349 0.6629
vt 0.9411 0.6650
vt 0.9334 0.6888
vt 0.9271 0.6868
vt 0.9307 0.6970
vt 0.9245 0.6950
vt 0.9282 0.7048
vt 0.9219 0.7028
vt 0.9256 0.7127
vt 0.9194 0.7107
vt 0.9230 0.7209
vt 0.9167 0.7189
vt 0.9202 0.7294
vt 0.9140 0.7274
vt 0.9174 0.7382
vt 0.9111 0.7362
vt 0.9144 0.7472
vt 0.9082 0.7452
vt 0.9114 0.7565
vt 0.9052 0.7545
vt 0.9083 0.7661
vt 0.9021 0.7641
vt 0.9055 0.7746
vt 0.8993 0.7726
vt 0.9027 0.7832
vt 0.8965 0.7812
vt 0.8999 0.7919
vt 0.8937 0.7898
vt 0.8974 0.7997
vt 0.8911 0.7977
vt 0.8875 0.8089
vt 0.8937 0.8110
vt 0.8922 0.8157
vt 0.8860 0.8136
vt 0.8954 0.8059
vt 0.8891 0.8039
vt 0.5053 0.3812
vt 0.5065 0.3734
vt 0.5044 0.3874
vt 0.0926 0.6404
vt 0.1131 0.6254
vt 0.0751 0.6297
vt 0.0858 0.6142
vt 0.1015 0.6017
vt 0.1334 0.6121
vt 0.2552 0.4375
vt 0.2534 0.4259
vt 0.2184 0.4350
vt 0.2162 0.4236
vt 0.2123 0.4124
vt 0.2500 0.4145
vt 0.2168 0.3691
vt 0.2042 0.3580
vt 0.1786 0.3707
vt 0.1672 0.3608
vt 0.1557 0.3499
vt 0.1907 0.3462
vt 0.1949 0.5701
vt 0.2044 0.5554
vt 0.1548 0.5643
vt 0.1640 0.5506
vt 0.1728 0.5357
vt 0.2130 0.5396
vt 0.2457 0.4032
vt 0.2074 0.4015
vt 0.2004 0.3910
vt 0.2391 0.3919
vt 0.2310 0.5107
vt 0.2387 0.4980
vt 0.1914 0.5080
vt 0.1999 0.4957
vt 0.2067 0.4837
vt 0.2449 0.4858
vt 0.2493 0.4735
vt 0.2117 0.4714
vt 0.2153 0.4590
vt 0.2524 0.4612
vt 0.1688 0.5916
vt 0.1831 0.5818
vt 0.1314 0.5839
vt 0.1440 0.5751
vt 0.1759 0.3329
vt 0.1444 0.3371
vt 0.1383 0.3236
vt 0.1613 0.3185
vt 0.2546 0.4492
vt 0.2178 0.4469
vt 0.2290 0.3805
vt 0.1903 0.3807
vt 0.1522 0.6012
vt 0.1171 0.5921
vt 0.2221 0.5245
vt 0.1821 0.5213
vt 0.0378 0.6147
vt 0.0496 0.6009
vt 0.0005 0.5997
vt 0.0091 0.5863
vt 0.0177 0.5730
vt 0.0619 0.5889
vt 0.1609 0.4812
vt 0.1664 0.4691
vt 0.1121 0.4792
vt 0.1171 0.4667
vt 0.1222 0.4543
vt 0.1705 0.4567
vt 0.1731 0.4445
vt 0.1244 0.4422
vt 0.1266 0.4300
vt 0.1738 0.4326
vt 0.1444 0.5040
vt 0.1534 0.4925
vt 0.0937 0.4986
vt 0.1029 0.4889
vt 0.1713 0.4212
vt 0.1224 0.4187
vt 0.1183 0.4074
vt 0.1671 0.4101
vt 0.1252 0.5295
vt 0.1347 0.5164
vt 0.0731 0.5221
vt 0.0834 0.5103
vt 0.1620 0.3997
vt 0.1130 0.3977
vt 0.1077 0.3880
vt 0.1551 0.3897
vt 0.1077 0.5551
vt 0.1165 0.5429
vt 0.0574 0.5453
vt 0.0653 0.5337
vt 0.1451 0.3804
vt 0.0967 0.3797
vt 0.0857 0.3714
vt 0.1342 0.3715
vt 0.0868 0.5726
vt 0.0978 0.5647
vt 0.0388 0.5594
vt 0.0481 0.5524
vt 0.1240 0.3627
vt 0.0777 0.3641
vt 0.0697 0.3567
vt 0.1143 0.3528
vt 0.0746 0.5801
vt 0.0282 0.5662
vt 0.1047 0.3406
vt 0.0613 0.3438
vt 0.0530 0.3309
vt 0.0956 0.3273
vt 0.3447 0.2924
vt 0.3743 0.2981
vt 0.3994 0.3019
vt 0.2690 0.2741
vt 0.3070 0.2837
vt 0.4246 0.3054
vt 0.4501 0.3086
vt 0.2421 0.6934
vt 0.2242 0.6940
vt 0.2074 0.6951
vt 0.3415 0.6931
vt 0.3182 0.6927
vt 0.2934 0.6926
vt 0.2127 0.2582
vt 0.2384 0.2656
vt 0.3900 0.6945
vt 0.3652 0.6937
vt 0.1858 0.6969
vt 0.1609 0.6992
vt 0.4379 0.6962
vt 0.4152 0.6954
vt 0.4687 0.6965
vt 0.4554 0.6965
vt 0.4894 0.6964
vt 0.4797 0.6963
vt 0.4746 0.3110
vt 0.4958 0.3128
vt 0.2665 0.6929
vt 0.5122 0.3144
vt 0.5262 0.3155
vt 0.6883 0.3092
vt 0.7209 0.3055
vt 0.6606 0.3113
vt 0.7618 0.2994
vt 0.8030 0.2924
vt 0.6333 0.3131
vt 0.6063 0.3145
vt 0.7635 0.7161
vt 0.7444 0.7139
vt 0.7812 0.7187
vt 0.6639 0.7065
vt 0.6397 0.7051
vt 0.6901 0.7085
vt 0.8368 0.2860
vt 0.8655 0.2803
vt 0.6156 0.7038
vt 0.5910 0.7026
vt 0.8035 0.7226
vt 0.8289 0.7272
vt 0.5660 0.7014
vt 0.5429 0.7003
vt 0.5243 0.6992
vt 0.5100 0.6980
vt 0.4989 0.6971
vt 0.5809 0.3154
vt 0.5588 0.3157
vt 0.7186 0.7112
vt 0.5410 0.3159
vt 0.3120 0.3337
vt 0.3469 0.3407
vt 0.3803 0.3450
vt 0.2446 0.3070
vt 0.2768 0.3213
vt 0.4115 0.3500
vt 0.4407 0.3550
vt 0.2372 0.6631
vt 0.2185 0.6636
vt 0.2013 0.6648
vt 0.3422 0.6638
vt 0.3196 0.6635
vt 0.2942 0.6632
vt 0.1944 0.2840
vt 0.2179 0.2947
vt 0.3893 0.6649
vt 0.3651 0.6642
vt 0.1779 0.6671
vt 0.1505 0.6699
vt 0.4381 0.6668
vt 0.4147 0.6659
vt 0.4703 0.6667
vt 0.4563 0.6670
vt 0.4924 0.6662
vt 0.4820 0.6662
vt 0.4674 0.3588
vt 0.4901 0.3614
vt 0.2644 0.6630
vt 0.5077 0.3630
vt 0.5225 0.3639
vt 0.7035 0.3526
vt 0.7415 0.3474
vt 0.6686 0.3554
vt 0.7820 0.3378
vt 0.8200 0.3266
vt 0.6361 0.3585
vt 0.6061 0.3614
vt 0.7742 0.6852
vt 0.7543 0.6833
vt 0.7926 0.6883
vt 0.6681 0.6775
vt 0.6446 0.6761
vt 0.6948 0.6792
vt 0.8511 0.3170
vt 0.8781 0.3085
vt 0.6214 0.6747
vt 0.5972 0.6734
vt 0.8170 0.6936
vt 0.8454 0.7001
vt 0.5720 0.6723
vt 0.5485 0.6712
vt 0.5293 0.6699
vt 0.5144 0.6684
vt 0.5026 0.6671
vt 0.5789 0.3633
vt 0.5557 0.3642
vt 0.7258 0.6813
vt 0.5376 0.3643
vt 0.5013 0.2619
vt 0.5177 0.2626
vt 0.5318 0.2632
vt 0.2924 0.7216
vt 0.2691 0.7220
vt 0.2474 0.7228
vt 0.4575 0.2610
vt 0.4808 0.2613
vt 0.4865 0.7284
vt 0.4770 0.7280
vt 0.4663 0.7275
vt 0.4535 0.7270
vt 0.4369 0.7264
vt 0.4158 0.7255
vt 0.3918 0.7246
vt 0.2080 0.7258
vt 0.1872 0.7277
vt 0.1657 0.7299
vt 0.3669 0.7235
vt 0.3417 0.7226
vt 0.2300 0.2310
vt 0.2593 0.2374
vt 0.2903 0.2439
vt 0.3168 0.7219
vt 0.2275 0.7241
vt 0.4090 0.2605
vt 0.4333 0.2609
vt 0.3239 0.2503
vt 0.3563 0.2556
vt 0.3841 0.2589
vt 0.5459 0.2638
vt 0.5627 0.2644
vt 0.7101 0.7396
vt 0.6853 0.7373
vt 0.7333 0.7422
vt 0.5838 0.2653
vt 0.6080 0.2664
vt 0.4959 0.7287
vt 0.5066 0.7292
vt 0.5199 0.7298
vt 0.5370 0.7304
vt 0.5587 0.7312
vt 0.5831 0.7321
vt 0.7963 0.7520
vt 0.7748 0.7484
vt 0.8185 0.7559
vt 0.6082 0.7330
vt 0.6338 0.7341
vt 0.8209 0.2562
vt 0.8537 0.2518
vt 0.7866 0.2605
vt 0.6597 0.7355
vt 0.7543 0.7452
vt 0.6335 0.2677
vt 0.6596 0.2686
vt 0.7503 0.2645
vt 0.7157 0.2674
vt 0.6861 0.2687
vt 0.6068 0.3729
vt 0.5790 0.3747
vt 0.5803 0.3851
vt 0.6088 0.3837
vt 0.5844 0.3951
vt 0.6131 0.3937
vt 0.5556 0.3848
vt 0.5524 0.3953
vt 0.5555 0.3752
vt 0.8860 0.9956
vt 0.8773 0.9927
vt 0.8796 0.9855
vt 0.8884 0.9884
vt 0.8823 0.9772
vt 0.8911 0.9800
vt 0.8679 0.9817
vt 0.8707 0.9734
vt 0.8656 0.9889
vt 0.5684 0.4059
vt 0.5940 0.4047
vt 0.6204 0.4031
vt 0.6045 0.4142
vt 0.6279 0.4124
vt 0.5844 0.4164
vt 0.5909 0.4253
vt 0.6117 0.4235
vt 0.6332 0.4219
vt 0.6171 0.4330
vt 0.6371 0.4319
vt 0.5974 0.4342
vt 0.6437 0.4533
vt 0.6409 0.4423
vt 0.6222 0.4429
vt 0.6262 0.4533
vt 0.6037 0.4436
vt 0.6100 0.4531
vt 0.6119 0.4759
vt 0.6267 0.4768
vt 0.6277 0.4647
vt 0.6109 0.4645
vt 0.6447 0.4650
vt 0.6432 0.4779
vt 0.6080 0.4860
vt 0.6225 0.4893
vt 0.6387 0.4924
vt 0.6145 0.5014
vt 0.6295 0.5109
vt 0.6041 0.4960
vt 0.5810 0.5056
vt 0.5855 0.5168
vt 0.6012 0.5105
vt 0.5925 0.5008
vt 0.6084 0.5220
vt 0.5898 0.5290
vt 0.5513 0.5086
vt 0.5529 0.5216
vt 0.5685 0.5202
vt 0.5661 0.5071
vt 0.5708 0.5327
vt 0.5538 0.5341
vt 0.5115 0.5079
vt 0.5095 0.5209
vt 0.5202 0.5213
vt 0.5214 0.5081
vt 0.5307 0.5216
vt 0.5314 0.5084
vt 0.5191 0.5335
vt 0.5304 0.5340
vt 0.5075 0.5331
vt 0.5410 0.5219
vt 0.5413 0.5085
vt 0.5411 0.5343
vt 0.7125 0.4561
vt 0.7110 0.4686
vt 0.7280 0.4687
vt 0.7296 0.4562
vt 0.7489 0.4687
vt 0.7504 0.4562
vt 0.7278 0.4815
vt 0.7489 0.4815
vt 0.7106 0.4814
vt 0.7539 0.4439
vt 0.7330 0.4439
vt 0.7155 0.4437
vt 0.7376 0.4318
vt 0.7195 0.4316
vt 0.7586 0.4318
vt 0.6773 0.4798
vt 0.6941 0.4807
vt 0.6945 0.4678
vt 0.6780 0.4667
vt 0.6955 0.4553
vt 0.6783 0.4544
vt 0.8930 0.9046
vt 0.8962 0.8947
vt 0.9079 0.8985
vt 0.9047 0.9084
vt 0.9166 0.9013
vt 0.9134 0.9112
vt 0.9111 0.8885
vt 0.9199 0.8913
vt 0.8994 0.8847
vt 0.6602 0.4789
vt 0.6614 0.4657
vt 0.6610 0.4536
vt 0.7640 0.4199
vt 0.7429 0.4197
vt 0.7242 0.4195
vt 0.7508 0.4074
vt 0.7310 0.4074
vt 0.7720 0.4078
vt 0.7842 0.3955
vt 0.7631 0.3946
vt 0.7415 0.3947
vt 0.7796 0.3815
vt 0.7578 0.3795
vt 0.7993 0.3834
vt 0.8162 0.3721
vt 0.8002 0.3687
vt 0.7916 0.3648
vt 0.8237 0.3568
vt 0.8196 0.3520
vt 0.8362 0.3612
vt 0.8601 0.3506
vt 0.8503 0.3459
vt 0.8474 0.3409
vt 0.8783 0.3356
vt 0.8733 0.3319
vt 0.8833 0.3394
vt 0.8859 0.6848
vt 0.8673 0.6676
vt 0.8561 0.6721
vt 0.8793 0.6885
vt 0.8464 0.6759
vt 0.8728 0.6922
vt 0.8313 0.6568
vt 0.8211 0.6614
vt 0.8444 0.6529
vt 0.7108 0.4945
vt 0.7283 0.4944
vt 0.7496 0.4945
vt 0.7297 0.5075
vt 0.7512 0.5076
vt 0.7117 0.5080
vt 0.6572 0.4937
vt 0.6759 0.4943
vt 0.6533 0.5105
vt 0.6739 0.5100
vt 0.9023 0.8759
vt 0.9140 0.8797
vt 0.9227 0.8826
vt 0.9168 0.8710
vt 0.9255 0.8738
vt 0.9051 0.8672
vt 0.6937 0.4945
vt 0.6933 0.5090
vt 0.7136 0.5217
vt 0.7324 0.5207
vt 0.7541 0.5209
vt 0.7364 0.5348
vt 0.7582 0.5350
vt 0.7171 0.5361
vt 0.7222 0.5514
vt 0.7414 0.5502
vt 0.7631 0.5507
vt 0.7465 0.5667
vt 0.7677 0.5674
vt 0.7278 0.5675
vt 0.7328 0.5839
vt 0.7508 0.5837
vt 0.7715 0.5845
vt 0.7561 0.6001
vt 0.7760 0.6007
vt 0.7387 0.5998
vt 0.7976 0.6274
vt 0.7837 0.6147
vt 0.7650 0.6149
vt 0.7806 0.6291
vt 0.7476 0.6151
vt 0.7633 0.6338
vt 0.8194 0.6398
vt 0.8046 0.6428
vt 0.7949 0.6483
vt 0.6790 0.4089
vt 0.6789 0.4197
vt 0.7025 0.4194
vt 0.7063 0.4078
vt 0.6997 0.4312
vt 0.6786 0.4309
vt 0.8812 0.9407
vt 0.8840 0.9323
vt 0.8957 0.9361
vt 0.8929 0.9445
vt 0.9044 0.9389
vt 0.9017 0.9474
vt 0.8985 0.9272
vt 0.9073 0.9301
vt 0.8869 0.9234
vt 0.6556 0.4206
vt 0.6527 0.4105
vt 0.6576 0.4312
vt 0.8899 0.9142
vt 0.9015 0.9180
vt 0.9103 0.9208
vt 0.6784 0.4425
vt 0.6596 0.4422
vt 0.6973 0.4431
vt 0.6953 0.5396
vt 0.6998 0.5550
vt 0.7054 0.5704
vt 0.6758 0.5592
vt 0.6809 0.5740
vt 0.6723 0.5435
vt 0.6505 0.5463
vt 0.6531 0.5621
vt 0.6570 0.5765
vt 0.6323 0.5640
vt 0.6349 0.5781
vt 0.6306 0.5485
vt 0.6121 0.5512
vt 0.6132 0.5656
vt 0.6145 0.5791
vt 0.5943 0.5669
vt 0.5948 0.5799
vt 0.5937 0.5538
vt 0.6721 0.5268
vt 0.6934 0.5242
vt 0.9079 0.8585
vt 0.9196 0.8622
vt 0.9284 0.8651
vt 0.9222 0.8543
vt 0.9310 0.8571
vt 0.9105 0.8505
vt 0.9126 0.8441
vt 0.9243 0.8479
vt 0.9330 0.8507
vt 0.9260 0.8425
vt 0.9348 0.8454
vt 0.9143 0.8387
vt 0.9160 0.8337
vt 0.9276 0.8375
vt 0.9364 0.8404
vt 0.9292 0.8328
vt 0.9379 0.8356
vt 0.9175 0.8290
vt 0.6509 0.5286
vt 0.6303 0.5312
vt 0.6112 0.5363
vt 0.5925 0.5412
vt 0.5746 0.5553
vt 0.5749 0.5678
vt 0.5749 0.5805
vt 0.5572 0.5683
vt 0.5568 0.5809
vt 0.5570 0.5561
vt 0.5433 0.5563
vt 0.5432 0.5686
vt 0.5424 0.5811
vt 0.5306 0.5688
vt 0.5294 0.5814
vt 0.5311 0.5563
vt 0.5179 0.5561
vt 0.5168 0.5691
vt 0.5154 0.5818
vt 0.5025 0.5689
vt 0.5010 0.5816
vt 0.5041 0.5557
vt 0.5556 0.5451
vt 0.5730 0.5440
vt 0.5308 0.5451
vt 0.5423 0.5453
vt 0.5058 0.5442
vt 0.5185 0.5447
vt 0.8761 0.9566
vt 0.8787 0.9487
vt 0.8903 0.9525
vt 0.8878 0.9604
vt 0.8991 0.9553
vt 0.8965 0.9632
vt 0.8734 0.9649
vt 0.8851 0.9687
vt 0.8939 0.9715
vt 0.6436 0.3910
vt 0.6400 0.3807
vt 0.6375 0.3699
vt 0.6746 0.3774
vt 0.6713 0.3666
vt 0.6775 0.3879
vt 0.6483 0.4008
vt 0.6788 0.3983
vt 0.7153 0.3848
vt 0.7116 0.3962
vt 0.7131 0.3741
vt 0.7083 0.3637
vt 0.7524 0.3682
vt 0.7472 0.3581
vt 0.7156 0.6007
vt 0.7212 0.6153
vt 0.7264 0.6319
vt 0.6919 0.6159
vt 0.6938 0.6317
vt 0.6891 0.6021
vt 0.6632 0.6033
vt 0.6654 0.6164
vt 0.6670 0.6315
vt 0.6419 0.6167
vt 0.6440 0.6312
vt 0.6394 0.6040
vt 0.6179 0.6043
vt 0.6203 0.6165
vt 0.6222 0.6306
vt 0.5991 0.6161
vt 0.6002 0.6300
vt 0.5972 0.6042
vt 0.5764 0.6042
vt 0.5775 0.6159
vt 0.5777 0.6297
vt 0.5574 0.6157
vt 0.5566 0.6292
vt 0.5571 0.6040
vt 0.5409 0.6036
vt 0.5405 0.6150
vt 0.5391 0.6284
vt 0.5258 0.6139
vt 0.5240 0.6271
vt 0.5267 0.6028
vt 0.5126 0.6017
vt 0.5116 0.6123
vt 0.5100 0.6255
vt 0.4978 0.6111
vt 0.4965 0.6243
vt 0.4989 0.6007
vt 0.6854 0.5883
vt 0.7105 0.5858
vt 0.6372 0.5913
vt 0.6605 0.5902
vt 0.5958 0.5924
vt 0.6160 0.5920
vt 0.5568 0.5927
vt 0.5754 0.5926
vt 0.5279 0.5925
vt 0.5415 0.5927
vt 0.4998 0.5917
vt 0.5139 0.5922
vt 0.8094 0.6697
vt 0.8346 0.6807
vt 0.8613 0.6928
vt 0.8236 0.6867
vt 0.8499 0.6934
vt 0.7989 0.6796
vt 0.8773 0.3237
vt 0.8496 0.3336
vt 0.8204 0.3447
vt 0.8522 0.3252
vt 0.8217 0.3358
vt 0.8813 0.3155
vt 0.7883 0.3573
vt 0.7861 0.3478
vt 0.6451 0.6488
vt 0.6681 0.6496
vt 0.6951 0.6504
vt 0.6686 0.6663
vt 0.6954 0.6677
vt 0.6453 0.6651
vt 0.5205 0.6431
vt 0.5356 0.6445
vt 0.5540 0.6455
vt 0.5318 0.6595
vt 0.5508 0.6607
vt 0.5167 0.6580
vt 0.5762 0.6462
vt 0.5999 0.6468
vt 0.5739 0.6617
vt 0.5986 0.6626
vt 0.6228 0.6478
vt 0.6224 0.6638
vt 0.4949 0.6404
vt 0.5072 0.6415
vt 0.5044 0.6565
vt 0.4934 0.6556
vt 0.7602 0.6544
vt 0.7862 0.6608
vt 0.7789 0.6747
vt 0.7569 0.6716
vt 0.7277 0.6516
vt 0.7271 0.6694
vt 0.7177 0.2551
vt 0.7198 0.2424
vt 0.6918 0.2422
vt 0.6889 0.2556
vt 0.6647 0.2414
vt 0.6620 0.2551
vt 0.6947 0.2285
vt 0.6675 0.2273
vt 0.7221 0.2292
vt 0.7844 0.2508
vt 0.7825 0.2408
vt 0.7503 0.2419
vt 0.7502 0.2534
vt 0.7512 0.2294
vt 0.7819 0.2292
vt 0.6368 0.2400
vt 0.6351 0.2539
vt 0.6094 0.2385
vt 0.6086 0.2525
vt 0.6391 0.2257
vt 0.6111 0.2241
vt 0.7316 0.7494
vt 0.7299 0.7569
vt 0.7507 0.7597
vt 0.7526 0.7523
vt 0.7712 0.7630
vt 0.7731 0.7555
vt 0.7474 0.7696
vt 0.7676 0.7727
vt 0.7270 0.7669
vt 0.6323 0.7415
vt 0.6308 0.7493
vt 0.6569 0.7506
vt 0.6583 0.7428
vt 0.6825 0.7522
vt 0.6840 0.7445
vt 0.6552 0.7611
vt 0.6805 0.7626
vt 0.6294 0.7599
vt 0.8506 0.2448
vt 0.8475 0.2379
vt 0.8150 0.2393
vt 0.8178 0.2479
vt 0.8135 0.2289
vt 0.8444 0.2309
vt 0.5810 0.7396
vt 0.5790 0.7475
vt 0.6048 0.7483
vt 0.6065 0.7404
vt 0.6036 0.7589
vt 0.5777 0.7581
vt 0.7929 0.7667
vt 0.7947 0.7592
vt 0.8157 0.7705
vt 0.8171 0.7632
vt 0.7894 0.7762
vt 0.8143 0.7778
vt 0.5344 0.7381
vt 0.5319 0.7462
vt 0.5538 0.7468
vt 0.5562 0.7388
vt 0.5523 0.7575
vt 0.5304 0.7570
vt 0.5052 0.7370
vt 0.5037 0.7453
vt 0.5157 0.7457
vt 0.5178 0.7375
vt 0.5143 0.7566
vt 0.5026 0.7563
vt 0.4858 0.7363
vt 0.4852 0.7447
vt 0.4940 0.7451
vt 0.4950 0.7367
vt 0.4931 0.7560
vt 0.4843 0.7558
vt 0.5843 0.2373
vt 0.5840 0.2514
vt 0.5634 0.2364
vt 0.5630 0.2505
vt 0.5857 0.2228
vt 0.5646 0.2219
vt 0.7071 0.7544
vt 0.7087 0.7467
vt 0.7046 0.7646
vt 0.5474 0.2358
vt 0.5466 0.2499
vt 0.5343 0.2353
vt 0.5330 0.2493
vt 0.5486 0.2212
vt 0.5356 0.2208
vt 0.5563 0.3523
vt 0.5569 0.3402
vt 0.5389 0.3405
vt 0.5382 0.3526
vt 0.5240 0.3402
vt 0.5232 0.3522
vt 0.5398 0.3283
vt 0.5249 0.3280
vt 0.5577 0.3281
vt 0.5600 0.3033
vt 0.5612 0.2908
vt 0.5438 0.2905
vt 0.5424 0.3032
vt 0.5291 0.2900
vt 0.5276 0.3028
vt 0.5450 0.2774
vt 0.5305 0.2768
vt 0.5621 0.2780
vt 0.6936 0.6870
vt 0.6924 0.6942
vt 0.7226 0.6967
vt 0.7243 0.6893
vt 0.7498 0.6992
vt 0.7520 0.6915
vt 0.7207 0.7040
vt 0.7473 0.7066
vt 0.6912 0.7013
vt 0.6889 0.7157
vt 0.6878 0.7228
vt 0.7139 0.7253
vt 0.7162 0.7182
vt 0.7380 0.7280
vt 0.7412 0.7210
vt 0.7118 0.7324
vt 0.7353 0.7351
vt 0.6866 0.7300
vt 0.6060 0.3496
vt 0.6060 0.3378
vt 0.5796 0.3394
vt 0.5792 0.3514
vt 0.5802 0.3274
vt 0.6061 0.3260
vt 0.6067 0.3032
vt 0.6070 0.2917
vt 0.5827 0.2913
vt 0.5818 0.3034
vt 0.5834 0.2787
vt 0.6074 0.2796
vt 0.4916 0.6739
vt 0.4909 0.6812
vt 0.5006 0.6819
vt 0.5015 0.6747
vt 0.5118 0.6832
vt 0.5130 0.6760
vt 0.4997 0.6894
vt 0.5108 0.6905
vt 0.4902 0.6887
vt 0.4886 0.7044
vt 0.4878 0.7124
vt 0.4975 0.7129
vt 0.4982 0.7050
vt 0.5087 0.7136
vt 0.5094 0.7058
vt 0.4968 0.7208
vt 0.5079 0.7214
vt 0.4871 0.7204
vt 0.5264 0.6845
vt 0.5278 0.6774
vt 0.5454 0.6858
vt 0.5469 0.6788
vt 0.5252 0.6917
vt 0.5441 0.6930
vt 0.5228 0.7144
vt 0.5236 0.7068
vt 0.5408 0.7153
vt 0.5419 0.7078
vt 0.5217 0.7220
vt 0.5392 0.7228
vt 0.5690 0.6870
vt 0.5705 0.6799
vt 0.5944 0.6881
vt 0.5958 0.6810
vt 0.5675 0.6941
vt 0.5928 0.6953
vt 0.5628 0.7163
vt 0.5644 0.7089
vt 0.5871 0.7173
vt 0.5891 0.7099
vt 0.5609 0.7237
vt 0.5851 0.7247
vt 0.7890 0.6960
vt 0.7859 0.7036
vt 0.8091 0.7080
vt 0.8128 0.7008
vt 0.8364 0.7134
vt 0.8409 0.7068
vt 0.8058 0.7152
vt 0.8319 0.7201
vt 0.7832 0.7112
vt 0.7796 0.7262
vt 0.7780 0.7338
vt 0.7997 0.7374
vt 0.8016 0.7300
vt 0.8229 0.7415
vt 0.8259 0.7344
vt 0.7979 0.7448
vt 0.8199 0.7486
vt 0.7764 0.7412
vt 0.6188 0.6894
vt 0.6201 0.6823
vt 0.6423 0.6908
vt 0.6435 0.6837
vt 0.6173 0.6965
vt 0.6410 0.6979
vt 0.6119 0.7183
vt 0.6137 0.7110
vt 0.6368 0.7195
vt 0.6382 0.7123
vt 0.6100 0.7257
vt 0.6353 0.7268
vt 0.8749 0.3015
vt 0.8717 0.2945
vt 0.8446 0.3011
vt 0.8480 0.3090
vt 0.8120 0.3087
vt 0.8162 0.3176
vt 0.8409 0.2934
vt 0.8077 0.3001
vt 0.8685 0.2874
vt 0.8626 0.2731
vt 0.8597 0.2660
vt 0.8282 0.2717
vt 0.8325 0.2789
vt 0.7935 0.2776
vt 0.7982 0.2850
vt 0.8242 0.2642
vt 0.7894 0.2696
vt 0.8568 0.2588
vt 0.6660 0.6923
vt 0.6671 0.6852
vt 0.6649 0.6994
vt 0.6620 0.7209
vt 0.6630 0.7137
vt 0.6610 0.7282
vt 0.7687 0.7011
vt 0.7713 0.6934
vt 0.7660 0.7087
vt 0.7585 0.7307
vt 0.7610 0.7234
vt 0.7562 0.7380
vt 0.6663 0.3439
vt 0.6641 0.3324
vt 0.6346 0.3352
vt 0.6353 0.3469
vt 0.6339 0.3239
vt 0.6622 0.3215
vt 0.6593 0.3017
vt 0.6582 0.2919
vt 0.6324 0.2920
vt 0.6328 0.3026
vt 0.6325 0.2806
vt 0.6581 0.2811
vt 0.7712 0.3175
vt 0.7767 0.3276
vt 0.7295 0.3252
vt 0.7355 0.3363
vt 0.7661 0.3079
vt 0.7245 0.3148
vt 0.7542 0.2835
vt 0.7579 0.2915
vt 0.7161 0.2884
vt 0.7183 0.2970
vt 0.7514 0.2747
vt 0.7150 0.2787
vt 0.6945 0.3297
vt 0.6990 0.3411
vt 0.6908 0.3189
vt 0.6849 0.2910
vt 0.6864 0.3001
vt 0.6845 0.2807
vt 0.5316 0.9550
vt 0.5315 0.9752
vt 0.5526 0.9762
vt 0.5522 0.9560
vt 0.5760 0.9771
vt 0.5751 0.9570
vt 0.5531 0.9968
vt 0.5772 0.9978
vt 0.5291 0.9958
vt 0.7645 0.0593
vt 0.7700 0.0389
vt 0.7417 0.0396
vt 0.7362 0.0595
vt 0.7139 0.0405
vt 0.7083 0.0598
vt 0.7483 0.0181
vt 0.7226 0.0205
vt 0.7739 0.0158
vt 0.4993 0.9530
vt 0.4986 0.9731
vt 0.5144 0.9742
vt 0.5147 0.9540
vt 0.5140 0.9947
vt 0.4989 0.9936
vt 0.8926 0.0705
vt 0.9022 0.0502
vt 0.8687 0.0459
vt 0.8608 0.0654
vt 0.8351 0.0423
vt 0.8282 0.0622
vt 0.8769 0.0252
vt 0.8419 0.0206
vt 0.9118 0.0299
vt 0.4670 0.9509
vt 0.4651 0.9708
vt 0.4818 0.9717
vt 0.4831 0.9517
vt 0.4806 0.9920
vt 0.4622 0.9904
vt 0.7426 0.9486
vt 0.7471 0.9685
vt 0.7681 0.9654
vt 0.7628 0.9457
vt 0.7901 0.9618
vt 0.7828 0.9412
vt 0.7744 0.9861
vt 0.7974 0.9823
vt 0.7514 0.9900
vt 0.6658 0.9571
vt 0.6684 0.9776
vt 0.6896 0.9758
vt 0.6866 0.9554
vt 0.7097 0.9736
vt 0.7062 0.9532
vt 0.6941 0.9971
vt 0.7154 0.9951
vt 0.6728 0.9992
vt 0.8016 0.0400
vt 0.7956 0.0602
vt 0.8079 0.0182
vt 0.7282 0.9712
vt 0.7242 0.9510
vt 0.7334 0.9925
vt 0.5961 0.0576
vt 0.5997 0.0387
vt 0.5754 0.0380
vt 0.5726 0.0569
vt 0.5516 0.0372
vt 0.5500 0.0561
vt 0.5783 0.0183
vt 0.5535 0.0176
vt 0.6030 0.0190
vt 0.6216 0.9582
vt 0.6231 0.9785
vt 0.6461 0.9784
vt 0.6441 0.9581
vt 0.6491 0.9993
vt 0.6254 0.9995
vt 0.6489 0.0591
vt 0.6531 0.0401
vt 0.6254 0.0394
vt 0.6213 0.0584
vt 0.6294 0.0197
vt 0.6558 0.0204
vt 0.5997 0.9780
vt 0.5985 0.9578
vt 0.6013 0.9986
vt 0.6835 0.0406
vt 0.6786 0.0597
vt 0.6892 0.0205
vt 0.6707 0.2126
vt 0.6424 0.2108
vt 0.6143 0.2091
vt 0.6463 0.1954
vt 0.6184 0.1935
vt 0.6743 0.1973
vt 0.6783 0.1815
vt 0.6504 0.1796
vt 0.6225 0.1775
vt 0.6546 0.1631
vt 0.6265 0.1611
vt 0.6827 0.1648
vt 0.6877 0.1472
vt 0.6591 0.1459
vt 0.6304 0.1443
vt 0.6635 0.1283
vt 0.6342 0.1272
vt 0.6927 0.1290
vt 0.6973 0.1110
vt 0.6677 0.1107
vt 0.6380 0.1101
vt 0.6714 0.0936
vt 0.6416 0.0933
vt 0.7012 0.0937
vt 0.7045 0.0772
vt 0.6748 0.0770
vt 0.6451 0.0765
vt 0.5774 0.7734
vt 0.6031 0.7741
vt 0.6284 0.7750
vt 0.6028 0.7922
vt 0.6275 0.7930
vt 0.5777 0.7916
vt 0.5778 0.8108
vt 0.6024 0.8112
vt 0.6265 0.8118
vt 0.6015 0.8311
vt 0.6252 0.8318
vt 0.5774 0.8308
vt 0.5764 0.8519
vt 0.6002 0.8525
vt 0.6237 0.8535
vt 0.5990 0.8748
vt 0.6225 0.8758
vt 0.5754 0.8739
vt 0.5748 0.8961
vt 0.5984 0.8970
vt 0.6219 0.8977
vt 0.5982 0.9183
vt 0.6216 0.9187
vt 0.5747 0.9176
vt 0.5747 0.9376
vt 0.5981 0.9383
vt 0.6213 0.9386
vt 0.5887 0.2076
vt 0.5671 0.2066
vt 0.5925 0.1919
vt 0.5704 0.1908
vt 0.5964 0.1758
vt 0.5738 0.1747
vt 0.6002 0.1595
vt 0.5772 0.1583
vt 0.6038 0.1429
vt 0.5804 0.1419
vt 0.6074 0.1262
vt 0.5837 0.1253
vt 0.6109 0.1094
vt 0.5868 0.1087
vt 0.6143 0.0927
vt 0.5899 0.0920
vt 0.6177 0.0759
vt 0.5929 0.0752
vt 0.6533 0.7761
vt 0.6775 0.7775
vt 0.6513 0.7940
vt 0.6742 0.7953
vt 0.6496 0.8129
vt 0.6715 0.8143
vt 0.6481 0.8330
vt 0.6694 0.8344
vt 0.6465 0.8547
vt 0.6679 0.8560
vt 0.6453 0.8769
vt 0.6668 0.8779
vt 0.6446 0.8984
vt 0.6662 0.8988
vt 0.6442 0.9188
vt 0.6657 0.9186
vt 0.6437 0.9384
vt 0.6652 0.9377
vt 0.5505 0.2059
vt 0.5369 0.2055
vt 0.5530 0.1900
vt 0.5383 0.1895
vt 0.5555 0.1739
vt 0.5396 0.1733
vt 0.5580 0.1576
vt 0.5410 0.1570
vt 0.5605 0.1411
vt 0.5424 0.1405
vt 0.5630 0.1246
vt 0.5439 0.1240
vt 0.5654 0.1080
vt 0.5454 0.1074
vt 0.5679 0.0914
vt 0.5470 0.0907
vt 0.5702 0.0745
vt 0.5485 0.0738
vt 0.7221 0.7812
vt 0.7418 0.7835
vt 0.7614 0.7863
vt 0.7351 0.8005
vt 0.7541 0.8028
vt 0.7163 0.7985
vt 0.7107 0.8174
vt 0.7290 0.8190
vt 0.7478 0.8209
vt 0.7246 0.8387
vt 0.7432 0.8400
vt 0.7068 0.8373
vt 0.7052 0.8582
vt 0.7228 0.8589
vt 0.7407 0.8593
vt 0.7223 0.8788
vt 0.7397 0.8783
vt 0.7050 0.8789
vt 0.7050 0.8982
vt 0.7220 0.8974
vt 0.7392 0.8963
vt 0.7219 0.9152
vt 0.7392 0.9135
vt 0.7048 0.9166
vt 0.7048 0.9345
vt 0.7224 0.9326
vt 0.7401 0.9305
vt 0.7833 0.2151
vt 0.7532 0.2151
vt 0.7246 0.2148
vt 0.7562 0.1994
vt 0.7277 0.1994
vt 0.7862 0.1991
vt 0.7895 0.1824
vt 0.7598 0.1829
vt 0.7316 0.1831
vt 0.7640 0.1656
vt 0.7360 0.1659
vt 0.7934 0.1652
vt 0.7981 0.1475
vt 0.7687 0.1475
vt 0.7409 0.1476
vt 0.7739 0.1294
vt 0.7459 0.1291
vt 0.8035 0.1301
vt 0.8094 0.1131
vt 0.7794 0.1119
vt 0.7511 0.1112
vt 0.7849 0.0949
vt 0.7559 0.0940
vt 0.8155 0.0965
vt 0.8217 0.0799
vt 0.7901 0.0782
vt 0.7601 0.0772
vt 0.7006 0.7792
vt 0.6960 0.7968
vt 0.6917 0.8158
vt 0.6887 0.8359
vt 0.6872 0.8572
vt 0.6867 0.8786
vt 0.6864 0.8987
vt 0.6860 0.9178
vt 0.6857 0.9363
vt 0.7826 0.7896
vt 0.8051 0.7930
vt 0.7748 0.8057
vt 0.7960 0.8082
vt 0.7680 0.8231
vt 0.7890 0.8255
vt 0.7628 0.8413
vt 0.7821 0.8428
vt 0.7598 0.8596
vt 0.7793 0.8598
vt 0.7582 0.8775
vt 0.7765 0.8768
vt 0.7578 0.8948
vt 0.7773 0.8931
vt 0.7583 0.9115
vt 0.7781 0.9093
vt 0.7598 0.9281
vt 0.7805 0.9253
vt 0.4830 0.7712
vt 0.4922 0.7714
vt 0.5021 0.7717
vt 0.4914 0.7898
vt 0.5022 0.7900
vt 0.4813 0.7895
vt 0.4794 0.8087
vt 0.4907 0.8091
vt 0.5025 0.8094
vt 0.4900 0.8292
vt 0.5028 0.8297
vt 0.4775 0.8288
vt 0.4756 0.8496
vt 0.4890 0.8502
vt 0.5027 0.8509
vt 0.4880 0.8714
vt 0.5023 0.8723
vt 0.4738 0.8707
vt 0.4722 0.8915
vt 0.4869 0.8923
vt 0.5016 0.8932
vt 0.4857 0.9125
vt 0.5009 0.9136
vt 0.4706 0.9118
vt 0.4688 0.9314
vt 0.4844 0.9321
vt 0.5001 0.9333
vt 0.8462 0.2150
vt 0.8146 0.2150
vt 0.8170 0.1989
vt 0.8479 0.1992
vt 0.8508 0.1820
vt 0.8200 0.1821
vt 0.8237 0.1650
vt 0.8537 0.1648
vt 0.8599 0.1485
vt 0.8287 0.1479
vt 0.8345 0.1311
vt 0.8660 0.1322
vt 0.8721 0.1166
vt 0.8405 0.1147
vt 0.8468 0.0987
vt 0.8782 0.1010
vt 0.8854 0.0857
vt 0.8536 0.0826
vt 0.5141 0.7720
vt 0.5304 0.7724
vt 0.5148 0.7904
vt 0.5313 0.7907
vt 0.5158 0.8098
vt 0.5325 0.8102
vt 0.5166 0.8301
vt 0.5331 0.8304
vt 0.5167 0.8513
vt 0.5330 0.8514
vt 0.5164 0.8727
vt 0.5325 0.8730
vt 0.5160 0.8939
vt 0.5323 0.8945
vt 0.5156 0.9144
vt 0.5320 0.9154
vt 0.5152 0.9343
vt 0.5318 0.9353
vt 0.6976 0.2140
vt 0.7009 0.1987
vt 0.7049 0.1827
vt 0.7095 0.1657
vt 0.7145 0.1477
vt 0.7196 0.1291
vt 0.7245 0.1111
vt 0.7288 0.0937
vt 0.7323 0.0771
vt 0.5523 0.7728
vt 0.5530 0.7911
vt 0.5538 0.8105
vt 0.5539 0.8306
vt 0.5534 0.8516
vt 0.5526 0.8733
vt 0.5522 0.8953
vt 0.5521 0.9165
vt 0.5520 0.9365
vt 0.8957 0.9815
vt 0.8930 0.9899
vt 0.8907 0.9971
vt 0.8994 0.9919
vt 0.8970 0.9991
vt 0.9021 0.9836
vt 0.8985 0.9730
vt 0.9048 0.9751
vt 0.9012 0.9647
vt 0.9075 0.9668
vt 0.9037 0.9569
vt 0.9101 0.9589
vt 0.9063 0.9489
vt 0.9127 0.9509
vt 0.9091 0.9404
vt 0.9154 0.9425
vt 0.9119 0.9316
vt 0.9183 0.9336
vt 0.9150 0.9223
vt 0.9213 0.9244
vt 0.9181 0.9127
vt 0.9244 0.9148
vt 0.9213 0.9029
vt 0.9276 0.9049
vt 0.9245 0.8928
vt 0.9309 0.8949
vt 0.9274 0.8841
vt 0.9337 0.8861
vt 0.9302 0.8753
vt 0.9365 0.8774
vt 0.9330 0.8666
vt 0.9394 0.8686
vt 0.9356 0.8586
vt 0.9419 0.8607
vt 0.9458 0.8489
vt 0.9394 0.8469
vt 0.9410 0.8419
vt 0.9474 0.8439
vt 0.9426 0.8371
vt 0.9489 0.8392
vt 0.9377 0.8522
vt 0.9440 0.8543
vt 0.5218 0.3739
vt 0.5212 0.3805
vt 0.5370 0.3825
vt 0.5372 0.3746
vt 0.5367 0.3887
vt 0.5210 0.3821
vt 0.9028 0.6754
vt 0.8851 0.6601
vt 0.8656 0.6463
vt 0.9118 0.6503
vt 0.8971 0.6374
vt 0.9197 0.6659
vt 0.7787 0.4562
vt 0.7824 0.4439
vt 0.7874 0.4318
vt 0.8191 0.4441
vt 0.8246 0.4321
vt 0.8152 0.4565
vt 0.8277 0.3870
vt 0.8426 0.3773
vt 0.8594 0.3676
vt 0.8781 0.3837
vt 0.8922 0.3751
vt 0.8647 0.3918
vt 0.8069 0.6005
vt 0.8021 0.5850
vt 0.7981 0.5682
vt 0.8432 0.5839
vt 0.8384 0.5679
vt 0.8488 0.5982
vt 0.7932 0.4202
vt 0.8014 0.4087
vt 0.8309 0.4209
vt 0.8394 0.4103
vt 0.7880 0.5359
vt 0.7835 0.5217
vt 0.7802 0.5083
vt 0.8217 0.5227
vt 0.8175 0.5093
vt 0.8270 0.5367
vt 0.7782 0.4950
vt 0.7773 0.4818
vt 0.8151 0.4959
vt 0.8139 0.4825
vt 0.8269 0.6243
vt 0.8145 0.6133
vt 0.8567 0.6095
vt 0.8676 0.6187
vt 0.8793 0.3572
vt 0.9002 0.3461
vt 0.9073 0.3646
vt 0.9170 0.3528
vt 0.7772 0.4689
vt 0.8137 0.4694
vt 0.8134 0.3975
vt 0.8512 0.4006
vt 0.8450 0.6348
vt 0.8817 0.6274
vt 0.7932 0.5515
vt 0.8328 0.5519
vt 0.9596 0.6526
vt 0.9498 0.6391
vt 0.9391 0.6273
vt 0.9936 0.6272
vt 0.9877 0.6151
vt 0.9995 0.6393
vt 0.8627 0.5103
vt 0.8596 0.4969
vt 0.8579 0.4835
vt 0.9082 0.4981
vt 0.9052 0.4847
vt 0.9111 0.5115
vt 0.8575 0.4702
vt 0.8589 0.4571
vt 0.9051 0.4711
vt 0.9050 0.4576
vt 0.8742 0.5369
vt 0.8679 0.5235
vt 0.9184 0.5242
vt 0.9256 0.5368
vt 0.8632 0.4446
vt 0.8691 0.4328
vt 0.9111 0.4453
vt 0.9171 0.4329
vt 0.8874 0.5657
vt 0.8809 0.5511
vt 0.9337 0.5497
vt 0.9417 0.5625
vt 0.8758 0.4223
vt 0.8843 0.4128
vt 0.9244 0.4240
vt 0.9317 0.4151
vt 0.8991 0.5929
vt 0.8930 0.5801
vt 0.9475 0.5749
vt 0.9534 0.5873
vt 0.8958 0.4046
vt 0.9083 0.3972
vt 0.9438 0.4089
vt 0.9560 0.4027
vt 0.9164 0.6108
vt 0.9069 0.6028
vt 0.9611 0.5946
vt 0.9689 0.6018
vt 0.9201 0.3902
vt 0.9319 0.3823
vt 0.9654 0.3967
vt 0.9748 0.3907
vt 0.9275 0.6184
vt 0.9783 0.6085
vt 0.9446 0.3721
vt 0.9572 0.3606
vt 0.9861 0.3795
vt 0.9973 0.3683
vt 0.4376 0.3664
vt 0.4336 0.3769
vt 0.4618 0.3805
vt 0.4650 0.3702
vt 0.4864 0.3820
vt 0.4883 0.3724
vt 0.4558 0.3901
vt 0.4878 0.3927
vt 0.4274 0.3867
vt 0.9883 0.6803
vt 0.9860 0.6874
vt 0.9773 0.6846
vt 0.9796 0.6775
vt 0.9656 0.6808
vt 0.9679 0.6737
vt 0.9746 0.6928
vt 0.9629 0.6890
vt 0.9834 0.6957
vt 0.4446 0.3990
vt 0.4701 0.4020
vt 0.4325 0.4076
vt 0.4523 0.4113
vt 0.4185 0.3955
vt 0.4094 0.4041
vt 0.4238 0.4162
vt 0.4443 0.4194
vt 0.4167 0.4252
vt 0.4363 0.4275
vt 0.4025 0.4132
vt 0.3970 0.4228
vt 0.3868 0.4435
vt 0.4038 0.4446
vt 0.4098 0.4346
vt 0.3915 0.4329
vt 0.4278 0.4365
vt 0.4192 0.4454
vt 0.4145 0.4678
vt 0.4169 0.4566
vt 0.4005 0.4557
vt 0.3998 0.4676
vt 0.3839 0.4549
vt 0.3833 0.4675
vt 0.4024 0.4801
vt 0.4181 0.4780
vt 0.4090 0.4924
vt 0.4217 0.4883
vt 0.3854 0.4819
vt 0.3914 0.5005
vt 0.4450 0.4986
vt 0.4333 0.4935
vt 0.4212 0.5022
vt 0.4361 0.5096
vt 0.4107 0.5128
vt 0.4282 0.5211
vt 0.4722 0.5055
vt 0.4586 0.5021
vt 0.4523 0.5146
vt 0.4674 0.5177
vt 0.4466 0.5266
vt 0.4633 0.5297
vt 0.5019 0.5075
vt 0.4992 0.5204
vt 0.4964 0.5326
vt 0.4892 0.5199
vt 0.4860 0.5321
vt 0.4924 0.5070
vt 0.4823 0.5063
vt 0.4792 0.5192
vt 0.4758 0.5313
vt 0.3190 0.4419
vt 0.3030 0.4411
vt 0.3025 0.4529
vt 0.3184 0.4539
vt 0.3007 0.4648
vt 0.3167 0.4660
vt 0.2826 0.4513
vt 0.2807 0.4632
vt 0.2832 0.4396
vt 0.3015 0.4292
vt 0.2816 0.4279
vt 0.2989 0.4173
vt 0.2787 0.4162
vt 0.3179 0.4299
vt 0.3159 0.4179
vt 0.3494 0.4670
vt 0.3508 0.4543
vt 0.3344 0.4542
vt 0.3328 0.4666
vt 0.3354 0.4422
vt 0.3526 0.4424
vt 0.9412 0.7559
vt 0.9529 0.7597
vt 0.9499 0.7690
vt 0.9382 0.7652
vt 0.9468 0.7786
vt 0.9351 0.7748
vt 0.9586 0.7719
vt 0.9555 0.7814
vt 0.9616 0.7626
vt 0.3673 0.4545
vt 0.3664 0.4673
vt 0.3697 0.4427
vt 0.2954 0.4053
vt 0.2750 0.4046
vt 0.2895 0.3930
vt 0.2688 0.3926
vt 0.3132 0.4059
vt 0.3084 0.3936
vt 0.2794 0.3800
vt 0.2587 0.3801
vt 0.2656 0.3664
vt 0.2460 0.3675
vt 0.3000 0.3807
vt 0.2869 0.3651
vt 0.2489 0.3528
vt 0.2320 0.3552
vt 0.2304 0.3392
vt 0.2161 0.3425
vt 0.2587 0.3489
vt 0.2364 0.3343
vt 0.2096 0.3254
vt 0.1983 0.3287
vt 0.1881 0.3115
vt 0.1843 0.3134
vt 0.2138 0.3207
vt 0.1919 0.3097
vt 0.1102 0.6511
vt 0.1138 0.6533
vt 0.1431 0.6405
vt 0.1321 0.6342
vt 0.1705 0.6276
vt 0.1563 0.6205
vt 0.1517 0.6461
vt 0.1802 0.6355
vt 0.1175 0.6556
vt 0.2983 0.4770
vt 0.3145 0.4784
vt 0.2946 0.4892
vt 0.3113 0.4910
vt 0.2780 0.4754
vt 0.2741 0.4876
vt 0.3669 0.4818
vt 0.3677 0.4982
vt 0.3485 0.4809
vt 0.3476 0.4960
vt 0.9440 0.7871
vt 0.9323 0.7833
vt 0.9412 0.7957
vt 0.9295 0.7919
vt 0.9528 0.7899
vt 0.9500 0.7985
vt 0.3310 0.4797
vt 0.3287 0.4935
vt 0.2893 0.5013
vt 0.3066 0.5038
vt 0.2822 0.5141
vt 0.3001 0.5171
vt 0.2685 0.4997
vt 0.2612 0.5124
vt 0.2737 0.5280
vt 0.2917 0.5312
vt 0.2646 0.5433
vt 0.2825 0.5460
vt 0.2526 0.5264
vt 0.2437 0.5418
vt 0.2558 0.5593
vt 0.2735 0.5615
vt 0.2457 0.5747
vt 0.2638 0.5767
vt 0.2351 0.5580
vt 0.2253 0.5731
vt 0.1969 0.5968
vt 0.2157 0.6013
vt 0.2326 0.5883
vt 0.2126 0.5857
vt 0.2518 0.5912
vt 0.2346 0.6098
vt 0.1946 0.6145
vt 0.1781 0.6081
vt 0.2052 0.6236
vt 0.3591 0.3975
vt 0.3323 0.3951
vt 0.3343 0.4068
vt 0.3575 0.4083
vt 0.3351 0.4185
vt 0.3560 0.4194
vt 0.9524 0.7214
vt 0.9641 0.7252
vt 0.9614 0.7334
vt 0.9498 0.7296
vt 0.9587 0.7419
vt 0.9470 0.7381
vt 0.9702 0.7362
vt 0.9674 0.7447
vt 0.9729 0.7280
vt 0.3850 0.4006
vt 0.3804 0.4105
vt 0.3767 0.4208
vt 0.9558 0.7507
vt 0.9441 0.7469
vt 0.9646 0.7535
vt 0.3730 0.4316
vt 0.3543 0.4307
vt 0.3356 0.4303
vt 0.3128 0.5370
vt 0.3206 0.5225
vt 0.3357 0.5434
vt 0.3424 0.5285
vt 0.3039 0.5513
vt 0.3275 0.5575
vt 0.3575 0.5484
vt 0.3634 0.5331
vt 0.3779 0.5521
vt 0.3828 0.5370
vt 0.3506 0.5623
vt 0.3723 0.5660
vt 0.3968 0.5554
vt 0.4008 0.5412
vt 0.4155 0.5585
vt 0.4189 0.5454
vt 0.3924 0.5689
vt 0.4122 0.5716
vt 0.3256 0.5079
vt 0.3461 0.5123
vt 0.9384 0.8044
vt 0.9267 0.8006
vt 0.9359 0.8122
vt 0.9242 0.8084
vt 0.9472 0.8072
vt 0.9446 0.8151
vt 0.9338 0.8184
vt 0.9222 0.8146
vt 0.9322 0.8235
vt 0.9205 0.8197
vt 0.9426 0.8212
vt 0.9410 0.8263
vt 0.9307 0.8281
vt 0.9190 0.8243
vt 0.9394 0.8310
vt 0.3667 0.5159
vt 0.3865 0.5201
vt 0.4227 0.5330
vt 0.4047 0.5266
vt 0.4349 0.5613
vt 0.4378 0.5489
vt 0.4524 0.5636
vt 0.4551 0.5515
vt 0.4323 0.5741
vt 0.4502 0.5761
vt 0.4655 0.5652
vt 0.4682 0.5531
vt 0.4768 0.5665
vt 0.4794 0.5541
vt 0.4636 0.5776
vt 0.4750 0.5789
vt 0.4890 0.5679
vt 0.4912 0.5550
vt 0.4873 0.5805
vt 0.4417 0.5376
vt 0.4589 0.5406
vt 0.4719 0.5422
vt 0.4826 0.5430
vt 0.4937 0.5436
vt 0.9575 0.7057
vt 0.9692 0.7095
vt 0.9666 0.7173
vt 0.9550 0.7135
vt 0.9754 0.7202
vt 0.9779 0.7123
vt 0.9719 0.7013
vt 0.9602 0.6975
vt 0.9806 0.7041
vt 0.4030 0.3718
vt 0.3974 0.3818
vt 0.3691 0.3664
vt 0.3642 0.3766
vt 0.4076 0.3612
vt 0.3747 0.3560
vt 0.3910 0.3912
vt 0.3611 0.3869
vt 0.3290 0.3833
vt 0.3272 0.3718
vt 0.3389 0.3516
vt 0.3316 0.3616
vt 0.2949 0.3541
vt 0.3029 0.3443
vt 0.2787 0.5946
vt 0.2871 0.5802
vt 0.3079 0.5983
vt 0.3134 0.5846
vt 0.2711 0.6115
vt 0.3032 0.6144
vt 0.3340 0.6016
vt 0.3388 0.5885
vt 0.3571 0.6041
vt 0.3622 0.5916
vt 0.3295 0.6169
vt 0.3520 0.6187
vt 0.3786 0.6060
vt 0.3836 0.5939
vt 0.3999 0.6075
vt 0.4044 0.5958
vt 0.3736 0.6200
vt 0.3956 0.6213
vt 0.4215 0.6091
vt 0.4255 0.5976
vt 0.4414 0.6105
vt 0.4447 0.5991
vt 0.4181 0.6228
vt 0.4389 0.6240
vt 0.4576 0.6112
vt 0.4600 0.5999
vt 0.4714 0.6112
vt 0.4730 0.6003
vt 0.4559 0.6245
vt 0.4702 0.6244
vt 0.4846 0.6109
vt 0.4857 0.6004
vt 0.4835 0.6241
vt 0.2953 0.5658
vt 0.3199 0.5711
vt 0.3442 0.5756
vt 0.3671 0.5791
vt 0.3882 0.5817
vt 0.4085 0.5840
vt 0.4292 0.5861
vt 0.4477 0.5879
vt 0.4619 0.5891
vt 0.4740 0.5899
vt 0.4864 0.5908
vt 0.1626 0.6526
vt 0.1894 0.6456
vt 0.1726 0.6597
vt 0.1970 0.6561
vt 0.1325 0.6591
vt 0.1475 0.6627
vt 0.2143 0.3124
vt 0.1908 0.3000
vt 0.2147 0.3030
vt 0.1898 0.2903
vt 0.2385 0.3261
vt 0.2403 0.3163
vt 0.2644 0.3411
vt 0.2697 0.3314
vt 0.3249 0.6352
vt 0.3473 0.6363
vt 0.3213 0.6521
vt 0.3438 0.6527
vt 0.2988 0.6337
vt 0.2956 0.6515
vt 0.4556 0.6409
vt 0.4700 0.6407
vt 0.4560 0.6563
vt 0.4703 0.6560
vt 0.4379 0.6405
vt 0.4379 0.6561
vt 0.4160 0.6394
vt 0.4150 0.6551
vt 0.3922 0.6381
vt 0.3901 0.6540
vt 0.3693 0.6371
vt 0.3663 0.6532
vt 0.4828 0.6403
vt 0.4824 0.6556
vt 0.2117 0.6383
vt 0.2358 0.6327
vt 0.2159 0.6530
vt 0.2364 0.6511
vt 0.2670 0.6321
vt 0.2650 0.6509
vt 0.3570 0.2430
vt 0.3840 0.2455
vt 0.3836 0.2318
vt 0.3575 0.2301
vt 0.3827 0.2179
vt 0.3573 0.2167
vt 0.4087 0.2327
vt 0.4080 0.2185
vt 0.4090 0.2467
vt 0.2944 0.2342
vt 0.3263 0.2390
vt 0.3285 0.2274
vt 0.2981 0.2241
vt 0.3299 0.2148
vt 0.3011 0.2126
vt 0.4342 0.2471
vt 0.4348 0.2331
vt 0.4347 0.2188
vt 0.4608 0.2333
vt 0.4615 0.2190
vt 0.4592 0.2473
vt 0.2477 0.7301
vt 0.2280 0.7314
vt 0.2287 0.7392
vt 0.2481 0.7378
vt 0.2303 0.7494
vt 0.2494 0.7481
vt 0.2092 0.7410
vt 0.2110 0.7512
vt 0.2085 0.7332
vt 0.3417 0.7301
vt 0.3166 0.7293
vt 0.3164 0.7372
vt 0.3415 0.7381
vt 0.3162 0.7479
vt 0.3410 0.7488
vt 0.2921 0.7367
vt 0.2924 0.7474
vt 0.2922 0.7289
vt 0.2343 0.2242
vt 0.2638 0.2292
vt 0.2682 0.2206
vt 0.2387 0.2173
vt 0.2718 0.2104
vt 0.2431 0.2105
vt 0.3922 0.7322
vt 0.3670 0.7311
vt 0.3670 0.7391
vt 0.3925 0.7402
vt 0.3663 0.7498
vt 0.3918 0.7509
vt 0.1876 0.7353
vt 0.1881 0.7432
vt 0.1899 0.7532
vt 0.1659 0.7454
vt 0.1660 0.7532
vt 0.1658 0.7377
vt 0.4379 0.7341
vt 0.4166 0.7332
vt 0.4173 0.7413
vt 0.4388 0.7423
vt 0.4168 0.7521
vt 0.4382 0.7532
vt 0.4663 0.7354
vt 0.4541 0.7348
vt 0.4545 0.7431
vt 0.4663 0.7437
vt 0.4539 0.7540
vt 0.4654 0.7547
vt 0.4766 0.7359
vt 0.4762 0.7443
vt 0.4752 0.7553
vt 0.4830 0.2476
vt 0.4850 0.2338
vt 0.4862 0.2194
vt 0.5056 0.2343
vt 0.5069 0.2199
vt 0.5035 0.2482
vt 0.2691 0.7292
vt 0.2692 0.7370
vt 0.2700 0.7474
vt 0.5196 0.2488
vt 0.5213 0.2348
vt 0.5227 0.2204
vt 0.4916 0.3495
vt 0.5087 0.3512
vt 0.5098 0.3391
vt 0.4932 0.3373
vt 0.5110 0.3269
vt 0.4946 0.3251
vt 0.4969 0.3005
vt 0.5134 0.3018
vt 0.5147 0.2891
vt 0.4980 0.2881
vt 0.5161 0.2761
vt 0.4994 0.2753
vt 0.2939 0.6710
vt 0.2647 0.6710
vt 0.2652 0.6784
vt 0.2938 0.6782
vt 0.2657 0.6857
vt 0.2936 0.6854
vt 0.2394 0.6786
vt 0.2406 0.6861
vt 0.2383 0.6712
vt 0.2932 0.6998
vt 0.2674 0.7002
vt 0.2682 0.7074
vt 0.2929 0.7071
vt 0.2689 0.7147
vt 0.2927 0.7143
vt 0.2455 0.7082
vt 0.2468 0.7155
vt 0.2438 0.7008
vt 0.4433 0.3433
vt 0.4694 0.3469
vt 0.4713 0.3349
vt 0.4457 0.3315
vt 0.4731 0.3229
vt 0.4481 0.3199
vt 0.4520 0.2973
vt 0.4759 0.2990
vt 0.4773 0.2870
vt 0.4539 0.2860
vt 0.4788 0.2746
vt 0.4557 0.2741
vt 0.4815 0.6740
vt 0.4810 0.6812
vt 0.4804 0.6886
vt 0.4698 0.6816
vt 0.4693 0.6889
vt 0.4701 0.6744
vt 0.4789 0.7042
vt 0.4781 0.7121
vt 0.4774 0.7200
vt 0.4671 0.7119
vt 0.4666 0.7197
vt 0.4679 0.7042
vt 0.4563 0.6746
vt 0.4563 0.6818
vt 0.4560 0.6891
vt 0.4385 0.6816
vt 0.4384 0.6888
vt 0.4383 0.6744
vt 0.4545 0.7040
vt 0.4537 0.7116
vt 0.4533 0.7193
vt 0.4365 0.7111
vt 0.4363 0.7187
vt 0.4372 0.7036
vt 0.4149 0.6736
vt 0.4151 0.6808
vt 0.4153 0.6880
vt 0.3894 0.6798
vt 0.3896 0.6871
vt 0.3893 0.6726
vt 0.4151 0.7029
vt 0.4150 0.7104
vt 0.4152 0.7179
vt 0.3909 0.7095
vt 0.3913 0.7170
vt 0.3904 0.7020
vt 0.2036 0.6724
vt 0.1807 0.6745
vt 0.1830 0.6818
vt 0.2054 0.6799
vt 0.1849 0.6892
vt 0.2068 0.6874
vt 0.1564 0.6843
vt 0.1594 0.6915
vt 0.1534 0.6771
vt 0.2075 0.7028
vt 0.1862 0.7046
vt 0.1865 0.7124
vt 0.2075 0.7106
vt 0.1869 0.7201
vt 0.2076 0.7183
vt 0.1640 0.7145
vt 0.1655 0.7221
vt 0.1625 0.7068
vt 0.3649 0.6719
vt 0.3648 0.6791
vt 0.3649 0.6863
vt 0.3416 0.6786
vt 0.3415 0.6858
vt 0.3418 0.6715
vt 0.3657 0.7011
vt 0.3662 0.7085
vt 0.3666 0.7160
vt 0.3417 0.7077
vt 0.3418 0.7151
vt 0.3416 0.7004
vt 0.1991 0.2776
vt 0.2227 0.2871
vt 0.2278 0.2797
vt 0.2037 0.2713
vt 0.2330 0.2725
vt 0.2083 0.2649
vt 0.2569 0.2895
vt 0.2631 0.2814
vt 0.2506 0.2981
vt 0.2170 0.2514
vt 0.2438 0.2590
vt 0.2493 0.2523
vt 0.2213 0.2446
vt 0.2545 0.2452
vt 0.2256 0.2379
vt 0.2806 0.2605
vt 0.2859 0.2528
vt 0.2749 0.2673
vt 0.3192 0.6712
vt 0.3189 0.6783
vt 0.3185 0.6855
vt 0.3178 0.6999
vt 0.3174 0.7072
vt 0.3171 0.7145
vt 0.2202 0.6715
vt 0.2217 0.6790
vt 0.2231 0.6865
vt 0.2252 0.7016
vt 0.2261 0.7092
vt 0.2269 0.7167
vt 0.3856 0.3337
vt 0.4151 0.3385
vt 0.4185 0.3271
vt 0.3908 0.3224
vt 0.4217 0.3159
vt 0.3955 0.3117
vt 0.4027 0.2928
vt 0.4273 0.2953
vt 0.4299 0.2850
vt 0.4058 0.2835
vt 0.4320 0.2738
vt 0.4081 0.2730
vt 0.2852 0.3111
vt 0.2936 0.3011
vt 0.3011 0.2918
vt 0.3312 0.3115
vt 0.3392 0.3013
vt 0.3217 0.3226
vt 0.3120 0.2764
vt 0.3168 0.2690
vt 0.3209 0.2606
vt 0.3521 0.2764
vt 0.3548 0.2670
vt 0.3486 0.2844
vt 0.3550 0.3293
vt 0.3629 0.3180
vt 0.3696 0.3074
vt 0.3778 0.2896
vt 0.3810 0.2810
vt 0.3833 0.2711
vt 0.4066 0.9518
vt 0.3858 0.9517
vt 0.3820 0.9717
vt 0.4033 0.9719
vt 0.3781 0.9921
vt 0.4021 0.9924
vt 0.3588 0.9714
vt 0.3541 0.9918
vt 0.3628 0.9515
vt 0.3433 0.0445
vt 0.3688 0.0465
vt 0.3664 0.0261
vt 0.3404 0.0238
vt 0.3640 0.0041
vt 0.3387 0.0006
vt 0.3924 0.0288
vt 0.3892 0.0075
vt 0.3942 0.0486
vt 0.4380 0.9516
vt 0.4235 0.9518
vt 0.4207 0.9720
vt 0.4358 0.9718
vt 0.4181 0.9925
vt 0.4341 0.9925
vt 0.2240 0.0467
vt 0.2542 0.0436
vt 0.2499 0.0239
vt 0.2182 0.0259
vt 0.2455 0.0028
vt 0.2124 0.0052
vt 0.2813 0.0226
vt 0.2786 0.0005
vt 0.2847 0.0427
vt 0.4521 0.9510
vt 0.4501 0.9711
vt 0.4482 0.9915
vt 0.2045 0.9329
vt 0.1861 0.9288
vt 0.1780 0.9482
vt 0.1974 0.9526
vt 0.1687 0.9687
vt 0.1900 0.9739
vt 0.1580 0.9434
vt 0.1473 0.9635
vt 0.1687 0.9232
vt 0.2773 0.9456
vt 0.2581 0.9428
vt 0.2521 0.9632
vt 0.2717 0.9661
vt 0.2446 0.9847
vt 0.2643 0.9879
vt 0.2333 0.9600
vt 0.2250 0.9814
vt 0.2398 0.9398
vt 0.3150 0.0431
vt 0.3118 0.0227
vt 0.3087 0.0006
vt 0.2222 0.9365
vt 0.2155 0.9565
vt 0.2075 0.9776
vt 0.5035 0.0544
vt 0.5271 0.0553
vt 0.5277 0.0362
vt 0.5032 0.0352
vt 0.5283 0.0162
vt 0.5031 0.0148
vt 0.3181 0.9499
vt 0.2972 0.9480
vt 0.2923 0.9684
vt 0.3136 0.9700
vt 0.2862 0.9893
vt 0.3081 0.9908
vt 0.4514 0.0522
vt 0.4784 0.0534
vt 0.4777 0.0343
vt 0.4505 0.0331
vt 0.4769 0.0143
vt 0.4508 0.0138
vt 0.3400 0.9510
vt 0.3359 0.9709
vt 0.3311 0.9913
vt 0.4225 0.0506
vt 0.4212 0.0312
vt 0.4200 0.0107
vt 0.4335 0.2039
vt 0.4064 0.2039
vt 0.4318 0.1885
vt 0.4047 0.1886
vt 0.4607 0.2039
vt 0.4591 0.1883
vt 0.4303 0.1724
vt 0.4033 0.1726
vt 0.4292 0.1556
vt 0.4022 0.1553
vt 0.4577 0.1722
vt 0.4566 0.1556
vt 0.4282 0.1378
vt 0.4011 0.1369
vt 0.4272 0.1197
vt 0.3999 0.1180
vt 0.4556 0.1384
vt 0.4548 0.1210
vt 0.4262 0.1019
vt 0.3989 0.0999
vt 0.4251 0.0847
vt 0.3977 0.0827
vt 0.4539 0.1036
vt 0.4531 0.0865
vt 0.4238 0.0680
vt 0.3961 0.0661
vt 0.4523 0.0697
vt 0.3645 0.7650
vt 0.3895 0.7661
vt 0.3620 0.7831
vt 0.3863 0.7842
vt 0.3399 0.7641
vt 0.3384 0.7823
vt 0.3595 0.8021
vt 0.3832 0.8032
vt 0.3572 0.8223
vt 0.3805 0.8233
vt 0.3367 0.8013
vt 0.3348 0.8217
vt 0.3550 0.8443
vt 0.3781 0.8449
vt 0.3525 0.8672
vt 0.3756 0.8676
vt 0.3325 0.8440
vt 0.3299 0.8671
vt 0.3493 0.8899
vt 0.3725 0.8904
vt 0.3461 0.9114
vt 0.3692 0.9122
vt 0.3268 0.8893
vt 0.3238 0.9103
vt 0.3432 0.9315
vt 0.3661 0.9322
vt 0.3212 0.9303
vt 0.4858 0.2042
vt 0.4846 0.1883
vt 0.5070 0.2046
vt 0.5065 0.1887
vt 0.4834 0.1722
vt 0.4824 0.1557
vt 0.5058 0.1724
vt 0.5052 0.1560
vt 0.4815 0.1389
vt 0.4808 0.1219
vt 0.5047 0.1394
vt 0.5043 0.1227
vt 0.4801 0.1049
vt 0.4795 0.0880
vt 0.5040 0.1059
vt 0.5038 0.0891
vt 0.4790 0.0711
vt 0.5037 0.0722
vt 0.3161 0.7633
vt 0.3159 0.7817
vt 0.2933 0.7627
vt 0.2944 0.7813
vt 0.3153 0.8009
vt 0.3138 0.8216
vt 0.2949 0.8009
vt 0.2940 0.8218
vt 0.3114 0.8440
vt 0.3084 0.8669
vt 0.2915 0.8442
vt 0.2882 0.8667
vt 0.3054 0.8886
vt 0.3028 0.9090
vt 0.2854 0.8878
vt 0.2830 0.9075
vt 0.3004 0.9285
vt 0.2807 0.9264
vt 0.5234 0.2050
vt 0.5237 0.1891
vt 0.5239 0.1728
vt 0.5242 0.1564
vt 0.5245 0.1399
vt 0.5249 0.1233
vt 0.5254 0.1067
vt 0.5260 0.0900
vt 0.5266 0.0731
vt 0.2333 0.7640
vt 0.2519 0.7630
vt 0.2367 0.7821
vt 0.2547 0.7814
vt 0.2145 0.7655
vt 0.2184 0.7833
vt 0.2390 0.8024
vt 0.2565 0.8016
vt 0.2395 0.8237
vt 0.2566 0.8229
vt 0.2212 0.8034
vt 0.2222 0.8241
vt 0.2378 0.8446
vt 0.2547 0.8446
vt 0.2352 0.8646
vt 0.2519 0.8656
vt 0.2211 0.8442
vt 0.2188 0.8632
vt 0.2325 0.8833
vt 0.2493 0.8851
vt 0.2299 0.9010
vt 0.2468 0.9034
vt 0.2160 0.8811
vt 0.2130 0.8983
vt 0.2268 0.9183
vt 0.2440 0.9212
vt 0.2095 0.9151
vt 0.3300 0.2007
vt 0.3025 0.1986
vt 0.3294 0.1851
vt 0.3027 0.1828
vt 0.3562 0.2024
vt 0.3548 0.1871
vt 0.3286 0.1686
vt 0.3022 0.1662
vt 0.3276 0.1510
vt 0.3011 0.1487
vt 0.3539 0.1707
vt 0.3528 0.1529
vt 0.3259 0.1321
vt 0.2995 0.1303
vt 0.3240 0.1131
vt 0.2972 0.1119
vt 0.3510 0.1338
vt 0.3493 0.1145
vt 0.3222 0.0952
vt 0.2943 0.0942
vt 0.3203 0.0781
vt 0.2911 0.0773
vt 0.3486 0.0964
vt 0.3478 0.0793
vt 0.3178 0.0612
vt 0.2879 0.0606
vt 0.3460 0.0625
vt 0.2718 0.7626
vt 0.2739 0.7811
vt 0.2752 0.8011
vt 0.2749 0.8222
vt 0.2726 0.8444
vt 0.2695 0.8663
vt 0.2668 0.8866
vt 0.2645 0.9056
vt 0.2619 0.9239
vt 0.1938 0.7675
vt 0.1983 0.7848
vt 0.1718 0.7694
vt 0.1775 0.7857
vt 0.2018 0.8041
vt 0.2038 0.8239
vt 0.1815 0.8046
vt 0.1854 0.8236
vt 0.2038 0.8430
vt 0.2022 0.8613
vt 0.1862 0.8415
vt 0.1870 0.8595
vt 0.1993 0.8786
vt 0.1956 0.8953
vt 0.1825 0.8759
vt 0.1781 0.8923
vt 0.1916 0.9116
vt 0.1734 0.9078
vt 0.4735 0.7707
vt 0.4710 0.7890
vt 0.4632 0.7701
vt 0.4600 0.7884
vt 0.4681 0.8083
vt 0.4652 0.8284
vt 0.4563 0.8078
vt 0.4528 0.8279
vt 0.4626 0.8493
vt 0.4603 0.8705
vt 0.4499 0.8490
vt 0.4473 0.8704
vt 0.4583 0.8914
vt 0.4563 0.9117
vt 0.4450 0.8915
vt 0.4427 0.9120
vt 0.4542 0.9314
vt 0.4404 0.9319
vt 0.2739 0.1965
vt 0.2449 0.1948
vt 0.2748 0.1806
vt 0.2467 0.1791
vt 0.2748 0.1636
vt 0.2470 0.1610
vt 0.2739 0.1460
vt 0.2474 0.1429
vt 0.2716 0.1282
vt 0.2429 0.1259
vt 0.2686 0.1105
vt 0.2385 0.1089
vt 0.2653 0.0935
vt 0.2358 0.0929
vt 0.2618 0.0771
vt 0.2331 0.0768
vt 0.2581 0.0608
vt 0.2286 0.0618
vt 0.4513 0.7694
vt 0.4475 0.7878
vt 0.4355 0.7686
vt 0.4314 0.7869
vt 0.4435 0.8071
vt 0.4398 0.8273
vt 0.4274 0.8061
vt 0.4239 0.8262
vt 0.4368 0.8484
vt 0.4342 0.8700
vt 0.4210 0.8474
vt 0.4185 0.8692
vt 0.4317 0.8913
vt 0.4291 0.9121
vt 0.4158 0.8910
vt 0.4130 0.9121
vt 0.4264 0.9321
vt 0.4099 0.9322
vt 0.3811 0.2034
vt 0.3794 0.1882
vt 0.3783 0.1720
vt 0.3772 0.1544
vt 0.3757 0.1355
vt 0.3742 0.1162
vt 0.3735 0.0980
vt 0.3728 0.0808
vt 0.3711 0.0642
vt 0.4141 0.7674
vt 0.4103 0.7856
vt 0.4066 0.8047
vt 0.4035 0.8248
vt 0.4009 0.8461
vt 0.3984 0.8683
vt 0.3955 0.8907
vt 0.3924 0.9123
vt 0.3892 0.9323
vt 0.9907 0.6889
vt 0.9880 0.6972
vt 0.9970 0.6910
vt 0.9943 0.6992
vt 0.9930 0.6818
vt 0.9993 0.6839
vt 0.9916 0.7077
vt 0.9853 0.7056
vt 0.9826 0.7138
vt 0.9889 0.7159
vt 0.9864 0.7237
vt 0.9801 0.7217
vt 0.9775 0.7295
vt 0.9838 0.7316
vt 0.9812 0.7398
vt 0.9748 0.7377
vt 0.9721 0.7462
vt 0.9784 0.7483
vt 0.9756 0.7571
vt 0.9692 0.7550
vt 0.9663 0.7641
vt 0.9726 0.7661
vt 0.9696 0.7754
vt 0.9633 0.7734
vt 0.9602 0.7829
vt 0.9665 0.7850
vt 0.9637 0.7935
vt 0.9574 0.7914
vt 0.9546 0.8000
vt 0.9610 0.8021
vt 0.9581 0.8108
vt 0.9518 0.8087
vt 0.9493 0.8166
vt 0.9556 0.8186
vt 0.9519 0.8299
vt 0.9504 0.8345
vt 0.9441 0.8325
vt 0.9456 0.8278
vt 0.9536 0.8248
vt 0.9473 0.8228
vt 0.5065 0.3734
vt 0.5053 0.3812
vt 0.5044 0.3874
vt 0.1131 0.6254
vt 0.0926 0.6404
vt 0.0858 0.6142
vt 0.0751 0.6297
vt 0.1334 0.6121
vt 0.1015 0.6017
vt 0.2534 0.4259
vt 0.2552 0.4375
vt 0.2162 0.4236
vt 0.2184 0.4350
vt 0.2500 0.4145
vt 0.2123 0.4124
vt 0.2042 0.3580
vt 0.2168 0.3691
vt 0.1672 0.3608
vt 0.1786 0.3707
vt 0.1907 0.3462
vt 0.1557 0.3499
vt 0.2044 0.5554
vt 0.1949 0.5701
vt 0.1640 0.5506
vt 0.1548 0.5643
vt 0.2130 0.5396
vt 0.1728 0.5357
vt 0.2457 0.4032
vt 0.2074 0.4015
vt 0.2391 0.3919
vt 0.2004 0.3910
vt 0.2387 0.4980
vt 0.2310 0.5107
vt 0.1999 0.4957
vt 0.1914 0.5080
vt 0.2449 0.4858
vt 0.2067 0.4837
vt 0.2493 0.4735
vt 0.2117 0.4714
vt 0.2524 0.4612
vt 0.2153 0.4590
vt 0.1831 0.5818
vt 0.1688 0.5916
vt 0.1440 0.5751
vt 0.1314 0.5839
vt 0.1759 0.3329
vt 0.1444 0.3371
vt 0.1613 0.3185
vt 0.1383 0.3236
vt 0.2546 0.4492
vt 0.2178 0.4469
vt 0.2290 0.3805
vt 0.1903 0.3807
vt 0.1522 0.6012
vt 0.1171 0.5921
vt 0.2221 0.5245
vt 0.1821 0.5213
vt 0.0496 0.6009
vt 0.0378 0.6147
vt 0.0091 0.5863
vt 0.0005 0.5997
vt 0.0619 0.5889
vt 0.0177 0.5730
vt 0.1664 0.4691
vt 0.1609 0.4812
vt 0.1171 0.4667
vt 0.1121 0.4792
vt 0.1705 0.4567
vt 0.1222 0.4543
vt 0.1731 0.4445
vt 0.1244 0.4422
vt 0.1738 0.4326
vt 0.1266 0.4300
vt 0.1534 0.4925
vt 0.1444 0.5040
vt 0.1029 0.4889
vt 0.0937 0.4986
vt 0.1713 0.4212
vt 0.1224 0.4187
vt 0.1671 0.4101
vt 0.1183 0.4074
vt 0.1347 0.5164
vt 0.1252 0.5295
vt 0.0834 0.5103
vt 0.0731 0.5221
vt 0.1620 0.3997
vt 0.1130 0.3977
vt 0.1551 0.3897
vt 0.1077 0.3880
vt 0.1165 0.5429
vt 0.1077 0.5551
vt 0.0653 0.5337
vt 0.0574 0.5453
vt 0.1451 0.3804
vt 0.0967 0.3797
vt 0.1342 0.3715
vt 0.0857 0.3714
vt 0.0978 0.5647
vt 0.0868 0.5726
vt 0.0481 0.5524
vt 0.0388 0.5594
vt 0.1240 0.3627
vt 0.0777 0.3641
vt 0.1143 0.3528
vt 0.0697 0.3567
vt 0.0746 0.5801
vt 0.0282 0.5662
vt 0.1047 0.3406
vt 0.0613 0.3438
vt 0.0956 0.3273
vt 0.0530 0.3309
vt 0.3743 0.2981
vt 0.3447 0.2924
vt 0.3994 0.3019
vt 0.3070 0.2837
vt 0.2690 0.2741
vt 0.4246 0.3054
vt 0.4501 0.3086
vt 0.2242 0.6940
vt 0.2421 0.6934
vt 0.2074 0.6951
vt 0.3182 0.6927
vt 0.3415 0.6931
vt 0.2934 0.6926
vt 0.2384 0.2656
vt 0.2127 0.2582
vt 0.3652 0.6937
vt 0.3900 0.6945
vt 0.1858 0.6969
vt 0.1609 0.6992
vt 0.4152 0.6954
vt 0.4379 0.6962
vt 0.4554 0.6965
vt 0.4687 0.6965
vt 0.4797 0.6963
vt 0.4894 0.6964
vt 0.4746 0.3110
vt 0.4958 0.3128
vt 0.2665 0.6929
vt 0.5122 0.3144
vt 0.5262 0.3155
vt 0.7209 0.3055
vt 0.6883 0.3092
vt 0.6606 0.3113
vt 0.8030 0.2924
vt 0.7618 0.2994
vt 0.6333 0.3131
vt 0.6063 0.3145
vt 0.7444 0.7139
vt 0.7635 0.7161
vt 0.7812 0.7187
vt 0.6397 0.7051
vt 0.6639 0.7065
vt 0.6901 0.7085
vt 0.8655 0.2803
vt 0.8368 0.2860
vt 0.5910 0.7026
vt 0.6156 0.7038
vt 0.8035 0.7226
vt 0.8289 0.7272
vt 0.5429 0.7003
vt 0.5660 0.7014
vt 0.5100 0.6980
vt 0.5243 0.6992
vt 0.4989 0.6971
vt 0.5809 0.3154
vt 0.5588 0.3157
vt 0.7186 0.7112
vt 0.5410 0.3159
vt 0.3469 0.3407
vt 0.3120 0.3337
vt 0.3803 0.3450
vt 0.2768 0.3213
vt 0.2446 0.3070
vt 0.4115 0.3500
vt 0.4407 0.3550
vt 0.2185 0.6636
vt 0.2372 0.6631
vt 0.2013 0.6648
vt 0.3196 0.6635
vt 0.3422 0.6638
vt 0.2942 0.6632
vt 0.2179 0.2947
vt 0.1944 0.2840
vt 0.3651 0.6642
vt 0.3893 0.6649
vt 0.1779 0.6671
vt 0.1505 0.6699
vt 0.4147 0.6659
vt 0.4381 0.6668
vt 0.4563 0.6670
vt 0.4703 0.6667
vt 0.4820 0.6662
vt 0.4924 0.6662
vt 0.4674 0.3588
vt 0.4901 0.3614
vt 0.2644 0.6630
vt 0.5077 0.3630
vt 0.5225 0.3639
vt 0.7415 0.3474
vt 0.7035 0.3526
vt 0.6686 0.3554
vt 0.8200 0.3266
vt 0.7820 0.3378
vt 0.6361 0.3585
vt 0.6061 0.3614
vt 0.7543 0.6833
vt 0.7742 0.6852
vt 0.7926 0.6883
vt 0.6446 0.6761
vt 0.6681 0.6775
vt 0.6948 0.6792
vt 0.8781 0.3085
vt 0.8511 0.3170
vt 0.5972 0.6734
vt 0.6214 0.6747
vt 0.8170 0.6936
vt 0.8454 0.7001
vt 0.5485 0.6712
vt 0.5720 0.6723
vt 0.5144 0.6684
vt 0.5293 0.6699
vt 0.5026 0.6671
vt 0.5789 0.3633
vt 0.5557 0.3642
vt 0.7258 0.6813
vt 0.5376 0.3643
vt 0.5177 0.2626
vt 0.5013 0.2619
vt 0.5318 0.2632
vt 0.2691 0.7220
vt 0.2924 0.7216
vt 0.2474 0.7228
vt 0.4808 0.2613
vt 0.4575 0.2610
vt 0.4770 0.7280
vt 0.4865 0.7284
vt 0.4663 0.7275
vt 0.4535 0.7270
vt 0.4369 0.7264
vt 0.4158 0.7255
vt 0.3918 0.7246
vt 0.1872 0.7277
vt 0.2080 0.7258
vt 0.1657 0.7299
vt 0.3669 0.7235
vt 0.3417 0.7226
vt 0.2593 0.2374
vt 0.2300 0.2310
vt 0.2903 0.2439
vt 0.3168 0.7219
vt 0.2275 0.7241
vt 0.4333 0.2609
vt 0.4090 0.2605
vt 0.3239 0.2503
vt 0.3563 0.2556
vt 0.3841 0.2589
vt 0.5627 0.2644
vt 0.5459 0.2638
vt 0.6853 0.7373
vt 0.7101 0.7396
vt 0.7333 0.7422
vt 0.6080 0.2664
vt 0.5838 0.2653
vt 0.4959 0.7287
vt 0.5066 0.7292
vt 0.5199 0.7298
vt 0.5370 0.7304
vt 0.5587 0.7312
vt 0.5831 0.7321
vt 0.7748 0.7484
vt 0.7963 0.7520
vt 0.8185 0.7559
vt 0.6082 0.7330
vt 0.6338 0.7341
vt 0.8537 0.2518
vt 0.8209 0.2562
vt 0.7866 0.2605
vt 0.6597 0.7355
vt 0.7543 0.7452
vt 0.6596 0.2686
vt 0.6335 0.2677
vt 0.7503 0.2645
vt 0.7157 0.2674
vt 0.6861 0.2687
f 67/1 700/2 1777/3 701/4
f 700/2 66/5 1049/6 1777/3
f 1777/3 1049/6 228/7 1046/8
f 701/4 1777/3 1046/8 1/9
f 231/10 1015/11 1778/12 1047/13
f 1015/11 229/14 1048/15 1778/12
f 1778/12 1048/15 3/16 605/17
f 1047/13 1778/12 605/17 4/18
f 228/7 1049/6 1779/19 1018/20
f 1049/6 66/5 1540/21 1779/19
f 1779/19 1540/21 46/22 1052/23
f 1018/20 1779/19 1052/23 233/24
f 233/24 1052/23 1780/25 1021/26
f 1052/23 46/22 668/27 1780/25
f 1780/25 668/27 48/28 1053/29
f 1021/26 1780/25 1053/29 234/30
f 20/31 1055/32 1781/33 670/34
f 1055/32 236/35 1024/36 1781/33
f 1781/33 1024/36 234/30 1053/29
f 670/34 1781/33 1053/29 48/28
f 238/37 1027/38 1782/39 1057/40
f 1027/38 236/35 1055/32 1782/39
f 1782/39 1055/32 20/31 626/41
f 1057/40 1782/39 626/41 22/42
f 238/37 1057/40 1783/43 1030/44
f 1057/40 22/42 647/45 1783/43
f 1783/43 647/45 36/46 1059/47
f 1030/44 1783/43 1059/47 240/48
f 242/49 1033/50 1784/51 1061/52
f 1033/50 240/48 1059/47 1784/51
f 1784/51 1059/47 36/46 682/53
f 1061/52 1784/51 682/53 56/54
f 244/55 1036/56 1785/57 1063/58
f 1036/56 242/49 1061/52 1785/57
f 1785/57 1061/52 56/54 683/59
f 1063/58 1785/57 683/59 57/60
f 247/61 1040/62 1786/63 1067/64
f 1040/62 249/65 1065/66 1786/63
f 1786/63 1065/66 58/67 685/68
f 1067/64 1786/63 685/68 59/69
f 249/65 1043/70 1787/71 1065/66
f 1043/70 244/55 1063/58 1787/71
f 1787/71 1063/58 57/60 684/72
f 1065/66 1787/71 684/72 58/67
f 15/73 615/74 1788/75 618/76
f 615/74 14/77 617/78 1788/75
f 1788/75 617/78 16/79 616/80
f 618/76 1788/75 616/80 17/81
f 14/77 615/74 1789/82 620/83
f 615/74 15/73 621/84 1789/82
f 1789/82 621/84 19/85 619/86
f 620/83 1789/82 619/86 18/87
f 23/88 627/89 1790/90 623/91
f 627/89 21/92 622/93 1790/90
f 1790/90 622/93 15/73 618/76
f 623/91 1790/90 618/76 17/81
f 8/94 1056/95 1791/96 610/97
f 1056/95 239/98 1032/99 1791/96
f 1791/96 1032/99 241/100 1058/101
f 610/97 1791/96 1058/101 9/102
f 22/42 626/41 1792/103 625/104
f 626/41 20/31 624/105 1792/103
f 1792/103 624/105 21/92 627/89
f 625/104 1792/103 627/89 23/88
f 18/87 619/86 1793/106 629/107
f 619/86 19/85 630/108 1793/106
f 1793/106 630/108 25/109 628/110
f 629/107 1793/106 628/110 24/111
f 24/111 628/110 1794/112 632/113
f 628/110 25/109 633/114 1794/112
f 1794/112 633/114 27/115 631/116
f 632/113 1794/112 631/116 26/117
f 26/117 631/116 1795/118 635/119
f 631/116 27/115 636/120 1795/118
f 1795/118 636/120 29/121 634/122
f 635/119 1795/118 634/122 28/123
f 28/123 634/122 1796/124 638/125
f 634/122 29/121 639/126 1796/124
f 1796/124 639/126 31/127 637/128
f 638/125 1796/124 637/128 30/129
f 30/130 637/131 1797/132 641/133
f 637/131 31/134 642/135 1797/132
f 1797/132 642/135 33/136 640/137
f 641/133 1797/132 640/137 32/138
f 17/81 616/80 1798/139 644/140
f 616/80 16/79 645/141 1798/139
f 1798/139 645/141 34/142 643/143
f 644/140 1798/139 643/143 35/144
f 22/42 625/104 1799/145 647/45
f 625/104 23/88 648/146 1799/145
f 1799/145 648/146 37/147 646/148
f 647/45 1799/145 646/148 36/46
f 9/102 1058/101 1800/149 611/150
f 1058/101 241/100 1035/151 1800/149
f 1800/149 1035/151 243/152 1060/153
f 611/150 1800/149 1060/153 10/154
f 23/88 623/91 1801/155 648/146
f 623/91 17/81 644/140 1801/155
f 1801/155 644/140 35/144 649/156
f 648/146 1801/155 649/156 37/147
f 35/144 643/143 1802/157 651/158
f 643/143 34/142 652/159 1802/157
f 1802/157 652/159 38/160 650/161
f 651/158 1802/157 650/161 39/162
f 39/162 650/161 1803/163 654/164
f 650/161 38/160 655/165 1803/163
f 1803/163 655/165 40/166 653/167
f 654/164 1803/163 653/167 41/168
f 41/168 653/167 1804/169 657/170
f 653/167 40/166 658/171 1804/169
f 1804/169 658/171 42/172 656/173
f 657/170 1804/169 656/173 43/174
f 45/175 663/176 1805/177 660/178
f 663/176 44/179 659/180 1805/177
f 1805/177 659/180 43/174 656/173
f 660/178 1805/177 656/173 42/172
f 32/138 640/137 1806/181 662/182
f 640/137 33/136 661/183 1806/181
f 1806/181 661/183 44/179 663/176
f 662/182 1806/181 663/176 45/175
f 47/184 664/185 1807/186 669/187
f 664/185 25/109 630/108 1807/186
f 1807/186 630/108 19/85 665/188
f 669/187 1807/186 665/188 49/189
f 6/190 1051/191 1808/192 608/193
f 1051/191 235/194 1026/195 1808/192
f 1808/192 1026/195 237/196 1054/197
f 608/193 1808/192 1054/197 7/198
f 46/22 666/199 1809/200 668/27
f 666/199 47/184 669/187 1809/200
f 1809/200 669/187 49/189 667/201
f 668/27 1809/200 667/201 48/28
f 7/198 1054/197 1810/202 609/203
f 1054/197 237/196 1029/204 1810/202
f 1810/202 1029/204 239/98 1056/95
f 609/203 1810/202 1056/95 8/94
f 21/92 624/105 1811/205 671/206
f 624/105 20/31 670/34 1811/205
f 1811/205 670/34 48/28 667/201
f 671/206 1811/205 667/201 49/189
f 15/73 622/93 1812/207 621/84
f 622/93 21/92 671/206 1812/207
f 1812/207 671/206 49/189 665/188
f 621/84 1812/207 665/188 19/85
f 39/162 654/164 1813/208 673/209
f 654/164 41/168 674/210 1813/208
f 1813/208 674/210 51/211 672/212
f 673/209 1813/208 672/212 50/213
f 50/213 672/212 1814/214 676/215
f 672/212 51/211 677/216 1814/214
f 1814/214 677/216 53/217 675/218
f 676/215 1814/214 675/218 52/219
f 52/219 675/218 1815/220 679/221
f 675/218 53/217 680/222 1815/220
f 1815/220 680/222 55/223 678/224
f 679/221 1815/220 678/224 54/225
f 37/147 649/156 1816/226 681/227
f 649/156 35/144 651/158 1816/226
f 1816/226 651/158 39/162 673/209
f 681/227 1816/226 673/209 50/213
f 10/154 1060/153 1817/228 612/229
f 1060/153 243/152 1038/230 1817/228
f 1817/228 1038/230 245/231 1062/232
f 612/229 1817/228 1062/232 11/233
f 11/233 1062/232 1818/234 613/235
f 1062/232 245/231 1044/236 1818/234
f 1818/234 1044/236 248/237 1064/238
f 613/235 1818/234 1064/238 13/239
f 13/239 1064/238 1819/240 614/241
f 1064/238 248/237 1042/242 1819/240
f 1819/240 1042/242 246/243 1066/244
f 614/241 1819/240 1066/244 12/245
f 37/147 681/227 1820/246 646/148
f 681/227 50/213 676/215 1820/246
f 1820/246 676/215 52/219 686/247
f 646/148 1820/246 686/247 36/46
f 54/225 687/248 1821/249 679/221
f 687/248 56/54 682/53 1821/249
f 1821/249 682/53 36/46 686/247
f 679/221 1821/249 686/247 52/219
f 54/225 678/224 1822/250 690/251
f 678/224 55/223 689/252 1822/250
f 1822/250 689/252 61/253 688/254
f 690/251 1822/250 688/254 60/255
f 60/255 688/254 1823/256 693/257
f 688/254 61/253 692/258 1823/256
f 1823/256 692/258 63/259 691/260
f 693/257 1823/256 691/260 62/261
f 62/261 691/260 1824/262 696/263
f 691/260 63/259 695/264 1824/262
f 1824/262 695/264 65/265 694/266
f 696/263 1824/262 694/266 64/267
f 57/60 683/59 1825/268 697/269
f 683/59 56/54 687/248 1825/268
f 1825/268 687/248 54/225 690/251
f 697/269 1825/268 690/251 60/255
f 58/67 684/72 1826/270 698/271
f 684/72 57/60 697/269 1826/270
f 1826/270 697/269 60/255 693/257
f 698/271 1826/270 693/257 62/261
f 59/69 685/68 1827/272 699/273
f 685/68 58/67 698/271 1827/272
f 1827/272 698/271 62/261 696/263
f 699/273 1827/272 696/263 64/267
f 5/274 1050/275 1828/276 607/277
f 1050/275 232/278 1023/279 1828/276
f 1828/276 1023/279 235/194 1051/191
f 607/277 1828/276 1051/191 6/190
f 3/16 1048/15 1829/280 606/281
f 1048/15 229/14 1020/282 1829/280
f 1829/280 1020/282 232/278 1050/275
f 606/281 1829/280 1050/275 5/274
f 66/5 700/2 1830/283 704/284
f 700/2 67/1 703/285 1830/283
f 1830/283 703/285 69/286 702/287
f 704/284 1830/283 702/287 68/288
f 66/5 704/284 1831/289 1540/21
f 704/284 68/288 705/290 1831/289
f 1831/289 705/290 47/184 666/199
f 1540/21 1831/289 666/199 46/22
f 27/115 633/114 1832/291 706/292
f 633/114 25/109 664/185 1832/291
f 1832/291 664/185 47/184 705/290
f 706/292 1832/291 705/290 68/288
f 69/286 708/293 1833/294 702/287
f 708/293 70/295 707/296 1833/294
f 1833/294 707/296 27/115 706/292
f 702/287 1833/294 706/292 68/288
f 43/174 659/180 1834/297 711/298
f 659/180 44/179 710/299 1834/297
f 1834/297 710/299 72/300 709/301
f 711/298 1834/297 709/301 71/302
f 71/302 709/301 1835/303 714/304
f 709/301 72/300 713/305 1835/303
f 1835/303 713/305 74/306 712/307
f 714/304 1835/303 712/307 73/308
f 73/308 712/307 1836/309 717/310
f 712/307 74/306 716/311 1836/309
f 1836/309 716/311 76/312 715/313
f 717/310 1836/309 715/313 75/314
f 75/314 715/313 1837/315 720/316
f 715/313 76/312 719/317 1837/315
f 1837/315 719/317 78/318 718/319
f 720/316 1837/315 718/319 77/320
f 77/320 718/319 1838/321 723/322
f 718/319 78/318 722/323 1838/321
f 1838/321 722/323 80/324 721/325
f 723/322 1838/321 721/325 79/326
f 79/326 721/325 1839/327 726/328
f 721/325 80/324 725/329 1839/327
f 1839/327 725/329 82/330 724/331
f 726/328 1839/327 724/331 81/332
f 51/211 674/210 1840/333 727/334
f 674/210 41/168 657/170 1840/333
f 1840/333 657/170 43/174 711/298
f 727/334 1840/333 711/298 71/302
f 53/217 677/216 1841/335 728/336
f 677/216 51/211 727/334 1841/335
f 1841/335 727/334 71/302 714/304
f 728/336 1841/335 714/304 73/308
f 55/223 680/222 1842/337 729/338
f 680/222 53/217 728/336 1842/337
f 1842/337 728/336 73/308 717/310
f 729/338 1842/337 717/310 75/314
f 61/253 689/252 1843/339 730/340
f 689/252 55/223 729/338 1843/339
f 1843/339 729/338 75/314 720/316
f 730/340 1843/339 720/316 77/320
f 63/259 692/258 1844/341 731/342
f 692/258 61/253 730/340 1844/341
f 1844/341 730/340 77/320 723/322
f 731/342 1844/341 723/322 79/326
f 65/265 695/264 1845/343 732/344
f 695/264 63/259 731/342 1845/343
f 1845/343 731/342 79/326 726/328
f 732/344 1845/343 726/328 81/332
f 33/136 642/135 1846/345 736/346
f 642/135 31/134 735/347 1846/345
f 1846/345 735/347 84/348 734/349
f 736/346 1846/345 734/349 85/350
f 31/127 639/126 1847/351 735/352
f 639/126 29/121 737/353 1847/351
f 1847/351 737/353 83/354 733/355
f 735/352 1847/351 733/355 84/356
f 29/121 636/120 1848/357 737/353
f 636/120 27/115 707/296 1848/357
f 1848/357 707/296 70/295 738/358
f 737/353 1848/357 738/358 83/354
f 74/306 713/305 1849/359 746/360
f 713/305 72/300 745/361 1849/359
f 1849/359 745/361 87/362 740/363
f 746/360 1849/359 740/363 88/364
f 80/324 722/323 1850/365 748/366
f 722/323 78/318 747/367 1850/365
f 1850/365 747/367 90/368 743/369
f 748/366 1850/365 743/369 91/370
f 78/318 719/317 1851/371 747/367
f 719/317 76/312 749/372 1851/371
f 1851/371 749/372 89/373 742/374
f 747/367 1851/371 742/374 90/368
f 76/312 716/311 1852/375 749/372
f 716/311 74/306 746/360 1852/375
f 1852/375 746/360 88/364 741/376
f 749/372 1852/375 741/376 89/373
f 82/330 725/329 1853/377 750/378
f 725/329 80/324 748/366 1853/377
f 1853/377 748/366 91/370 744/379
f 750/378 1853/377 744/379 92/380
f 44/179 661/183 1854/381 751/382
f 661/183 33/136 736/346 1854/381
f 1854/381 736/346 85/350 739/383
f 751/382 1854/381 739/383 86/384
f 44/179 751/382 1855/385 710/299
f 751/382 86/384 752/386 1855/385
f 1855/385 752/386 87/362 745/361
f 710/299 1855/385 745/361 72/300
f 586/387 1776/388 1856/389 1736/390
f 1776/388 580/391 768/392 1856/389
f 1856/389 768/392 96/393 756/394
f 1736/390 1856/389 756/394 97/395
f 587/396 1775/397 1857/398 1737/399
f 1775/397 586/387 1736/390 1857/398
f 1857/398 1736/390 97/395 759/400
f 1737/399 1857/398 759/400 98/401
f 580/391 1774/402 1858/403 768/392
f 1774/402 582/404 770/405 1858/403
f 1858/403 770/405 95/406 755/407
f 768/392 1858/403 755/407 96/393
f 588/408 1773/409 1859/410 1739/411
f 1773/409 579/412 772/413 1859/410
f 1859/410 772/413 100/414 760/415
f 1739/411 1859/410 760/415 101/416
f 581/417 1772/418 1860/419 1730/420
f 1772/418 583/421 774/422 1860/419
f 1860/419 774/422 102/423 761/424
f 1730/420 1860/419 761/424 103/425
f 589/426 1771/427 1861/428 1741/429
f 1771/427 587/396 1737/399 1861/428
f 1861/428 1737/399 98/401 757/430
f 1741/429 1861/428 757/430 99/431
f 576/432 1770/433 1862/434 1724/435
f 1770/433 581/417 1730/420 1862/434
f 1862/434 1730/420 103/425 762/436
f 1724/435 1862/434 762/436 104/437
f 579/412 1769/438 1863/439 772/413
f 1769/438 589/440 1741/441 1863/439
f 1863/439 1741/441 99/442 758/443
f 772/413 1863/439 758/443 100/414
f 590/444 1768/445 1864/446 1742/447
f 1768/445 576/432 1724/435 1864/446
f 1864/446 1724/435 104/437 763/448
f 1742/447 1864/446 763/448 105/449
f 591/450 1767/451 1865/452 1743/453
f 1767/451 590/444 1742/447 1865/452
f 1865/452 1742/447 105/449 764/454
f 1743/453 1865/452 764/454 106/455
f 592/456 1766/457 1866/458 1744/459
f 1766/457 591/450 1743/453 1866/458
f 1866/458 1743/453 106/455 765/460
f 1744/459 1866/458 765/460 107/461
f 582/404 1765/462 1867/463 770/405
f 1765/462 584/464 780/465 1867/463
f 1867/463 780/465 93/466 754/467
f 770/405 1867/463 754/467 95/406
f 583/421 1764/468 1868/469 774/422
f 1764/468 588/408 1739/411 1868/469
f 1868/469 1739/411 101/416 766/470
f 774/422 1868/469 766/470 102/423
f 584/464 1763/471 1869/472 780/465
f 1763/471 585/473 781/474 1869/472
f 1869/472 781/474 94/475 753/476
f 780/465 1869/472 753/476 93/466
f 561/477 1720/478 1870/479 808/480
f 1720/478 564/481 810/482 1870/479
f 1870/479 810/482 136/483 812/484
f 808/480 1870/479 812/484 134/485
f 537/486 1664/487 1871/488 809/489
f 1664/487 538/490 811/491 1871/488
f 1871/488 811/491 137/492 813/493
f 809/489 1871/488 813/493 135/494
f 563/495 1719/496 1872/497 796/498
f 1719/496 542/499 1671/500 1872/497
f 1872/497 1671/500 117/501 814/502
f 796/498 1872/497 814/502 122/503
f 532/504 1663/505 1873/506 797/507
f 1663/505 522/508 1611/509 1873/506
f 1873/506 1611/509 116/510 815/511
f 797/507 1873/506 815/511 123/512
f 560/513 1718/514 1874/515 788/516
f 1718/514 561/477 808/480 1874/515
f 1874/515 808/480 134/485 816/517
f 788/516 1874/515 816/517 114/518
f 527/519 1662/520 1875/521 789/522
f 1662/520 537/486 809/489 1875/521
f 1875/521 809/489 135/494 817/523
f 789/522 1875/521 817/523 115/524
f 558/525 1717/526 1876/527 1682/528
f 1717/526 557/529 1681/530 1876/527
f 1876/527 1681/530 131/531 818/532
f 1682/528 1876/527 818/532 133/533
f 536/534 1661/535 1877/536 1630/537
f 1661/535 535/538 1629/539 1877/536
f 1877/536 1629/539 130/540 819/541
f 1630/537 1877/536 819/541 132/542
f 557/529 1716/543 1878/544 1681/530
f 1716/543 556/545 1680/546 1878/544
f 1878/544 1680/546 129/547 820/548
f 1681/530 1878/544 820/548 131/531
f 535/538 1660/549 1879/550 1629/539
f 1660/549 534/551 1628/552 1879/550
f 1879/550 1628/552 128/553 821/554
f 1629/539 1879/550 821/554 130/540
f 556/545 1715/555 1880/556 1680/546
f 1715/555 555/557 1679/558 1880/556
f 1880/556 1679/558 127/559 822/560
f 1680/546 1880/556 822/560 129/547
f 534/551 1659/561 1881/562 1628/552
f 1659/561 531/563 1624/564 1881/562
f 1881/562 1624/564 126/565 823/566
f 1628/552 1881/562 823/566 128/553
f 562/567 1714/568 1882/569 792/570
f 1714/568 554/571 1678/572 1882/569
f 1882/569 1678/572 125/573 824/574
f 792/570 1882/569 824/574 118/575
f 529/576 1658/577 1883/578 793/579
f 1658/577 533/580 1627/581 1883/578
f 1883/578 1627/581 124/582 825/583
f 793/579 1883/578 825/583 119/584
f 555/557 1713/585 1884/586 1679/558
f 1713/585 553/587 1676/588 1884/586
f 1884/586 1676/588 121/589 826/590
f 1679/558 1884/586 826/590 127/559
f 531/563 1657/591 1885/592 1624/564
f 1657/591 521/593 1614/594 1885/592
f 1885/592 1614/594 120/595 827/596
f 1624/564 1885/592 827/596 126/565
f 554/597 1712/598 1886/599 1678/600
f 1712/598 552/601 1675/602 1886/599
f 1886/599 1675/602 113/603 828/604
f 1678/600 1886/599 828/604 125/605
f 533/606 1656/607 1887/608 1627/609
f 1656/607 526/610 1620/611 1887/608
f 1887/608 1620/611 112/612 829/613
f 1627/609 1887/608 829/613 124/614
f 553/587 1711/615 1888/616 1676/588
f 1711/615 563/495 796/498 1888/616
f 1888/616 796/498 122/503 830/617
f 1676/588 1888/616 830/617 121/589
f 521/593 1655/618 1889/619 1614/594
f 1655/618 532/504 797/507 1889/619
f 1889/619 797/507 123/512 831/620
f 1614/594 1889/619 831/620 120/595
f 542/499 1710/621 1890/622 1671/500
f 1710/621 562/567 792/570 1890/622
f 1890/622 792/570 118/575 832/623
f 1671/500 1890/622 832/623 117/501
f 522/508 1654/624 1891/625 1611/509
f 1654/624 529/576 793/579 1891/625
f 1891/625 793/579 119/584 833/626
f 1611/509 1891/625 833/626 116/510
f 559/627 1709/628 1892/629 784/630
f 1709/628 560/513 788/516 1892/629
f 1892/629 788/516 114/518 834/631
f 784/630 1892/629 834/631 110/632
f 525/633 1653/634 1893/635 785/636
f 1653/634 527/519 789/522 1893/635
f 1893/635 789/522 115/524 835/637
f 785/636 1893/635 835/637 111/638
f 552/601 1708/639 1894/640 1675/602
f 1708/639 544/641 1673/642 1894/640
f 1894/640 1673/642 109/643 836/644
f 1675/602 1894/640 836/644 113/603
f 526/610 1652/645 1895/646 1620/611
f 1652/645 523/647 1617/648 1895/646
f 1895/646 1617/648 108/649 837/650
f 1620/611 1895/646 837/650 112/612
f 544/641 1707/651 1896/652 1673/642
f 1707/651 559/627 784/630 1896/652
f 1896/652 784/630 110/632 838/653
f 1673/642 1896/652 838/653 109/643
f 523/647 1651/654 1897/655 1617/648
f 1651/654 525/633 785/636 1897/655
f 1897/655 785/636 111/638 839/656
f 1617/648 1897/655 839/656 108/649
f 158/657 1013/658 1898/659 874/660
f 1013/658 157/661 854/662 1898/659
f 1898/659 854/662 149/663 850/664
f 874/660 1898/659 850/664 150/665
f 168/666 1008/667 1899/668 884/669
f 1008/667 167/670 856/671 1899/668
f 1899/668 856/671 141/672 843/673
f 884/669 1899/668 843/673 142/674
f 173/675 1003/676 1900/677 889/678
f 1003/676 158/657 874/660 1900/677
f 1900/677 874/660 150/665 851/679
f 889/678 1900/677 851/679 151/680
f 183/681 998/682 1901/683 899/684
f 998/682 182/685 859/686 1901/683
f 1901/683 859/686 143/687 844/688
f 899/684 1901/683 844/688 144/689
f 188/690 993/691 1902/692 904/693
f 993/691 173/675 889/678 1902/692
f 1902/692 889/678 151/680 852/694
f 904/693 1902/692 852/694 152/695
f 193/696 988/697 1903/698 909/699
f 988/697 183/700 899/701 1903/698
f 1903/698 899/701 144/702 845/703
f 909/699 1903/698 845/703 145/704
f 203/705 983/706 1904/707 919/708
f 983/706 202/709 863/710 1904/707
f 1904/707 863/710 146/711 853/712
f 919/708 1904/707 853/712 147/713
f 182/685 978/714 1905/715 859/686
f 978/714 168/666 884/669 1905/715
f 1905/715 884/669 142/674 846/716
f 859/686 1905/715 846/716 143/687
f 202/709 973/717 1906/718 863/710
f 973/717 193/696 909/699 1906/718
f 1906/718 909/699 145/704 847/719
f 863/710 1906/718 847/719 146/711
f 213/720 968/721 1907/722 929/723
f 968/721 212/724 865/725 1907/722
f 1907/722 865/725 139/726 840/727
f 929/723 1907/722 840/727 138/728
f 218/729 963/730 1908/731 934/732
f 963/730 203/705 919/708 1908/731
f 1908/731 919/708 147/713 848/733
f 934/732 1908/731 848/733 148/734
f 223/735 958/736 1909/737 939/738
f 958/736 213/720 929/723 1909/737
f 1909/737 929/723 138/728 841/739
f 939/738 1909/737 841/739 140/740
f 157/661 953/741 1910/742 854/662
f 953/741 218/729 934/732 1910/742
f 1910/742 934/732 148/734 849/743
f 854/662 1910/742 849/743 149/663
f 167/670 948/744 1911/745 856/671
f 948/744 223/735 939/738 1911/745
f 1911/745 939/738 140/740 842/746
f 856/671 1911/745 842/746 141/672
f 96/393 755/407 1912/747 879/748
f 755/407 95/406 868/749 1912/747
f 1912/747 868/749 227/750 944/751
f 879/748 1912/747 944/751 163/752
f 163/752 944/751 1913/753 880/754
f 944/751 227/750 943/755 1913/753
f 1913/753 943/755 226/756 945/757
f 880/754 1913/753 945/757 164/758
f 164/758 945/757 1914/759 881/760
f 945/757 226/756 942/761 1914/759
f 1914/759 942/761 225/762 946/763
f 881/760 1914/759 946/763 165/764
f 165/764 946/763 1915/765 882/766
f 946/763 225/762 941/767 1915/765
f 1915/765 941/767 224/768 947/769
f 882/766 1915/765 947/769 166/770
f 166/770 947/769 1916/771 883/772
f 947/769 224/768 940/773 1916/771
f 1916/771 940/773 223/735 948/744
f 883/772 1916/771 948/744 167/670
f 104/437 762/436 1917/774 869/775
f 762/436 103/425 867/776 1917/774
f 1917/774 867/776 222/777 949/778
f 869/775 1917/774 949/778 153/779
f 153/779 949/778 1918/780 870/781
f 949/778 222/777 938/782 1918/780
f 1918/780 938/782 221/783 950/784
f 870/781 1918/780 950/784 154/785
f 154/785 950/784 1919/786 871/787
f 950/784 221/783 937/788 1919/786
f 1919/786 937/788 220/789 951/790
f 871/787 1919/786 951/790 155/791
f 155/791 951/790 1920/792 872/793
f 951/790 220/789 936/794 1920/792
f 1920/792 936/794 219/795 952/796
f 872/793 1920/792 952/796 156/797
f 156/797 952/796 1921/798 873/799
f 952/796 219/795 935/800 1921/798
f 1921/798 935/800 218/729 953/741
f 873/799 1921/798 953/741 157/661
f 95/406 754/467 1922/801 868/749
f 754/467 93/466 866/802 1922/801
f 1922/801 866/802 217/803 954/804
f 868/749 1922/801 954/804 227/750
f 227/750 954/804 1923/805 943/755
f 954/804 217/803 933/806 1923/805
f 1923/805 933/806 216/807 955/808
f 943/755 1923/805 955/808 226/756
f 226/756 955/808 1924/809 942/761
f 955/808 216/807 932/810 1924/809
f 1924/809 932/810 215/811 956/812
f 942/761 1924/809 956/812 225/762
f 225/762 956/812 1925/813 941/767
f 956/812 215/811 931/814 1925/813
f 1925/813 931/814 214/815 957/816
f 941/767 1925/813 957/816 224/768
f 224/768 957/816 1926/817 940/773
f 957/816 214/815 930/818 1926/817
f 1926/817 930/818 213/720 958/736
f 940/773 1926/817 958/736 223/735
f 103/425 761/424 1927/819 867/776
f 761/424 102/423 864/820 1927/819
f 1927/819 864/820 207/821 959/822
f 867/776 1927/819 959/822 222/777
f 222/777 959/822 1928/823 938/782
f 959/822 207/821 923/824 1928/823
f 1928/823 923/824 206/825 960/826
f 938/782 1928/823 960/826 221/783
f 221/783 960/826 1929/827 937/788
f 960/826 206/825 922/828 1929/827
f 1929/827 922/828 205/829 961/830
f 937/788 1929/827 961/830 220/789
f 220/789 961/830 1930/831 936/794
f 961/830 205/829 921/832 1930/831
f 1930/831 921/832 204/833 962/834
f 936/794 1930/831 962/834 219/795
f 219/795 962/834 1931/835 935/800
f 962/834 204/833 920/836 1931/835
f 1931/835 920/836 203/705 963/730
f 935/800 1931/835 963/730 218/729
f 93/466 753/476 1932/837 866/802
f 753/476 94/475 924/838 1932/837
f 1932/837 924/838 208/839 964/840
f 866/802 1932/837 964/840 217/803
f 217/803 964/840 1933/841 933/806
f 964/840 208/839 925/842 1933/841
f 1933/841 925/842 209/843 965/844
f 933/806 1933/841 965/844 216/807
f 216/807 965/844 1934/845 932/810
f 965/844 209/843 926/846 1934/845
f 1934/845 926/846 210/847 966/848
f 932/810 1934/845 966/848 215/811
f 215/811 966/848 1935/849 931/814
f 966/848 210/847 927/850 1935/849
f 1935/849 927/850 211/851 967/852
f 931/814 1935/849 967/852 214/815
f 214/815 967/852 1936/853 930/818
f 967/852 211/851 928/854 1936/853
f 1936/853 928/854 212/724 968/721
f 930/818 1936/853 968/721 213/720
f 101/416 760/415 1937/855 914/856
f 760/415 100/414 862/857 1937/855
f 1937/855 862/857 197/858 969/859
f 914/856 1937/855 969/859 198/860
f 198/860 969/859 1938/861 915/862
f 969/859 197/858 913/863 1938/861
f 1938/861 913/863 196/864 970/865
f 915/862 1938/861 970/865 199/866
f 199/866 970/865 1939/867 916/868
f 970/865 196/864 912/869 1939/867
f 1939/867 912/869 195/870 971/871
f 916/868 1939/867 971/871 200/872
f 200/872 971/871 1940/873 917/874
f 971/871 195/870 911/875 1940/873
f 1940/873 911/875 194/876 972/877
f 917/874 1940/873 972/877 201/878
f 201/878 972/877 1941/879 918/880
f 972/877 194/876 910/881 1941/879
f 1941/879 910/881 193/696 973/717
f 918/880 1941/879 973/717 202/709
f 98/401 759/400 1942/882 894/883
f 759/400 97/395 857/884 1942/882
f 1942/882 857/884 172/885 974/886
f 894/883 1942/882 974/886 178/887
f 178/887 974/886 1943/888 895/889
f 974/886 172/885 888/890 1943/888
f 1943/888 888/890 171/891 975/892
f 895/889 1943/888 975/892 179/893
f 179/893 975/892 1944/894 896/895
f 975/892 171/891 887/896 1944/894
f 1944/894 887/896 170/897 976/898
f 896/895 1944/894 976/898 180/899
f 180/899 976/898 1945/900 897/901
f 976/898 170/897 886/902 1945/900
f 1945/900 886/902 169/903 977/904
f 897/901 1945/900 977/904 181/905
f 181/905 977/904 1946/906 898/907
f 977/904 169/903 885/908 1946/906
f 1946/906 885/908 168/666 978/714
f 898/907 1946/906 978/714 182/685
f 102/423 766/470 1947/909 864/820
f 766/470 101/416 914/856 1947/909
f 1947/909 914/856 198/860 979/910
f 864/820 1947/909 979/910 207/821
f 207/821 979/910 1948/911 923/824
f 979/910 198/860 915/862 1948/911
f 1948/911 915/862 199/866 980/912
f 923/824 1948/911 980/912 206/825
f 206/825 980/912 1949/913 922/828
f 980/912 199/866 916/868 1949/913
f 1949/913 916/868 200/872 981/914
f 922/828 1949/913 981/914 205/829
f 205/829 981/914 1950/915 921/832
f 981/914 200/872 917/874 1950/915
f 1950/915 917/874 201/878 982/916
f 921/832 1950/915 982/916 204/833
f 204/833 982/916 1951/917 920/836
f 982/916 201/878 918/880 1951/917
f 1951/917 918/880 202/709 983/706
f 920/836 1951/917 983/706 203/705
f 100/414 758/443 1952/918 862/857
f 758/443 99/442 860/919 1952/918
f 1952/918 860/919 187/920 984/921
f 862/857 1952/918 984/921 197/858
f 197/858 984/921 1953/922 913/863
f 984/921 187/920 903/923 1953/922
f 1953/922 903/923 186/924 985/925
f 913/863 1953/922 985/925 196/864
f 196/864 985/925 1954/926 912/869
f 985/925 186/924 902/927 1954/926
f 1954/926 902/927 185/928 986/929
f 912/869 1954/926 986/929 195/870
f 195/870 986/929 1955/930 911/875
f 986/929 185/928 901/931 1955/930
f 1955/930 901/931 184/932 987/933
f 911/875 1955/930 987/933 194/876
f 194/876 987/933 1956/934 910/881
f 987/933 184/932 900/935 1956/934
f 1956/934 900/935 183/700 988/697
f 910/881 1956/934 988/697 193/696
f 107/461 765/460 1957/936 861/937
f 765/460 106/455 858/938 1957/936
f 1957/936 858/938 177/939 989/940
f 861/937 1957/936 989/940 192/941
f 192/941 989/940 1958/942 908/943
f 989/940 177/939 893/944 1958/942
f 1958/942 893/944 176/945 990/946
f 908/943 1958/942 990/946 191/947
f 191/947 990/946 1959/948 907/949
f 990/946 176/945 892/950 1959/948
f 1959/948 892/950 175/951 991/952
f 907/949 1959/948 991/952 190/953
f 190/953 991/952 1960/954 906/955
f 991/952 175/951 891/956 1960/954
f 1960/954 891/956 174/957 992/958
f 906/955 1960/954 992/958 189/959
f 189/959 992/958 1961/960 905/961
f 992/958 174/957 890/962 1961/960
f 1961/960 890/962 173/675 993/691
f 905/961 1961/960 993/691 188/690
f 99/431 757/430 1962/963 860/964
f 757/430 98/401 894/883 1962/963
f 1962/963 894/883 178/887 994/965
f 860/964 1962/963 994/965 187/966
f 187/966 994/965 1963/967 903/968
f 994/965 178/887 895/889 1963/967
f 1963/967 895/889 179/893 995/969
f 903/968 1963/967 995/969 186/970
f 186/970 995/969 1964/971 902/972
f 995/969 179/893 896/895 1964/971
f 1964/971 896/895 180/899 996/973
f 902/972 1964/971 996/973 185/974
f 185/974 996/973 1965/975 901/976
f 996/973 180/899 897/901 1965/975
f 1965/975 897/901 181/905 997/977
f 901/976 1965/975 997/977 184/978
f 184/978 997/977 1966/979 900/980
f 997/977 181/905 898/907 1966/979
f 1966/979 898/907 182/685 998/682
f 900/980 1966/979 998/682 183/681
f 106/455 764/454 1967/981 858/938
f 764/454 105/449 855/982 1967/981
f 1967/981 855/982 162/983 999/984
f 858/938 1967/981 999/984 177/939
f 177/939 999/984 1968/985 893/944
f 999/984 162/983 878/986 1968/985
f 1968/985 878/986 161/987 1000/988
f 893/944 1968/985 1000/988 176/945
f 176/945 1000/988 1969/989 892/950
f 1000/988 161/987 877/990 1969/989
f 1969/989 877/990 160/991 1001/992
f 892/950 1969/989 1001/992 175/951
f 175/951 1001/992 1970/993 891/956
f 1001/992 160/991 876/994 1970/993
f 1970/993 876/994 159/995 1002/996
f 891/956 1970/993 1002/996 174/957
f 174/957 1002/996 1971/997 890/962
f 1002/996 159/995 875/998 1971/997
f 1971/997 875/998 158/657 1003/676
f 890/962 1971/997 1003/676 173/675
f 97/395 756/394 1972/999 857/884
f 756/394 96/393 879/748 1972/999
f 1972/999 879/748 163/752 1004/1000
f 857/884 1972/999 1004/1000 172/885
f 172/885 1004/1000 1973/1001 888/890
f 1004/1000 163/752 880/754 1973/1001
f 1973/1001 880/754 164/758 1005/1002
f 888/890 1973/1001 1005/1002 171/891
f 171/891 1005/1002 1974/1003 887/896
f 1005/1002 164/758 881/760 1974/1003
f 1974/1003 881/760 165/764 1006/1004
f 887/896 1974/1003 1006/1004 170/897
f 170/897 1006/1004 1975/1005 886/902
f 1006/1004 165/764 882/766 1975/1005
f 1975/1005 882/766 166/770 1007/1006
f 886/902 1975/1005 1007/1006 169/903
f 169/903 1007/1006 1976/1007 885/908
f 1007/1006 166/770 883/772 1976/1007
f 1976/1007 883/772 167/670 1008/667
f 885/908 1976/1007 1008/667 168/666
f 105/449 763/448 1977/1008 855/982
f 763/448 104/437 869/775 1977/1008
f 1977/1008 869/775 153/779 1009/1009
f 855/982 1977/1008 1009/1009 162/983
f 162/983 1009/1009 1978/1010 878/986
f 1009/1009 153/779 870/781 1978/1010
f 1978/1010 870/781 154/785 1010/1011
f 878/986 1978/1010 1010/1011 161/987
f 161/987 1010/1011 1979/1012 877/990
f 1010/1011 154/785 871/787 1979/1012
f 1979/1012 871/787 155/791 1011/1013
f 877/990 1979/1012 1011/1013 160/991
f 160/991 1011/1013 1980/1014 876/994
f 1011/1013 155/791 872/793 1980/1014
f 1980/1014 872/793 156/797 1012/1015
f 876/994 1980/1014 1012/1015 159/995
f 159/995 1012/1015 1981/1016 875/998
f 1012/1015 156/797 873/799 1981/1016
f 1981/1016 873/799 157/661 1013/658
f 875/998 1981/1016 1013/658 158/657
f 229/14 1015/11 1982/1017 1014/1018
f 1015/11 231/10 1016/1019 1982/1017
f 1982/1017 1016/1019 230/1020 1017/1021
f 1014/1018 1982/1017 1017/1021 228/1022
f 228/1022 1018/1023 1983/1024 1014/1018
f 1018/1023 233/1025 1019/1026 1983/1024
f 1983/1024 1019/1026 232/278 1020/282
f 1014/1018 1983/1024 1020/282 229/14
f 233/1025 1021/1027 1984/1028 1019/1026
f 1021/1027 234/1029 1022/1030 1984/1028
f 1984/1028 1022/1030 235/194 1023/279
f 1019/1026 1984/1028 1023/279 232/278
f 234/1029 1024/1031 1985/1032 1022/1030
f 1024/1031 236/1033 1025/1034 1985/1032
f 1985/1032 1025/1034 237/196 1026/195
f 1022/1030 1985/1032 1026/195 235/194
f 236/1033 1027/1035 1986/1036 1025/1034
f 1027/1035 238/1037 1028/1038 1986/1036
f 1986/1036 1028/1038 239/98 1029/204
f 1025/1034 1986/1036 1029/204 237/196
f 238/1037 1030/1039 1987/1040 1028/1038
f 1030/1039 240/1041 1031/1042 1987/1040
f 1987/1040 1031/1042 241/100 1032/99
f 1028/1038 1987/1040 1032/99 239/98
f 240/1041 1033/1043 1988/1044 1031/1042
f 1033/1043 242/1045 1034/1046 1988/1044
f 1988/1044 1034/1046 243/152 1035/151
f 1031/1042 1988/1044 1035/151 241/100
f 242/1045 1036/1047 1989/1048 1034/1046
f 1036/1047 244/1049 1037/1050 1989/1048
f 1989/1048 1037/1050 245/231 1038/230
f 1034/1046 1989/1048 1038/230 243/152
f 249/1051 1040/1052 1990/1053 1039/1054
f 1040/1052 247/1055 1041/1056 1990/1053
f 1990/1053 1041/1056 246/243 1042/242
f 1039/1054 1990/1053 1042/242 248/237
f 244/1049 1043/1057 1991/1058 1037/1050
f 1043/1057 249/1051 1039/1054 1991/1058
f 1991/1058 1039/1054 248/237 1044/236
f 1037/1050 1991/1058 1044/236 245/231
f 2/1059 604/1060 1992/1061 1045/1062
f 604/1060 1/9 1046/8 1992/1061
f 1992/1061 1046/8 228/7 1017/1063
f 1045/1062 1992/1061 1017/1063 230/1064
f 30/130 641/133 1993/1065 1082/1066
f 641/133 32/138 1081/1067 1993/1065
f 1993/1065 1081/1067 257/1068 1074/1069
f 1082/1066 1993/1065 1074/1069 256/1070
f 14/77 620/83 1994/1071 1084/1072
f 620/83 18/87 1083/1073 1994/1071
f 1994/1071 1083/1073 252/1074 1069/1075
f 1084/1072 1994/1071 1069/1075 250/1076
f 26/117 635/119 1995/1077 1086/1078
f 635/119 28/123 1085/1079 1995/1077
f 1995/1077 1085/1079 255/1080 1072/1081
f 1086/1078 1995/1077 1072/1081 254/1082
f 42/172 658/171 1996/1083 1088/1084
f 658/171 40/166 1087/1085 1996/1083
f 1996/1083 1087/1085 260/1086 1078/1087
f 1088/1084 1996/1083 1078/1087 261/1088
f 18/87 629/107 1997/1089 1083/1073
f 629/107 24/111 1089/1090 1997/1089
f 1997/1089 1089/1090 253/1091 1070/1092
f 1083/1073 1997/1089 1070/1092 252/1074
f 38/160 652/159 1998/1093 1091/1094
f 652/159 34/142 1090/1095 1998/1093
f 1998/1093 1090/1095 258/1096 1076/1097
f 1091/1094 1998/1093 1076/1097 259/1098
f 34/142 645/141 1999/1099 1090/1095
f 645/141 16/79 1092/1100 1999/1099
f 1999/1099 1092/1100 251/1101 1075/1102
f 1090/1095 1999/1099 1075/1102 258/1096
f 45/175 660/178 2000/1103 1093/1104
f 660/178 42/172 1088/1084 2000/1103
f 2000/1103 1088/1084 261/1088 1079/1105
f 1093/1104 2000/1103 1079/1105 262/1106
f 28/123 638/125 2001/1107 1085/1079
f 638/125 30/129 1082/1108 2001/1107
f 2001/1107 1082/1108 256/1109 1073/1110
f 1085/1079 2001/1107 1073/1110 255/1080
f 16/79 617/78 2002/1111 1092/1100
f 617/78 14/77 1084/1072 2002/1111
f 2002/1111 1084/1072 250/1076 1068/1112
f 1092/1100 2002/1111 1068/1112 251/1101
f 24/111 632/113 2003/1113 1089/1090
f 632/113 26/117 1086/1078 2003/1113
f 2003/1113 1086/1078 254/1082 1071/1114
f 1089/1090 2003/1113 1071/1114 253/1091
f 32/138 662/182 2004/1115 1081/1067
f 662/182 45/175 1093/1104 2004/1115
f 2004/1115 1093/1104 262/1106 1080/1116
f 1081/1067 2004/1115 1080/1116 257/1068
f 40/166 655/165 2005/1117 1087/1085
f 655/165 38/160 1091/1094 2005/1117
f 2005/1117 1091/1094 259/1098 1077/1118
f 1087/1085 2005/1117 1077/1118 260/1086
f 256/1070 1074/1069 2006/1119 1108/1120
f 1074/1069 257/1068 1107/1121 2006/1119
f 2006/1119 1107/1121 270/1122 1100/1123
f 1108/1120 2006/1119 1100/1123 269/1124
f 258/1096 1075/1102 2007/1125 1110/1126
f 1075/1102 251/1101 1109/1127 2007/1125
f 2007/1125 1109/1127 264/1128 1101/1129
f 1110/1126 2007/1125 1101/1129 271/1130
f 251/1101 1068/1112 2008/1131 1109/1127
f 1068/1112 250/1076 1111/1132 2008/1131
f 2008/1131 1111/1132 263/1133 1094/1134
f 1109/1127 2008/1131 1094/1134 264/1128
f 259/1098 1076/1097 2009/1135 1112/1136
f 1076/1097 258/1096 1110/1126 2009/1135
f 2009/1135 1110/1126 271/1130 1102/1137
f 1112/1136 2009/1135 1102/1137 272/1138
f 250/1076 1069/1075 2010/1139 1111/1132
f 1069/1075 252/1074 1113/1140 2010/1139
f 2010/1139 1113/1140 265/1141 1095/1142
f 1111/1132 2010/1139 1095/1142 263/1133
f 260/1086 1077/1118 2011/1143 1114/1144
f 1077/1118 259/1098 1112/1136 2011/1143
f 2011/1143 1112/1136 272/1138 1103/1145
f 1114/1144 2011/1143 1103/1145 273/1146
f 252/1074 1070/1092 2012/1147 1113/1140
f 1070/1092 253/1091 1115/1148 2012/1147
f 2012/1147 1115/1148 266/1149 1096/1150
f 1113/1140 2012/1147 1096/1150 265/1141
f 261/1088 1078/1087 2013/1151 1116/1152
f 1078/1087 260/1086 1114/1144 2013/1151
f 2013/1151 1114/1144 273/1146 1104/1153
f 1116/1152 2013/1151 1104/1153 274/1154
f 253/1091 1071/1114 2014/1155 1115/1148
f 1071/1114 254/1082 1117/1156 2014/1155
f 2014/1155 1117/1156 267/1157 1097/1158
f 1115/1148 2014/1155 1097/1158 266/1149
f 262/1106 1079/1105 2015/1159 1118/1160
f 1079/1105 261/1088 1116/1152 2015/1159
f 2015/1159 1116/1152 274/1154 1105/1161
f 1118/1160 2015/1159 1105/1161 275/1162
f 254/1082 1072/1081 2016/1163 1117/1156
f 1072/1081 255/1080 1119/1164 2016/1163
f 2016/1163 1119/1164 268/1165 1098/1166
f 1117/1156 2016/1163 1098/1166 267/1157
f 257/1068 1080/1116 2017/1167 1107/1121
f 1080/1116 262/1106 1118/1160 2017/1167
f 2017/1167 1118/1160 275/1162 1106/1168
f 1107/1121 2017/1167 1106/1168 270/1122
f 255/1080 1073/1110 2018/1169 1119/1164
f 1073/1110 256/1109 1108/1170 2018/1169
f 2018/1169 1108/1170 269/1171 1099/1172
f 1119/1164 2018/1169 1099/1172 268/1165
f 336/1173 1215/1174 2019/1175 1214/1176
f 1215/1174 276/1177 1536/1178 2019/1175
f 2019/1175 1536/1178 476/1179 1538/1180
f 1214/1176 2019/1175 1538/1180 335/1181
f 231/1182 1047/1183 2020/1184 1508/1185
f 1047/1183 4/1186 1121/1187 2020/1184
f 2020/1184 1121/1187 277/1188 1537/1189
f 1508/1185 2020/1184 1537/1189 477/1190
f 476/1179 1510/1191 2021/1192 1538/1180
f 1510/1191 479/1193 1542/1194 2021/1192
f 2021/1192 1542/1194 318/1195 1608/1196
f 1538/1180 2021/1192 1608/1196 335/1181
f 479/1193 1513/1197 2022/1198 1542/1194
f 1513/1197 480/1199 1543/1200 2022/1198
f 2022/1198 1543/1200 320/1201 1184/1202
f 1542/1194 2022/1198 1184/1202 318/1195
f 292/1203 1186/1204 2023/1205 1545/1206
f 1186/1204 320/1201 1543/1200 2023/1205
f 2023/1205 1543/1200 480/1199 1516/1207
f 1545/1206 2023/1205 1516/1207 482/1208
f 484/1209 1547/1210 2024/1211 1519/1212
f 1547/1210 294/1213 1142/1214 2024/1211
f 2024/1211 1142/1214 292/1203 1545/1206
f 1519/1212 2024/1211 1545/1206 482/1208
f 484/1209 1522/1215 2025/1216 1547/1210
f 1522/1215 486/1217 1549/1218 2025/1216
f 2025/1216 1549/1218 308/1219 1163/1220
f 1547/1210 2025/1216 1163/1220 294/1213
f 488/1221 1551/1222 2026/1223 1525/1224
f 1551/1222 328/1225 1198/1226 2026/1223
f 2026/1223 1198/1226 308/1219 1549/1218
f 1525/1224 2026/1223 1549/1218 486/1217
f 490/1227 1553/1228 2027/1229 1528/1230
f 1553/1228 329/1231 1199/1232 2027/1229
f 2027/1229 1199/1232 328/1225 1551/1222
f 1528/1230 2027/1229 1551/1222 488/1221
f 247/61 1067/64 2028/1233 1532/1234
f 1067/64 59/69 1201/1235 2028/1233
f 2028/1233 1201/1235 330/1236 1555/1237
f 1532/1234 2028/1233 1555/1237 493/1238
f 493/1238 1555/1237 2029/1239 1534/1240
f 1555/1237 330/1236 1200/1241 2029/1239
f 2029/1239 1200/1241 329/1231 1553/1228
f 1534/1240 2029/1239 1553/1228 490/1227
f 287/1242 1134/1243 2030/1244 1131/1245
f 1134/1243 289/1246 1132/1247 2030/1244
f 2030/1244 1132/1247 288/1248 1133/1249
f 1131/1245 2030/1244 1133/1249 286/1250
f 286/1250 1136/1251 2031/1252 1131/1245
f 1136/1251 290/1253 1135/1254 2031/1252
f 2031/1252 1135/1254 291/1255 1137/1256
f 1131/1245 2031/1252 1137/1256 287/1242
f 295/1257 1139/1258 2032/1259 1143/1260
f 1139/1258 289/1246 1134/1243 2032/1259
f 2032/1259 1134/1243 287/1242 1138/1261
f 1143/1260 2032/1259 1138/1261 293/1262
f 281/1263 1126/1264 2033/1265 1546/1266
f 1126/1264 282/1267 1548/1268 2033/1265
f 2033/1265 1548/1268 487/1269 1524/1270
f 1546/1266 2033/1265 1524/1270 485/1271
f 294/1213 1141/1272 2034/1273 1142/1214
f 1141/1272 295/1257 1143/1260 2034/1273
f 2034/1273 1143/1260 293/1262 1140/1274
f 1142/1214 2034/1273 1140/1274 292/1203
f 290/1253 1145/1275 2035/1276 1135/1254
f 1145/1275 296/1277 1144/1278 2035/1276
f 2035/1276 1144/1278 297/1279 1146/1280
f 1135/1254 2035/1276 1146/1280 291/1255
f 296/1277 1148/1281 2036/1282 1144/1278
f 1148/1281 298/1283 1147/1284 2036/1282
f 2036/1282 1147/1284 299/1285 1149/1286
f 1144/1278 2036/1282 1149/1286 297/1279
f 298/1283 1151/1287 2037/1288 1147/1284
f 1151/1287 300/1289 1150/1290 2037/1288
f 2037/1288 1150/1290 301/1291 1152/1292
f 1147/1284 2037/1288 1152/1292 299/1285
f 300/1289 1154/1293 2038/1294 1150/1290
f 1154/1293 302/1295 1153/1296 2038/1294
f 2038/1294 1153/1296 303/1297 1155/1298
f 1150/1290 2038/1294 1155/1298 301/1291
f 302/1299 1157/1300 2039/1301 1153/1302
f 1157/1300 304/1303 1156/1304 2039/1301
f 2039/1301 1156/1304 305/1305 1158/1306
f 1153/1302 2039/1301 1158/1306 303/1307
f 289/1246 1160/1308 2040/1309 1132/1247
f 1160/1308 307/1310 1159/1311 2040/1309
f 2040/1309 1159/1311 306/1312 1161/1313
f 1132/1247 2040/1309 1161/1313 288/1248
f 294/1213 1163/1220 2041/1314 1141/1272
f 1163/1220 308/1219 1162/1315 2041/1314
f 2041/1314 1162/1315 309/1316 1164/1317
f 1141/1272 2041/1314 1164/1317 295/1257
f 282/1267 1127/1318 2042/1319 1548/1268
f 1127/1318 283/1320 1550/1321 2042/1319
f 2042/1319 1550/1321 489/1322 1527/1323
f 1548/1268 2042/1319 1527/1323 487/1269
f 295/1257 1164/1317 2043/1324 1139/1258
f 1164/1317 309/1316 1165/1325 2043/1324
f 2043/1324 1165/1325 307/1310 1160/1308
f 1139/1258 2043/1324 1160/1308 289/1246
f 307/1310 1167/1326 2044/1327 1159/1311
f 1167/1326 311/1328 1166/1329 2044/1327
f 2044/1327 1166/1329 310/1330 1168/1331
f 1159/1311 2044/1327 1168/1331 306/1312
f 311/1328 1170/1332 2045/1333 1166/1329
f 1170/1332 313/1334 1169/1335 2045/1333
f 2045/1333 1169/1335 312/1336 1171/1337
f 1166/1329 2045/1333 1171/1337 310/1330
f 313/1334 1173/1338 2046/1339 1169/1335
f 1173/1338 315/1340 1172/1341 2046/1339
f 2046/1339 1172/1341 314/1342 1174/1343
f 1169/1335 2046/1339 1174/1343 312/1336
f 317/1344 1176/1345 2047/1346 1179/1347
f 1176/1345 314/1342 1172/1341 2047/1346
f 2047/1346 1172/1341 315/1340 1175/1348
f 1179/1347 2047/1346 1175/1348 316/1349
f 304/1303 1178/1350 2048/1351 1156/1304
f 1178/1350 317/1344 1179/1347 2048/1351
f 2048/1351 1179/1347 316/1349 1177/1352
f 1156/1304 2048/1351 1177/1352 305/1305
f 319/1353 1185/1354 2049/1355 1180/1356
f 1185/1354 321/1357 1181/1358 2049/1355
f 2049/1355 1181/1358 291/1255 1146/1280
f 1180/1356 2049/1355 1146/1280 297/1279
f 279/1359 1124/1360 2050/1361 1541/1362
f 1124/1360 280/1363 1544/1364 2050/1361
f 2050/1361 1544/1364 483/1365 1518/1366
f 1541/1362 2050/1361 1518/1366 481/1367
f 318/1195 1184/1202 2051/1368 1182/1369
f 1184/1202 320/1201 1183/1370 2051/1368
f 2051/1368 1183/1370 321/1357 1185/1354
f 1182/1369 2051/1368 1185/1354 319/1353
f 280/1363 1125/1371 2052/1372 1544/1364
f 1125/1371 281/1263 1546/1266 2052/1372
f 2052/1372 1546/1266 485/1271 1521/1373
f 1544/1364 2052/1372 1521/1373 483/1365
f 293/1262 1187/1374 2053/1375 1140/1274
f 1187/1374 321/1357 1183/1370 2053/1375
f 2053/1375 1183/1370 320/1201 1186/1204
f 1140/1274 2053/1375 1186/1204 292/1203
f 287/1242 1137/1256 2054/1376 1138/1261
f 1137/1256 291/1255 1181/1358 2054/1376
f 2054/1376 1181/1358 321/1357 1187/1374
f 1138/1261 2054/1376 1187/1374 293/1262
f 311/1328 1189/1377 2055/1378 1170/1332
f 1189/1377 322/1379 1188/1380 2055/1378
f 2055/1378 1188/1380 323/1381 1190/1382
f 1170/1332 2055/1378 1190/1382 313/1334
f 322/1379 1192/1383 2056/1384 1188/1380
f 1192/1383 324/1385 1191/1386 2056/1384
f 2056/1384 1191/1386 325/1387 1193/1388
f 1188/1380 2056/1384 1193/1388 323/1381
f 324/1385 1195/1389 2057/1390 1191/1386
f 1195/1389 326/1391 1194/1392 2057/1390
f 2057/1390 1194/1392 327/1393 1196/1394
f 1191/1386 2057/1390 1196/1394 325/1387
f 309/1316 1197/1395 2058/1396 1165/1325
f 1197/1395 322/1379 1189/1377 2058/1396
f 2058/1396 1189/1377 311/1328 1167/1326
f 1165/1325 2058/1396 1167/1326 307/1310
f 283/1320 1128/1397 2059/1398 1550/1321
f 1128/1397 284/1399 1552/1400 2059/1398
f 2059/1398 1552/1400 491/1401 1530/1402
f 1550/1321 2059/1398 1530/1402 489/1322
f 284/1399 1129/1403 2060/1404 1552/1400
f 1129/1403 285/1405 1554/1406 2060/1404
f 2060/1404 1554/1406 492/1407 1535/1408
f 1552/1400 2060/1404 1535/1408 491/1401
f 285/1405 1130/1409 2061/1410 1554/1406
f 1130/1409 12/245 1066/244 2061/1410
f 2061/1410 1066/244 246/243 1533/1411
f 1554/1406 2061/1410 1533/1411 492/1407
f 309/1316 1162/1315 2062/1412 1197/1395
f 1162/1315 308/1219 1202/1413 2062/1412
f 2062/1412 1202/1413 324/1385 1192/1383
f 1197/1395 2062/1412 1192/1383 322/1379
f 326/1391 1195/1389 2063/1414 1203/1415
f 1195/1389 324/1385 1202/1413 2063/1414
f 2063/1414 1202/1413 308/1219 1198/1226
f 1203/1415 2063/1414 1198/1226 328/1225
f 326/1391 1206/1416 2064/1417 1194/1392
f 1206/1416 331/1418 1204/1419 2064/1417
f 2064/1417 1204/1419 332/1420 1205/1421
f 1194/1392 2064/1417 1205/1421 327/1393
f 331/1418 1209/1422 2065/1423 1204/1419
f 1209/1422 333/1424 1207/1425 2065/1423
f 2065/1423 1207/1425 334/1426 1208/1427
f 1204/1419 2065/1423 1208/1427 332/1420
f 333/1424 1211/1428 2066/1429 1207/1425
f 1211/1428 64/267 694/266 2066/1429
f 2066/1429 694/266 65/265 1210/1430
f 1207/1425 2066/1429 1210/1430 334/1426
f 329/1231 1212/1431 2067/1432 1199/1232
f 1212/1431 331/1418 1206/1416 2067/1432
f 2067/1432 1206/1416 326/1391 1203/1415
f 1199/1232 2067/1432 1203/1415 328/1225
f 330/1236 1213/1433 2068/1434 1200/1241
f 1213/1433 333/1424 1209/1422 2068/1434
f 2068/1434 1209/1422 331/1418 1212/1431
f 1200/1241 2068/1434 1212/1431 329/1231
f 59/69 699/273 2069/1435 1201/1235
f 699/273 64/267 1211/1428 2069/1435
f 2069/1435 1211/1428 333/1424 1213/1433
f 1201/1235 2069/1435 1213/1433 330/1236
f 278/1436 1123/1437 2070/1438 1539/1439
f 1123/1437 279/1359 1541/1362 2070/1438
f 2070/1438 1541/1362 481/1367 1515/1440
f 1539/1439 2070/1438 1515/1440 478/1441
f 277/1188 1122/1442 2071/1443 1537/1189
f 1122/1442 278/1436 1539/1439 2071/1443
f 2071/1443 1539/1439 478/1441 1512/1444
f 1537/1189 2071/1443 1512/1444 477/1190
f 335/1181 1218/1445 2072/1446 1214/1176
f 1218/1445 337/1447 1216/1448 2072/1446
f 2072/1446 1216/1448 338/1449 1217/1450
f 1214/1176 2072/1446 1217/1450 336/1173
f 335/1181 1608/1196 2073/1451 1218/1445
f 1608/1196 318/1195 1182/1369 2073/1451
f 2073/1451 1182/1369 319/1353 1219/1452
f 1218/1445 2073/1451 1219/1452 337/1447
f 299/1285 1220/1453 2074/1454 1149/1286
f 1220/1453 337/1447 1219/1452 2074/1454
f 2074/1454 1219/1452 319/1353 1180/1356
f 1149/1286 2074/1454 1180/1356 297/1279
f 338/1449 1216/1448 2075/1455 1222/1456
f 1216/1448 337/1447 1220/1453 2075/1455
f 2075/1455 1220/1453 299/1285 1221/1457
f 1222/1456 2075/1455 1221/1457 339/1458
f 315/1340 1225/1459 2076/1460 1175/1348
f 1225/1459 340/1461 1223/1462 2076/1460
f 2076/1460 1223/1462 341/1463 1224/1464
f 1175/1348 2076/1460 1224/1464 316/1349
f 340/1461 1228/1465 2077/1466 1223/1462
f 1228/1465 342/1467 1226/1468 2077/1466
f 2077/1466 1226/1468 343/1469 1227/1470
f 1223/1462 2077/1466 1227/1470 341/1463
f 342/1467 1231/1471 2078/1472 1226/1468
f 1231/1471 344/1473 1229/1474 2078/1472
f 2078/1472 1229/1474 345/1475 1230/1476
f 1226/1468 2078/1472 1230/1476 343/1469
f 344/1473 1234/1477 2079/1478 1229/1474
f 1234/1477 346/1479 1232/1480 2079/1478
f 2079/1478 1232/1480 347/1481 1233/1482
f 1229/1474 2079/1478 1233/1482 345/1475
f 346/1479 1237/1483 2080/1484 1232/1480
f 1237/1483 348/1485 1235/1486 2080/1484
f 2080/1484 1235/1486 349/1487 1236/1488
f 1232/1480 2080/1484 1236/1488 347/1481
f 348/1485 1239/1489 2081/1490 1235/1486
f 1239/1489 81/332 724/331 2081/1490
f 2081/1490 724/331 82/330 1238/1491
f 1235/1486 2081/1490 1238/1491 349/1487
f 323/1381 1240/1492 2082/1493 1190/1382
f 1240/1492 340/1461 1225/1459 2082/1493
f 2082/1493 1225/1459 315/1340 1173/1338
f 1190/1382 2082/1493 1173/1338 313/1334
f 325/1387 1241/1494 2083/1495 1193/1388
f 1241/1494 342/1467 1228/1465 2083/1495
f 2083/1495 1228/1465 340/1461 1240/1492
f 1193/1388 2083/1495 1240/1492 323/1381
f 327/1393 1242/1496 2084/1497 1196/1394
f 1242/1496 344/1473 1231/1471 2084/1497
f 2084/1497 1231/1471 342/1467 1241/1494
f 1196/1394 2084/1497 1241/1494 325/1387
f 332/1420 1243/1498 2085/1499 1205/1421
f 1243/1498 346/1479 1234/1477 2085/1499
f 2085/1499 1234/1477 344/1473 1242/1496
f 1205/1421 2085/1499 1242/1496 327/1393
f 334/1426 1244/1500 2086/1501 1208/1427
f 1244/1500 348/1485 1237/1483 2086/1501
f 2086/1501 1237/1483 346/1479 1243/1498
f 1208/1427 2086/1501 1243/1498 332/1420
f 65/265 732/344 2087/1502 1210/1430
f 732/344 81/332 1239/1489 2087/1502
f 2087/1502 1239/1489 348/1485 1244/1500
f 1210/1430 2087/1502 1244/1500 334/1426
f 305/1305 1248/1503 2088/1504 1158/1306
f 1248/1503 352/1505 1246/1506 2088/1504
f 2088/1504 1246/1506 351/1507 1247/1508
f 1158/1306 2088/1504 1247/1508 303/1307
f 303/1297 1247/1509 2089/1510 1155/1298
f 1247/1509 351/1511 1245/1512 2089/1510
f 2089/1510 1245/1512 350/1513 1249/1514
f 1155/1298 2089/1510 1249/1514 301/1291
f 301/1291 1249/1514 2090/1515 1152/1292
f 1249/1514 350/1513 1250/1516 2090/1515
f 2090/1515 1250/1516 339/1458 1221/1457
f 1152/1292 2090/1515 1221/1457 299/1285
f 343/1469 1258/1517 2091/1518 1227/1470
f 1258/1517 355/1519 1252/1520 2091/1518
f 2091/1518 1252/1520 354/1521 1257/1522
f 1227/1470 2091/1518 1257/1522 341/1463
f 349/1487 1260/1523 2092/1524 1236/1488
f 1260/1523 358/1525 1255/1526 2092/1524
f 2092/1524 1255/1526 357/1527 1259/1528
f 1236/1488 2092/1524 1259/1528 347/1481
f 347/1481 1259/1528 2093/1529 1233/1482
f 1259/1528 357/1527 1254/1530 2093/1529
f 2093/1529 1254/1530 356/1531 1261/1532
f 1233/1482 2093/1529 1261/1532 345/1475
f 345/1475 1261/1532 2094/1533 1230/1476
f 1261/1532 356/1531 1253/1534 2094/1533
f 2094/1533 1253/1534 355/1519 1258/1517
f 1230/1476 2094/1533 1258/1517 343/1469
f 82/330 750/378 2095/1535 1238/1491
f 750/378 92/380 1256/1536 2095/1535
f 2095/1535 1256/1536 358/1525 1260/1523
f 1238/1491 2095/1535 1260/1523 349/1487
f 316/1349 1262/1537 2096/1538 1177/1352
f 1262/1537 353/1539 1251/1540 2096/1538
f 2096/1538 1251/1540 352/1505 1248/1503
f 1177/1352 2096/1538 1248/1503 305/1305
f 316/1349 1224/1464 2097/1541 1262/1537
f 1224/1464 341/1463 1257/1522 2097/1541
f 2097/1541 1257/1522 354/1521 1263/1542
f 1262/1537 2097/1541 1263/1542 353/1539
f 593/1543 1745/1544 2098/1545 1762/1546
f 1745/1544 362/1547 1267/1548 2098/1545
f 2098/1545 1267/1548 361/1549 1279/1550
f 1762/1546 2098/1545 1279/1550 577/1551
f 599/1552 1751/1553 2099/1554 1761/1555
f 1751/1553 363/1556 1270/1557 2099/1554
f 2099/1554 1270/1557 362/1547 1745/1544
f 1761/1555 2099/1554 1745/1544 593/1543
f 577/1551 1279/1550 2100/1558 1760/1559
f 1279/1550 361/1549 1266/1560 2100/1558
f 2100/1558 1266/1560 360/1561 1281/1562
f 1760/1559 2100/1558 1281/1562 594/1563
f 600/1564 1753/1565 2101/1566 1759/1567
f 1753/1565 366/1568 1271/1569 2101/1566
f 2101/1566 1271/1569 365/1570 1283/1571
f 1759/1567 2101/1566 1283/1571 578/1572
f 597/1573 1749/1574 2102/1575 1754/1576
f 1749/1574 368/1577 1272/1578 2102/1575
f 2102/1575 1272/1578 367/1579 1285/1580
f 1754/1576 2102/1575 1285/1580 595/1581
f 601/1582 1755/1583 2103/1584 1733/1585
f 1755/1583 364/1586 1268/1587 2103/1584
f 2103/1584 1268/1587 363/1556 1751/1553
f 1733/1585 2103/1584 1751/1553 599/1552
f 596/1588 1725/1589 2104/1590 1752/1591
f 1725/1589 369/1592 1273/1593 2104/1590
f 2104/1590 1273/1593 368/1577 1749/1574
f 1752/1591 2104/1590 1749/1574 597/1573
f 578/1572 1283/1571 2105/1594 1723/1595
f 1283/1571 365/1570 1269/1596 2105/1594
f 2105/1594 1269/1596 364/1597 1755/1598
f 1723/1595 2105/1594 1755/1598 601/1599
f 602/1600 1756/1601 2106/1602 1740/1603
f 1756/1601 370/1604 1274/1605 2106/1602
f 2106/1602 1274/1605 369/1592 1725/1589
f 1740/1603 2106/1602 1725/1589 596/1588
f 603/1606 1758/1607 2107/1608 1721/1609
f 1758/1607 371/1610 1275/1611 2107/1608
f 2107/1608 1275/1611 370/1604 1756/1601
f 1721/1609 2107/1608 1756/1601 602/1600
f 592/456 1744/459 2108/1612 1757/1613
f 1744/459 107/461 1276/1614 2108/1612
f 2108/1612 1276/1614 371/1610 1758/1607
f 1757/1613 2108/1612 1758/1607 603/1606
f 594/1563 1281/1562 2109/1615 1748/1616
f 1281/1562 360/1561 1265/1617 2109/1615
f 2109/1615 1265/1617 359/1618 1290/1619
f 1748/1616 2109/1615 1290/1619 598/1620
f 595/1581 1285/1580 2110/1621 1738/1622
f 1285/1580 367/1579 1277/1623 2110/1621
f 2110/1621 1277/1623 366/1568 1753/1565
f 1738/1622 2110/1621 1753/1565 600/1564
f 598/1620 1290/1619 2111/1624 1726/1625
f 1290/1619 359/1618 1264/1626 2111/1624
f 2111/1624 1264/1626 94/475 781/474
f 1726/1625 2111/1624 781/474 585/473
f 575/1627 1315/1628 2112/1629 1706/1630
f 1315/1628 396/1631 1317/1632 2112/1629
f 2112/1629 1317/1632 136/483 810/482
f 1706/1630 2112/1629 810/482 564/481
f 551/1633 1316/1634 2113/1635 1650/1636
f 1316/1634 397/1637 1318/1638 2113/1635
f 2113/1635 1318/1638 137/492 811/491
f 1650/1636 2113/1635 811/491 538/490
f 574/1639 1305/1640 2114/1641 1705/1642
f 1305/1640 386/1643 1319/1644 2114/1641
f 2114/1641 1319/1644 381/1645 1668/1646
f 1705/1642 2114/1641 1668/1646 520/1647
f 546/1648 1306/1649 2115/1650 1649/1651
f 1306/1649 387/1652 1320/1653 2115/1650
f 2115/1650 1320/1653 380/1654 1622/1655
f 1649/1651 2115/1650 1622/1655 528/1656
f 572/1657 1297/1658 2116/1659 1704/1660
f 1297/1658 378/1661 1321/1662 2116/1659
f 2116/1659 1321/1662 396/1631 1315/1628
f 1704/1660 2116/1659 1315/1628 575/1627
f 541/1663 1298/1664 2117/1665 1648/1666
f 1298/1664 379/1667 1322/1668 2117/1665
f 2117/1665 1322/1668 397/1637 1316/1634
f 1648/1666 2117/1665 1316/1634 551/1633
f 558/525 1682/528 2118/1669 1703/1670
f 1682/528 133/533 1323/1671 2118/1669
f 2118/1669 1323/1671 395/1672 1697/1673
f 1703/1670 2118/1669 1697/1673 571/1674
f 536/534 1630/537 2119/1675 1647/1676
f 1630/537 132/542 1324/1677 2119/1675
f 2119/1675 1324/1677 394/1678 1645/1679
f 1647/1676 2119/1675 1645/1679 550/1680
f 571/1674 1697/1673 2120/1681 1692/1682
f 1697/1673 395/1672 1325/1683 2120/1681
f 2120/1681 1325/1683 393/1684 1695/1685
f 1692/1682 2120/1681 1695/1685 570/1686
f 550/1680 1645/1679 2121/1687 1616/1688
f 1645/1679 394/1678 1326/1689 2121/1687
f 2121/1687 1326/1689 392/1690 1643/1691
f 1616/1688 2121/1687 1643/1691 548/1692
f 570/1686 1695/1685 2122/1693 1667/1694
f 1695/1685 393/1684 1327/1695 2122/1693
f 2122/1693 1327/1695 391/1696 1694/1697
f 1667/1694 2122/1693 1694/1697 569/1698
f 548/1692 1643/1691 2123/1699 1633/1700
f 1643/1691 392/1690 1328/1701 2123/1699
f 2123/1699 1328/1701 390/1702 1639/1703
f 1633/1700 2123/1699 1639/1703 545/1704
f 573/1705 1301/1706 2124/1707 1685/1708
f 1301/1706 382/1709 1329/1710 2124/1707
f 2124/1707 1329/1710 389/1711 1693/1712
f 1685/1708 2124/1707 1693/1712 568/1713
f 543/1714 1302/1715 2125/1716 1612/1717
f 1302/1715 383/1718 1330/1719 2125/1716
f 2125/1716 1330/1719 388/1720 1642/1721
f 1612/1717 2125/1716 1642/1721 547/1722
f 569/1698 1694/1697 2126/1723 1665/1724
f 1694/1697 391/1696 1331/1725 2126/1723
f 2126/1723 1331/1725 385/1726 1691/1727
f 1665/1724 2126/1723 1691/1727 566/1728
f 545/1704 1639/1703 2127/1729 1625/1730
f 1639/1703 390/1702 1332/1731 2127/1729
f 2127/1729 1332/1731 384/1732 1615/1733
f 1625/1730 2127/1729 1615/1733 524/1734
f 568/1735 1693/1736 2128/1737 1669/1738
f 1693/1736 389/1739 1333/1740 2128/1737
f 2128/1737 1333/1740 377/1741 1690/1742
f 1669/1738 2128/1737 1690/1742 565/1743
f 547/1744 1642/1745 2129/1746 1644/1747
f 1642/1745 388/1748 1334/1749 2129/1746
f 2129/1746 1334/1749 376/1750 1635/1751
f 1644/1747 2129/1746 1635/1751 540/1752
f 566/1728 1691/1727 2130/1753 1699/1754
f 1691/1727 385/1726 1335/1755 2130/1753
f 2130/1753 1335/1755 386/1643 1305/1640
f 1699/1754 2130/1753 1305/1640 574/1639
f 524/1734 1615/1733 2131/1756 1609/1757
f 1615/1733 384/1732 1336/1758 2131/1756
f 2131/1756 1336/1758 387/1652 1306/1649
f 1609/1757 2131/1756 1306/1649 546/1648
f 520/1647 1668/1646 2132/1759 1677/1760
f 1668/1646 381/1645 1337/1761 2132/1759
f 2132/1759 1337/1761 382/1709 1301/1706
f 1677/1760 2132/1759 1301/1706 573/1705
f 528/1656 1622/1655 2133/1762 1613/1763
f 1622/1655 380/1654 1338/1764 2133/1762
f 2133/1762 1338/1764 383/1718 1302/1715
f 1613/1763 2133/1762 1302/1715 543/1714
f 567/1765 1293/1766 2134/1767 1672/1768
f 1293/1766 374/1769 1339/1770 2134/1767
f 2134/1767 1339/1770 378/1661 1297/1658
f 1672/1768 2134/1767 1297/1658 572/1657
f 539/1771 1294/1772 2135/1773 1637/1774
f 1294/1772 375/1775 1340/1776 2135/1773
f 2135/1773 1340/1776 379/1667 1298/1664
f 1637/1774 2135/1773 1298/1664 541/1663
f 565/1743 1690/1742 2136/1777 1696/1778
f 1690/1742 377/1741 1341/1779 2136/1777
f 2136/1777 1341/1779 373/1780 1674/1781
f 1696/1778 2136/1777 1674/1781 549/1782
f 540/1752 1635/1751 2137/1783 1610/1784
f 1635/1751 376/1750 1342/1785 2137/1783
f 2137/1783 1342/1785 372/1786 1618/1787
f 1610/1784 2137/1783 1618/1787 530/1788
f 549/1782 1674/1781 2138/1789 1670/1790
f 1674/1781 373/1780 1343/1791 2138/1789
f 2138/1789 1343/1791 374/1769 1293/1766
f 1670/1790 2138/1789 1293/1766 567/1765
f 530/1788 1618/1787 2139/1792 1640/1793
f 1618/1787 372/1786 1344/1794 2139/1792
f 2139/1792 1344/1794 375/1775 1294/1772
f 1640/1793 2139/1792 1294/1772 539/1771
f 416/1795 1377/1796 2140/1797 1506/1798
f 1377/1796 409/1799 1355/1800 2140/1797
f 2140/1797 1355/1800 408/1801 1359/1802
f 1506/1798 2140/1797 1359/1802 415/1803
f 426/1804 1387/1805 2141/1806 1501/1807
f 1387/1805 401/1808 1348/1809 2141/1806
f 2141/1806 1348/1809 400/1810 1361/1811
f 1501/1807 2141/1806 1361/1811 425/1812
f 431/1813 1392/1814 2142/1815 1496/1816
f 1392/1814 410/1817 1356/1818 2142/1815
f 2142/1815 1356/1818 409/1799 1377/1796
f 1496/1816 2142/1815 1377/1796 416/1795
f 441/1819 1402/1820 2143/1821 1491/1822
f 1402/1820 403/1823 1349/1824 2143/1821
f 2143/1821 1349/1824 402/1825 1364/1826
f 1491/1822 2143/1821 1364/1826 440/1827
f 188/690 904/693 2144/1828 1486/1829
f 904/693 152/695 1357/1830 2144/1828
f 2144/1828 1357/1830 410/1817 1392/1814
f 1486/1829 2144/1828 1392/1814 431/1813
f 446/1831 1407/1832 2145/1833 1481/1834
f 1407/1832 404/1835 1350/1836 2145/1833
f 2145/1833 1350/1836 403/1837 1402/1838
f 1481/1834 2145/1833 1402/1838 441/1839
f 456/1840 1417/1841 2146/1842 1476/1843
f 1417/1841 406/1844 1358/1845 2146/1842
f 2146/1842 1358/1845 405/1846 1367/1847
f 1476/1843 2146/1842 1367/1847 455/1848
f 440/1827 1364/1826 2147/1849 1471/1850
f 1364/1826 402/1825 1351/1851 2147/1849
f 2147/1849 1351/1851 401/1808 1387/1805
f 1471/1850 2147/1849 1387/1805 426/1804
f 455/1848 1367/1847 2148/1852 1466/1853
f 1367/1847 405/1846 1352/1854 2148/1852
f 2148/1852 1352/1854 404/1835 1407/1832
f 1466/1853 2148/1852 1407/1832 446/1831
f 461/1855 1422/1856 2149/1857 1461/1858
f 1422/1856 398/1859 1345/1860 2149/1857
f 2149/1857 1345/1860 139/726 865/725
f 1461/1858 2149/1857 865/725 212/724
f 466/1861 1427/1862 2150/1863 1456/1864
f 1427/1862 407/1865 1353/1866 2150/1863
f 2150/1863 1353/1866 406/1844 1417/1841
f 1456/1864 2150/1863 1417/1841 456/1840
f 471/1867 1432/1868 2151/1869 1451/1870
f 1432/1868 399/1871 1346/1872 2151/1869
f 2151/1869 1346/1872 398/1859 1422/1856
f 1451/1870 2151/1869 1422/1856 461/1855
f 415/1803 1359/1802 2152/1873 1446/1874
f 1359/1802 408/1801 1354/1875 2152/1873
f 2152/1873 1354/1875 407/1865 1427/1862
f 1446/1874 2152/1873 1427/1862 466/1861
f 425/1812 1361/1811 2153/1876 1441/1877
f 1361/1811 400/1810 1347/1878 2153/1876
f 2153/1876 1347/1878 399/1871 1432/1868
f 1441/1877 2153/1876 1432/1868 471/1867
f 361/1549 1382/1879 2154/1880 1266/1560
f 1382/1879 421/1881 1437/1882 2154/1880
f 2154/1880 1437/1882 475/1883 1371/1884
f 1266/1560 2154/1880 1371/1884 360/1561
f 421/1881 1383/1885 2155/1886 1437/1882
f 1383/1885 422/1887 1438/1888 2155/1886
f 2155/1886 1438/1888 474/1889 1436/1890
f 1437/1882 2155/1886 1436/1890 475/1883
f 422/1887 1384/1891 2156/1892 1438/1888
f 1384/1891 423/1893 1439/1894 2156/1892
f 2156/1892 1439/1894 473/1895 1435/1896
f 1438/1888 2156/1892 1435/1896 474/1889
f 423/1893 1385/1897 2157/1898 1439/1894
f 1385/1897 424/1899 1440/1900 2157/1898
f 2157/1898 1440/1900 472/1901 1434/1902
f 1439/1894 2157/1898 1434/1902 473/1895
f 424/1899 1386/1903 2158/1904 1440/1900
f 1386/1903 425/1812 1441/1877 2158/1904
f 2158/1904 1441/1877 471/1867 1433/1905
f 1440/1900 2158/1904 1433/1905 472/1901
f 369/1592 1372/1906 2159/1907 1273/1593
f 1372/1906 411/1908 1442/1909 2159/1907
f 2159/1907 1442/1909 470/1910 1370/1911
f 1273/1593 2159/1907 1370/1911 368/1577
f 411/1908 1373/1912 2160/1913 1442/1909
f 1373/1912 412/1914 1443/1915 2160/1913
f 2160/1913 1443/1915 469/1916 1431/1917
f 1442/1909 2160/1913 1431/1917 470/1910
f 412/1914 1374/1918 2161/1919 1443/1915
f 1374/1918 413/1920 1444/1921 2161/1919
f 2161/1919 1444/1921 468/1922 1430/1923
f 1443/1915 2161/1919 1430/1923 469/1916
f 413/1920 1375/1924 2162/1925 1444/1921
f 1375/1924 414/1926 1445/1927 2162/1925
f 2162/1925 1445/1927 467/1928 1429/1929
f 1444/1921 2162/1925 1429/1929 468/1922
f 414/1926 1376/1930 2163/1931 1445/1927
f 1376/1930 415/1803 1446/1874 2163/1931
f 2163/1931 1446/1874 466/1861 1428/1932
f 1445/1927 2163/1931 1428/1932 467/1928
f 360/1561 1371/1884 2164/1933 1265/1617
f 1371/1884 475/1883 1447/1934 2164/1933
f 2164/1933 1447/1934 465/1935 1369/1936
f 1265/1617 2164/1933 1369/1936 359/1618
f 475/1883 1436/1890 2165/1937 1447/1934
f 1436/1890 474/1889 1448/1938 2165/1937
f 2165/1937 1448/1938 464/1939 1426/1940
f 1447/1934 2165/1937 1426/1940 465/1935
f 474/1889 1435/1896 2166/1941 1448/1938
f 1435/1896 473/1895 1449/1942 2166/1941
f 2166/1941 1449/1942 463/1943 1425/1944
f 1448/1938 2166/1941 1425/1944 464/1939
f 473/1895 1434/1902 2167/1945 1449/1942
f 1434/1902 472/1901 1450/1946 2167/1945
f 2167/1945 1450/1946 462/1947 1424/1948
f 1449/1942 2167/1945 1424/1948 463/1943
f 472/1901 1433/1905 2168/1949 1450/1946
f 1433/1905 471/1867 1451/1870 2168/1949
f 2168/1949 1451/1870 461/1855 1423/1950
f 1450/1946 2168/1949 1423/1950 462/1947
f 368/1577 1370/1911 2169/1951 1272/1578
f 1370/1911 470/1910 1452/1952 2169/1951
f 2169/1951 1452/1952 460/1953 1368/1954
f 1272/1578 2169/1951 1368/1954 367/1579
f 470/1910 1431/1917 2170/1955 1452/1952
f 1431/1917 469/1916 1453/1956 2170/1955
f 2170/1955 1453/1956 459/1957 1421/1958
f 1452/1952 2170/1955 1421/1958 460/1953
f 469/1916 1430/1923 2171/1959 1453/1956
f 1430/1923 468/1922 1454/1960 2171/1959
f 2171/1959 1454/1960 458/1961 1420/1962
f 1453/1956 2171/1959 1420/1962 459/1957
f 468/1922 1429/1929 2172/1963 1454/1960
f 1429/1929 467/1928 1455/1964 2172/1963
f 2172/1963 1455/1964 457/1965 1419/1966
f 1454/1960 2172/1963 1419/1966 458/1961
f 467/1928 1428/1932 2173/1967 1455/1964
f 1428/1932 466/1861 1456/1864 2173/1967
f 2173/1967 1456/1864 456/1840 1418/1968
f 1455/1964 2173/1967 1418/1968 457/1965
f 359/1618 1369/1936 2174/1969 1264/1626
f 1369/1936 465/1935 1457/1970 2174/1969
f 2174/1969 1457/1970 208/839 924/838
f 1264/1626 2174/1969 924/838 94/475
f 465/1935 1426/1940 2175/1971 1457/1970
f 1426/1940 464/1939 1458/1972 2175/1971
f 2175/1971 1458/1972 209/843 925/842
f 1457/1970 2175/1971 925/842 208/839
f 464/1939 1425/1944 2176/1973 1458/1972
f 1425/1944 463/1943 1459/1974 2176/1973
f 2176/1973 1459/1974 210/847 926/846
f 1458/1972 2176/1973 926/846 209/843
f 463/1943 1424/1948 2177/1975 1459/1974
f 1424/1948 462/1947 1460/1976 2177/1975
f 2177/1975 1460/1976 211/851 927/850
f 1459/1974 2177/1975 927/850 210/847
f 462/1947 1423/1950 2178/1977 1460/1976
f 1423/1950 461/1855 1461/1858 2178/1977
f 2178/1977 1461/1858 212/724 928/854
f 1460/1976 2178/1977 928/854 211/851
f 366/1568 1412/1978 2179/1979 1271/1569
f 1412/1978 451/1980 1462/1981 2179/1979
f 2179/1979 1462/1981 450/1982 1366/1983
f 1271/1569 2179/1979 1366/1983 365/1570
f 451/1980 1413/1984 2180/1985 1462/1981
f 1413/1984 452/1986 1463/1987 2180/1985
f 2180/1985 1463/1987 449/1988 1411/1989
f 1462/1981 2180/1985 1411/1989 450/1982
f 452/1986 1414/1990 2181/1991 1463/1987
f 1414/1990 453/1992 1464/1993 2181/1991
f 2181/1991 1464/1993 448/1994 1410/1995
f 1463/1987 2181/1991 1410/1995 449/1988
f 453/1992 1415/1996 2182/1997 1464/1993
f 1415/1996 454/1998 1465/1999 2182/1997
f 2182/1997 1465/1999 447/2000 1409/2001
f 1464/1993 2182/1997 1409/2001 448/1994
f 454/1998 1416/2002 2183/2003 1465/1999
f 1416/2002 455/1848 1466/1853 2183/2003
f 2183/2003 1466/1853 446/1831 1408/2004
f 1465/1999 2183/2003 1408/2004 447/2000
f 363/1556 1397/2005 2184/2006 1270/1557
f 1397/2005 436/2007 1467/2008 2184/2006
f 2184/2006 1467/2008 430/2009 1362/2010
f 1270/1557 2184/2006 1362/2010 362/1547
f 436/2007 1398/2011 2185/2012 1467/2008
f 1398/2011 437/2013 1468/2014 2185/2012
f 2185/2012 1468/2014 429/2015 1391/2016
f 1467/2008 2185/2012 1391/2016 430/2009
f 437/2013 1399/2017 2186/2018 1468/2014
f 1399/2017 438/2019 1469/2020 2186/2018
f 2186/2018 1469/2020 428/2021 1390/2022
f 1468/2014 2186/2018 1390/2022 429/2015
f 438/2019 1400/2023 2187/2024 1469/2020
f 1400/2023 439/2025 1470/2026 2187/2024
f 2187/2024 1470/2026 427/2027 1389/2028
f 1469/2020 2187/2024 1389/2028 428/2021
f 439/2025 1401/2029 2188/2030 1470/2026
f 1401/2029 440/1827 1471/1850 2188/2030
f 2188/2030 1471/1850 426/1804 1388/2031
f 1470/2026 2188/2030 1388/2031 427/2027
f 367/1579 1368/1954 2189/2032 1277/1623
f 1368/1954 460/1953 1472/2033 2189/2032
f 2189/2032 1472/2033 451/1980 1412/1978
f 1277/1623 2189/2032 1412/1978 366/1568
f 460/1953 1421/1958 2190/2034 1472/2033
f 1421/1958 459/1957 1473/2035 2190/2034
f 2190/2034 1473/2035 452/1986 1413/1984
f 1472/2033 2190/2034 1413/1984 451/1980
f 459/1957 1420/1962 2191/2036 1473/2035
f 1420/1962 458/1961 1474/2037 2191/2036
f 2191/2036 1474/2037 453/1992 1414/1990
f 1473/2035 2191/2036 1414/1990 452/1986
f 458/1961 1419/1966 2192/2038 1474/2037
f 1419/1966 457/1965 1475/2039 2192/2038
f 2192/2038 1475/2039 454/1998 1415/1996
f 1474/2037 2192/2038 1415/1996 453/1992
f 457/1965 1418/1968 2193/2040 1475/2039
f 1418/1968 456/1840 1476/1843 2193/2040
f 2193/2040 1476/1843 455/1848 1416/2002
f 1475/2039 2193/2040 1416/2002 454/1998
f 365/1570 1366/1983 2194/2041 1269/1596
f 1366/1983 450/1982 1477/2042 2194/2041
f 2194/2041 1477/2042 445/2043 1365/2044
f 1269/1596 2194/2041 1365/2044 364/1597
f 450/1982 1411/1989 2195/2045 1477/2042
f 1411/1989 449/1988 1478/2046 2195/2045
f 2195/2045 1478/2046 444/2047 1406/2048
f 1477/2042 2195/2045 1406/2048 445/2043
f 449/1988 1410/1995 2196/2049 1478/2046
f 1410/1995 448/1994 1479/2050 2196/2049
f 2196/2049 1479/2050 443/2051 1405/2052
f 1478/2046 2196/2049 1405/2052 444/2047
f 448/1994 1409/2001 2197/2053 1479/2050
f 1409/2001 447/2000 1480/2054 2197/2053
f 2197/2053 1480/2054 442/2055 1404/2056
f 1479/2050 2197/2053 1404/2056 443/2051
f 447/2000 1408/2004 2198/2057 1480/2054
f 1408/2004 446/1831 1481/1834 2198/2057
f 2198/2057 1481/1834 441/1839 1403/2058
f 1480/2054 2198/2057 1403/2058 442/2055
f 107/461 861/937 2199/2059 1276/1614
f 861/937 192/941 1482/2060 2199/2059
f 2199/2059 1482/2060 435/2061 1363/2062
f 1276/1614 2199/2059 1363/2062 371/1610
f 192/941 908/943 2200/2063 1482/2060
f 908/943 191/947 1483/2064 2200/2063
f 2200/2063 1483/2064 434/2065 1396/2066
f 1482/2060 2200/2063 1396/2066 435/2061
f 191/947 907/949 2201/2067 1483/2064
f 907/949 190/953 1484/2068 2201/2067
f 2201/2067 1484/2068 433/2069 1395/2070
f 1483/2064 2201/2067 1395/2070 434/2065
f 190/953 906/955 2202/2071 1484/2068
f 906/955 189/959 1485/2072 2202/2071
f 2202/2071 1485/2072 432/2073 1394/2074
f 1484/2068 2202/2071 1394/2074 433/2069
f 189/959 905/961 2203/2075 1485/2072
f 905/961 188/690 1486/1829 2203/2075
f 2203/2075 1486/1829 431/1813 1393/2076
f 1485/2072 2203/2075 1393/2076 432/2073
f 364/1586 1365/2077 2204/2078 1268/1587
f 1365/2077 445/2079 1487/2080 2204/2078
f 2204/2078 1487/2080 436/2007 1397/2005
f 1268/1587 2204/2078 1397/2005 363/1556
f 445/2079 1406/2081 2205/2082 1487/2080
f 1406/2081 444/2083 1488/2084 2205/2082
f 2205/2082 1488/2084 437/2013 1398/2011
f 1487/2080 2205/2082 1398/2011 436/2007
f 444/2083 1405/2085 2206/2086 1488/2084
f 1405/2085 443/2087 1489/2088 2206/2086
f 2206/2086 1489/2088 438/2019 1399/2017
f 1488/2084 2206/2086 1399/2017 437/2013
f 443/2087 1404/2089 2207/2090 1489/2088
f 1404/2089 442/2091 1490/2092 2207/2090
f 2207/2090 1490/2092 439/2025 1400/2023
f 1489/2088 2207/2090 1400/2023 438/2019
f 442/2091 1403/2093 2208/2094 1490/2092
f 1403/2093 441/1819 1491/1822 2208/2094
f 2208/2094 1491/1822 440/1827 1401/2029
f 1490/2092 2208/2094 1401/2029 439/2025
f 371/1610 1363/2062 2209/2095 1275/1611
f 1363/2062 435/2061 1492/2096 2209/2095
f 2209/2095 1492/2096 420/2097 1360/2098
f 1275/1611 2209/2095 1360/2098 370/1604
f 435/2061 1396/2066 2210/2099 1492/2096
f 1396/2066 434/2065 1493/2100 2210/2099
f 2210/2099 1493/2100 419/2101 1381/2102
f 1492/2096 2210/2099 1381/2102 420/2097
f 434/2065 1395/2070 2211/2103 1493/2100
f 1395/2070 433/2069 1494/2104 2211/2103
f 2211/2103 1494/2104 418/2105 1380/2106
f 1493/2100 2211/2103 1380/2106 419/2101
f 433/2069 1394/2074 2212/2107 1494/2104
f 1394/2074 432/2073 1495/2108 2212/2107
f 2212/2107 1495/2108 417/2109 1379/2110
f 1494/2104 2212/2107 1379/2110 418/2105
f 432/2073 1393/2076 2213/2111 1495/2108
f 1393/2076 431/1813 1496/1816 2213/2111
f 2213/2111 1496/1816 416/1795 1378/2112
f 1495/2108 2213/2111 1378/2112 417/2109
f 362/1547 1362/2010 2214/2113 1267/1548
f 1362/2010 430/2009 1497/2114 2214/2113
f 2214/2113 1497/2114 421/1881 1382/1879
f 1267/1548 2214/2113 1382/1879 361/1549
f 430/2009 1391/2016 2215/2115 1497/2114
f 1391/2016 429/2015 1498/2116 2215/2115
f 2215/2115 1498/2116 422/1887 1383/1885
f 1497/2114 2215/2115 1383/1885 421/1881
f 429/2015 1390/2022 2216/2117 1498/2116
f 1390/2022 428/2021 1499/2118 2216/2117
f 2216/2117 1499/2118 423/1893 1384/1891
f 1498/2116 2216/2117 1384/1891 422/1887
f 428/2021 1389/2028 2217/2119 1499/2118
f 1389/2028 427/2027 1500/2120 2217/2119
f 2217/2119 1500/2120 424/1899 1385/1897
f 1499/2118 2217/2119 1385/1897 423/1893
f 427/2027 1388/2031 2218/2121 1500/2120
f 1388/2031 426/1804 1501/1807 2218/2121
f 2218/2121 1501/1807 425/1812 1386/1903
f 1500/2120 2218/2121 1386/1903 424/1899
f 370/1604 1360/2098 2219/2122 1274/1605
f 1360/2098 420/2097 1502/2123 2219/2122
f 2219/2122 1502/2123 411/1908 1372/1906
f 1274/1605 2219/2122 1372/1906 369/1592
f 420/2097 1381/2102 2220/2124 1502/2123
f 1381/2102 419/2101 1503/2125 2220/2124
f 2220/2124 1503/2125 412/1914 1373/1912
f 1502/2123 2220/2124 1373/1912 411/1908
f 419/2101 1380/2106 2221/2126 1503/2125
f 1380/2106 418/2105 1504/2127 2221/2126
f 2221/2126 1504/2127 413/1920 1374/1918
f 1503/2125 2221/2126 1374/1918 412/1914
f 418/2105 1379/2110 2222/2128 1504/2127
f 1379/2110 417/2109 1505/2129 2222/2128
f 2222/2128 1505/2129 414/1926 1375/1924
f 1504/2127 2222/2128 1375/1924 413/1920
f 417/2109 1378/2112 2223/2130 1505/2129
f 1378/2112 416/1795 1506/1798 2223/2130
f 2223/2130 1506/1798 415/1803 1376/1930
f 1505/2129 2223/2130 1376/1930 414/1926
f 477/1190 1507/2131 2224/2132 1508/1185
f 1507/2131 476/2133 1509/2134 2224/2132
f 2224/2132 1509/2134 230/2135 1016/2136
f 1508/1185 2224/2132 1016/2136 231/1182
f 476/2133 1507/2131 2225/2137 1510/2138
f 1507/2131 477/1190 1512/1444 2225/2137
f 2225/2137 1512/1444 478/1441 1511/2139
f 1510/2138 2225/2137 1511/2139 479/2140
f 479/2140 1511/2139 2226/2141 1513/2142
f 1511/2139 478/1441 1515/1440 2226/2141
f 2226/2141 1515/1440 481/1367 1514/2143
f 1513/2142 2226/2141 1514/2143 480/2144
f 480/2144 1514/2143 2227/2145 1516/2146
f 1514/2143 481/1367 1518/1366 2227/2145
f 2227/2145 1518/1366 483/1365 1517/2147
f 1516/2146 2227/2145 1517/2147 482/2148
f 482/2148 1517/2147 2228/2149 1519/2150
f 1517/2147 483/1365 1521/1373 2228/2149
f 2228/2149 1521/1373 485/1271 1520/2151
f 1519/2150 2228/2149 1520/2151 484/2152
f 484/2152 1520/2151 2229/2153 1522/2154
f 1520/2151 485/1271 1524/1270 2229/2153
f 2229/2153 1524/1270 487/1269 1523/2155
f 1522/2154 2229/2153 1523/2155 486/2156
f 486/2156 1523/2155 2230/2157 1525/2158
f 1523/2155 487/1269 1527/1323 2230/2157
f 2230/2157 1527/1323 489/1322 1526/2159
f 1525/2158 2230/2157 1526/2159 488/2160
f 488/2160 1526/2159 2231/2161 1528/2162
f 1526/2159 489/1322 1530/1402 2231/2161
f 2231/2161 1530/1402 491/1401 1529/2163
f 1528/2162 2231/2161 1529/2163 490/2164
f 493/2165 1531/2166 2232/2167 1532/2168
f 1531/2166 492/1407 1533/1411 2232/2167
f 2232/2167 1533/1411 246/243 1041/1056
f 1532/2168 2232/2167 1041/1056 247/1055
f 490/2164 1529/2163 2233/2169 1534/2170
f 1529/2163 491/1401 1535/1408 2233/2169
f 2233/2169 1535/1408 492/1407 1531/2166
f 1534/2170 2233/2169 1531/2166 493/2165
f 2/1059 1045/1062 2234/2171 1120/2172
f 1045/1062 230/1064 1509/2173 2234/2171
f 2234/2171 1509/2173 476/1179 1536/1178
f 1120/2172 2234/2171 1536/1178 276/1177
f 302/1299 1570/2174 2235/2175 1157/1300
f 1570/2174 500/2176 1562/2177 2235/2175
f 2235/2175 1562/2177 501/2178 1569/2179
f 1157/1300 2235/2175 1569/2179 304/1303
f 286/1250 1572/2180 2236/2181 1136/1251
f 1572/2180 494/2182 1557/2183 2236/2181
f 2236/2181 1557/2183 496/2184 1571/2185
f 1136/1251 2236/2181 1571/2185 290/1253
f 298/1283 1574/2186 2237/2187 1151/1287
f 1574/2186 498/2188 1560/2189 2237/2187
f 2237/2187 1560/2189 499/2190 1573/2191
f 1151/1287 2237/2187 1573/2191 300/1289
f 314/1342 1576/2192 2238/2193 1174/1343
f 1576/2192 505/2194 1566/2195 2238/2193
f 2238/2193 1566/2195 504/2196 1575/2197
f 1174/1343 2238/2193 1575/2197 312/1336
f 290/1253 1571/2185 2239/2198 1145/1275
f 1571/2185 496/2184 1558/2199 2239/2198
f 2239/2198 1558/2199 497/2200 1577/2201
f 1145/1275 2239/2198 1577/2201 296/1277
f 310/1330 1579/2202 2240/2203 1168/1331
f 1579/2202 503/2204 1564/2205 2240/2203
f 2240/2203 1564/2205 502/2206 1578/2207
f 1168/1331 2240/2203 1578/2207 306/1312
f 306/1312 1578/2207 2241/2208 1161/1313
f 1578/2207 502/2206 1563/2209 2241/2208
f 2241/2208 1563/2209 495/2210 1580/2211
f 1161/1313 2241/2208 1580/2211 288/1248
f 317/1344 1581/2212 2242/2213 1176/1345
f 1581/2212 506/2214 1567/2215 2242/2213
f 2242/2213 1567/2215 505/2194 1576/2192
f 1176/1345 2242/2213 1576/2192 314/1342
f 300/1289 1573/2191 2243/2216 1154/1293
f 1573/2191 499/2190 1561/2217 2243/2216
f 2243/2216 1561/2217 500/2218 1570/2219
f 1154/1293 2243/2216 1570/2219 302/1295
f 288/1248 1580/2211 2244/2220 1133/1249
f 1580/2211 495/2210 1556/2221 2244/2220
f 2244/2220 1556/2221 494/2182 1572/2180
f 1133/1249 2244/2220 1572/2180 286/1250
f 296/1277 1577/2201 2245/2222 1148/1281
f 1577/2201 497/2200 1559/2223 2245/2222
f 2245/2222 1559/2223 498/2188 1574/2186
f 1148/1281 2245/2222 1574/2186 298/1283
f 304/1303 1569/2179 2246/2224 1178/1350
f 1569/2179 501/2178 1568/2225 2246/2224
f 2246/2224 1568/2225 506/2214 1581/2212
f 1178/1350 2246/2224 1581/2212 317/1344
f 312/1336 1575/2197 2247/2226 1171/1337
f 1575/2197 504/2196 1565/2227 2247/2226
f 2247/2226 1565/2227 503/2204 1579/2202
f 1171/1337 2247/2226 1579/2202 310/1330
f 500/2176 1596/2228 2248/2229 1562/2177
f 1596/2228 513/2230 1588/2231 2248/2229
f 2248/2229 1588/2231 514/2232 1595/2233
f 1562/2177 2248/2229 1595/2233 501/2178
f 502/2206 1598/2234 2249/2235 1563/2209
f 1598/2234 515/2236 1589/2237 2249/2235
f 2249/2235 1589/2237 508/2238 1597/2239
f 1563/2209 2249/2235 1597/2239 495/2210
f 495/2210 1597/2239 2250/2240 1556/2221
f 1597/2239 508/2238 1582/2241 2250/2240
f 2250/2240 1582/2241 507/2242 1599/2243
f 1556/2221 2250/2240 1599/2243 494/2182
f 503/2204 1600/2244 2251/2245 1564/2205
f 1600/2244 516/2246 1590/2247 2251/2245
f 2251/2245 1590/2247 515/2236 1598/2234
f 1564/2205 2251/2245 1598/2234 502/2206
f 494/2182 1599/2243 2252/2248 1557/2183
f 1599/2243 507/2242 1583/2249 2252/2248
f 2252/2248 1583/2249 509/2250 1601/2251
f 1557/2183 2252/2248 1601/2251 496/2184
f 504/2196 1602/2252 2253/2253 1565/2227
f 1602/2252 517/2254 1591/2255 2253/2253
f 2253/2253 1591/2255 516/2246 1600/2244
f 1565/2227 2253/2253 1600/2244 503/2204
f 496/2184 1601/2251 2254/2256 1558/2199
f 1601/2251 509/2250 1584/2257 2254/2256
f 2254/2256 1584/2257 510/2258 1603/2259
f 1558/2199 2254/2256 1603/2259 497/2200
f 505/2194 1604/2260 2255/2261 1566/2195
f 1604/2260 518/2262 1592/2263 2255/2261
f 2255/2261 1592/2263 517/2254 1602/2252
f 1566/2195 2255/2261 1602/2252 504/2196
f 497/2200 1603/2259 2256/2264 1559/2223
f 1603/2259 510/2258 1585/2265 2256/2264
f 2256/2264 1585/2265 511/2266 1605/2267
f 1559/2223 2256/2264 1605/2267 498/2188
f 506/2214 1606/2268 2257/2269 1567/2215
f 1606/2268 519/2270 1593/2271 2257/2269
f 2257/2269 1593/2271 518/2262 1604/2260
f 1567/2215 2257/2269 1604/2260 505/2194
f 498/2188 1605/2267 2258/2272 1560/2189
f 1605/2267 511/2266 1586/2273 2258/2272
f 2258/2272 1586/2273 512/2274 1607/2275
f 1560/2189 2258/2272 1607/2275 499/2190
f 501/2178 1595/2233 2259/2276 1568/2225
f 1595/2233 514/2232 1594/2277 2259/2276
f 2259/2276 1594/2277 519/2270 1606/2268
f 1568/2225 2259/2276 1606/2268 506/2214
f 499/2190 1607/2275 2260/2278 1561/2217
f 1607/2275 512/2274 1587/2279 2260/2278
f 2260/2278 1587/2279 513/2280 1596/2281
f 1561/2217 2260/2278 1596/2281 500/2218
f 373/1780 1292/2282 2261/2283 1343/1791
f 1292/2282 530/1788 1640/1793 2261/2283
f 2261/2283 1640/1793 539/1771 1634/2284
f 1343/1791 2261/2283 1634/2284 374/1769
f 377/1741 1296/2285 2262/2286 1341/1779
f 1296/2285 540/1752 1610/1784 2262/2286
f 2262/2286 1610/1784 530/1788 1292/2282
f 1341/1779 2262/2286 1292/2282 373/1780
f 374/1769 1634/2284 2263/2287 1339/1770
f 1634/2284 539/1771 1637/1774 2263/2287
f 2263/2287 1637/1774 541/1663 1636/2288
f 1339/1770 2263/2287 1636/2288 378/1661
f 381/1645 1300/2289 2264/2290 1337/1761
f 1300/2289 528/1656 1613/1763 2264/2290
f 2264/2290 1613/1763 543/1714 1638/2291
f 1337/1761 2264/2290 1638/2291 382/1709
f 385/1726 1304/2292 2265/2293 1335/1755
f 1304/2292 524/1734 1609/1757 2265/2293
f 2265/2293 1609/1757 546/1648 1641/2294
f 1335/1755 2265/2293 1641/2294 386/1643
f 389/1739 1308/2295 2266/2296 1333/1740
f 1308/2295 547/1744 1644/1747 2266/2296
f 2266/2296 1644/1747 540/1752 1296/2285
f 1333/1740 2266/2296 1296/2285 377/1741
f 391/1696 1310/2297 2267/2298 1331/1725
f 1310/2297 545/1704 1625/1730 2267/2298
f 2267/2298 1625/1730 524/1734 1304/2292
f 1331/1725 2267/2298 1304/2292 385/1726
f 382/1709 1638/2291 2268/2299 1329/1710
f 1638/2291 543/1714 1612/1717 2268/2299
f 2268/2299 1612/1717 547/1722 1308/2300
f 1329/1710 2268/2299 1308/2300 389/1711
f 393/1684 1312/2301 2269/2302 1327/1695
f 1312/2301 548/1692 1633/1700 2269/2302
f 2269/2302 1633/1700 545/1704 1310/2297
f 1327/1695 2269/2302 1310/2297 391/1696
f 395/1672 1314/2303 2270/2304 1325/1683
f 1314/2303 550/1680 1616/1688 2270/2304
f 2270/2304 1616/1688 548/1692 1312/2301
f 1325/1683 2270/2304 1312/2301 393/1684
f 133/533 807/2305 2271/2306 1323/1671
f 807/2305 536/534 1647/1676 2271/2306
f 2271/2306 1647/1676 550/1680 1314/2303
f 1323/1671 2271/2306 1314/2303 395/1672
f 378/1661 1636/2288 2272/2307 1321/1662
f 1636/2288 541/1663 1648/1666 2272/2307
f 2272/2307 1648/1666 551/1633 1646/2308
f 1321/1662 2272/2307 1646/2308 396/1631
f 386/1643 1641/2294 2273/2309 1319/1644
f 1641/2294 546/1648 1649/1651 2273/2309
f 2273/2309 1649/1651 528/1656 1300/2289
f 1319/1644 2273/2309 1300/2289 381/1645
f 396/1631 1646/2308 2274/2310 1317/1632
f 1646/2308 551/1633 1650/1636 2274/2310
f 2274/2310 1650/1636 538/490 1632/2311
f 1317/1632 2274/2310 1632/2311 136/483
f 109/643 838/653 2275/2312 783/2313
f 838/653 110/632 1619/2314 2275/2312
f 2275/2312 1619/2314 525/633 1651/654
f 783/2313 2275/2312 1651/654 523/647
f 113/603 836/644 2276/2315 787/2316
f 836/644 109/643 783/2313 2276/2315
f 2276/2315 783/2313 523/647 1652/645
f 787/2316 2276/2315 1652/645 526/610
f 110/632 834/631 2277/2317 1619/2314
f 834/631 114/518 1621/2318 2277/2317
f 2277/2317 1621/2318 527/519 1653/634
f 1619/2314 2277/2317 1653/634 525/633
f 117/501 832/623 2278/2319 791/2320
f 832/623 118/575 1623/2321 2278/2319
f 2278/2319 1623/2321 529/576 1654/624
f 791/2320 2278/2319 1654/624 522/508
f 121/589 830/617 2279/2322 795/2323
f 830/617 122/503 1626/2324 2279/2322
f 2279/2322 1626/2324 532/504 1655/618
f 795/2323 2279/2322 1655/618 521/593
f 125/605 828/604 2280/2325 799/2326
f 828/604 113/603 787/2316 2280/2325
f 2280/2325 787/2316 526/610 1656/607
f 799/2326 2280/2325 1656/607 533/606
f 127/559 826/590 2281/2327 801/2328
f 826/590 121/589 795/2323 2281/2327
f 2281/2327 795/2323 521/593 1657/591
f 801/2328 2281/2327 1657/591 531/563
f 118/575 824/574 2282/2329 1623/2321
f 824/574 125/573 799/2330 2282/2329
f 2282/2329 799/2330 533/580 1658/577
f 1623/2321 2282/2329 1658/577 529/576
f 129/547 822/560 2283/2331 803/2332
f 822/560 127/559 801/2328 2283/2331
f 2283/2331 801/2328 531/563 1659/561
f 803/2332 2283/2331 1659/561 534/551
f 131/531 820/548 2284/2333 805/2334
f 820/548 129/547 803/2332 2284/2333
f 2284/2333 803/2332 534/551 1660/549
f 805/2334 2284/2333 1660/549 535/538
f 133/533 818/532 2285/2335 807/2305
f 818/532 131/531 805/2334 2285/2335
f 2285/2335 805/2334 535/538 1661/535
f 807/2305 2285/2335 1661/535 536/534
f 114/518 816/517 2286/2336 1621/2318
f 816/517 134/485 1631/2337 2286/2336
f 2286/2336 1631/2337 537/486 1662/520
f 1621/2318 2286/2336 1662/520 527/519
f 122/503 814/502 2287/2338 1626/2324
f 814/502 117/501 791/2320 2287/2338
f 2287/2338 791/2320 522/508 1663/505
f 1626/2324 2287/2338 1663/505 532/504
f 134/485 812/484 2288/2339 1631/2337
f 812/484 136/483 1632/2311 2288/2339
f 2288/2339 1632/2311 538/490 1664/487
f 1631/2337 2288/2339 1664/487 537/486
f 339/1458 1278/2340 2289/2341 1222/1456
f 1278/2340 549/1782 1670/1790 2289/2341
f 2289/2341 1670/1790 567/1765 1689/2342
f 1222/1456 2289/2341 1689/2342 338/1449
f 350/1513 1280/2343 2290/2344 1250/1516
f 1280/2343 565/1743 1696/1778 2290/2344
f 2290/2344 1696/1778 549/1782 1278/2340
f 1250/1516 2290/2344 1278/2340 339/1458
f 338/1449 1689/2342 2291/2345 1217/1450
f 1689/2342 567/1765 1672/1768 2291/2345
f 2291/2345 1672/1768 572/1657 1698/2346
f 1217/1450 2291/2345 1698/2346 336/1173
f 353/1539 1282/2347 2292/2348 1251/1540
f 1282/2347 520/1647 1677/1760 2292/2348
f 2292/2348 1677/1760 573/1705 1700/2349
f 1251/1540 2292/2348 1700/2349 352/1505
f 355/1519 1284/2350 2293/2351 1252/1520
f 1284/2350 566/1728 1699/1754 2293/2351
f 2293/2351 1699/1754 574/1639 1701/2352
f 1252/1520 2293/2351 1701/2352 354/1521
f 351/1511 1286/2353 2294/2354 1245/1512
f 1286/2353 568/1735 1669/1738 2294/2354
f 2294/2354 1669/1738 565/1743 1280/2343
f 1245/1512 2294/2354 1280/2343 350/1513
f 356/1531 1287/2355 2295/2356 1253/1534
f 1287/2355 569/1698 1665/1724 2295/2356
f 2295/2356 1665/1724 566/1728 1284/2350
f 1253/1534 2295/2356 1284/2350 355/1519
f 352/1505 1700/2349 2296/2357 1246/1506
f 1700/2349 573/1705 1685/1708 2296/2357
f 2296/2357 1685/1708 568/1713 1286/2358
f 1246/1506 2296/2357 1286/2358 351/1507
f 357/1527 1288/2359 2297/2360 1254/1530
f 1288/2359 570/1686 1667/1694 2297/2360
f 2297/2360 1667/1694 569/1698 1287/2355
f 1254/1530 2297/2360 1287/2355 356/1531
f 358/1525 1289/2361 2298/2362 1255/1526
f 1289/2361 571/1674 1692/1682 2298/2362
f 2298/2362 1692/1682 570/1686 1288/2359
f 1255/1526 2298/2362 1288/2359 357/1527
f 92/380 779/2363 2299/2364 1256/1536
f 779/2363 558/525 1703/1670 2299/2364
f 2299/2364 1703/1670 571/1674 1289/2361
f 1256/1536 2299/2364 1289/2361 358/1525
f 336/1173 1698/2346 2300/2365 1215/1174
f 1698/2346 572/1657 1704/1660 2300/2365
f 2300/2365 1704/1660 575/1627 1702/2366
f 1215/1174 2300/2365 1702/2366 276/1177
f 354/1521 1701/2352 2301/2367 1263/1542
f 1701/2352 574/1639 1705/1642 2301/2367
f 2301/2367 1705/1642 520/1647 1282/2347
f 1263/1542 2301/2367 1282/2347 353/1539
f 276/1177 1702/2366 2302/2368 1120/2172
f 1702/2366 575/1627 1706/1630 2302/2368
f 2302/2368 1706/1630 564/481 1688/2369
f 1120/2172 2302/2368 1688/2369 2/1059
f 70/295 708/293 2303/2370 767/2371
f 708/293 69/286 1683/2372 2303/2370
f 2303/2370 1683/2372 559/627 1707/651
f 767/2371 2303/2370 1707/651 544/641
f 83/354 738/358 2304/2373 769/2374
f 738/358 70/295 767/2371 2304/2373
f 2304/2373 767/2371 544/641 1708/639
f 769/2374 2304/2373 1708/639 552/601
f 69/286 703/285 2305/2375 1683/2372
f 703/285 67/1 1684/2376 2305/2375
f 2305/2375 1684/2376 560/513 1709/628
f 1683/2372 2305/2375 1709/628 559/627
f 86/384 739/383 2306/2377 771/2378
f 739/383 85/350 1686/2379 2306/2377
f 2306/2377 1686/2379 562/567 1710/621
f 771/2378 2306/2377 1710/621 542/499
f 88/364 740/363 2307/2380 773/2381
f 740/363 87/362 1687/2382 2307/2380
f 2307/2380 1687/2382 563/495 1711/615
f 773/2381 2307/2380 1711/615 553/587
f 84/356 733/355 2308/2383 775/2384
f 733/355 83/354 769/2374 2308/2383
f 2308/2383 769/2374 552/601 1712/598
f 775/2384 2308/2383 1712/598 554/597
f 89/373 741/376 2309/2385 776/2386
f 741/376 88/364 773/2381 2309/2385
f 2309/2385 773/2381 553/587 1713/585
f 776/2386 2309/2385 1713/585 555/557
f 85/350 734/349 2310/2387 1686/2379
f 734/349 84/348 775/2388 2310/2387
f 2310/2387 775/2388 554/571 1714/568
f 1686/2379 2310/2387 1714/568 562/567
f 90/368 742/374 2311/2389 777/2390
f 742/374 89/373 776/2386 2311/2389
f 2311/2389 776/2386 555/557 1715/555
f 777/2390 2311/2389 1715/555 556/545
f 91/370 743/369 2312/2391 778/2392
f 743/369 90/368 777/2390 2312/2391
f 2312/2391 777/2390 556/545 1716/543
f 778/2392 2312/2391 1716/543 557/529
f 92/380 744/379 2313/2393 779/2363
f 744/379 91/370 778/2392 2313/2393
f 2313/2393 778/2392 557/529 1717/526
f 779/2363 2313/2393 1717/526 558/525
f 67/1 701/4 2314/2394 1684/2376
f 701/4 1/9 1666/2395 2314/2394
f 2314/2394 1666/2395 561/477 1718/514
f 1684/2376 2314/2394 1718/514 560/513
f 87/362 752/386 2315/2396 1687/2382
f 752/386 86/384 771/2378 2315/2396
f 2315/2396 771/2378 542/499 1719/496
f 1687/2382 2315/2396 1719/496 563/495
f 1/9 604/1060 2316/2397 1666/2395
f 604/1060 2/1059 1688/2369 2316/2397
f 2316/2397 1688/2369 564/481 1720/478
f 1666/2395 2316/2397 1720/478 561/477
f 397/1637 1750/2398 2317/2399 1318/1638
f 1750/2398 598/1620 1726/1625 2317/2399
f 2317/2399 1726/1625 585/473 1735/2400
f 1318/1638 2317/2399 1735/2400 137/492
f 387/1652 1747/2401 2318/2402 1320/1653
f 1747/2401 595/1581 1738/1622 2318/2402
f 2318/2402 1738/1622 600/1564 1299/2403
f 1320/1653 2318/2402 1299/2403 380/1654
f 379/1667 1746/2404 2319/2405 1322/1668
f 1746/2404 594/1563 1748/1616 2319/2405
f 2319/2405 1748/1616 598/1620 1750/2398
f 1322/1668 2319/2405 1750/2398 397/1637
f 132/542 806/2406 2320/2407 1324/1677
f 806/2406 592/456 1757/1613 2320/2407
f 2320/2407 1757/1613 603/1606 1313/2408
f 1324/1677 2320/2407 1313/2408 394/1678
f 394/1678 1313/2408 2321/2409 1326/1689
f 1313/2408 603/1606 1721/1609 2321/2409
f 2321/2409 1721/1609 602/1600 1311/2410
f 1326/1689 2321/2409 1311/2410 392/1690
f 392/1690 1311/2410 2322/2411 1328/1701
f 1311/2410 602/1600 1740/1603 2322/2411
f 2322/2411 1740/1603 596/1588 1309/2412
f 1328/1701 2322/2411 1309/2412 390/1702
f 383/1718 1722/2413 2323/2414 1330/1719
f 1722/2413 578/1572 1723/1595 2323/2414
f 2323/2414 1723/1595 601/1599 1307/2415
f 1330/1719 2323/2414 1307/2415 388/1720
f 390/1702 1309/2412 2324/2416 1332/1731
f 1309/2412 596/1588 1752/1591 2324/2416
f 2324/2416 1752/1591 597/1573 1303/2417
f 1332/1731 2324/2416 1303/2417 384/1732
f 388/1748 1307/2418 2325/2419 1334/1749
f 1307/2418 601/1582 1733/1585 2325/2419
f 2325/2419 1733/1585 599/1552 1295/2420
f 1334/1749 2325/2419 1295/2420 376/1750
f 384/1732 1303/2417 2326/2421 1336/1758
f 1303/2417 597/1573 1754/1576 2326/2421
f 2326/2421 1754/1576 595/1581 1747/2401
f 1336/1758 2326/2421 1747/2401 387/1652
f 380/1654 1299/2403 2327/2422 1338/1764
f 1299/2403 600/1564 1759/1567 2327/2422
f 2327/2422 1759/1567 578/1572 1722/2413
f 1338/1764 2327/2422 1722/2413 383/1718
f 375/1775 1728/2423 2328/2424 1340/1776
f 1728/2423 577/1551 1760/1559 2328/2424
f 2328/2424 1760/1559 594/1563 1746/2404
f 1340/1776 2328/2424 1746/2404 379/1667
f 376/1750 1295/2420 2329/2425 1342/1785
f 1295/2420 599/1552 1761/1555 2329/2425
f 2329/2425 1761/1555 593/1543 1291/2426
f 1342/1785 2329/2425 1291/2426 372/1786
f 372/1786 1291/2426 2330/2427 1344/1794
f 1291/2426 593/1543 1762/1546 2330/2427
f 2330/2427 1762/1546 577/1551 1728/2423
f 1344/1794 2330/2427 1728/2423 375/1775
f 135/494 813/493 2331/2428 1734/2429
f 813/493 137/492 1735/2400 2331/2428
f 2331/2428 1735/2400 585/473 1763/471
f 1734/2429 2331/2428 1763/471 584/464
f 123/512 815/511 2332/2430 1732/2431
f 815/511 116/510 790/2432 2332/2430
f 2332/2430 790/2432 588/408 1764/468
f 1732/2431 2332/2430 1764/468 583/421
f 115/524 817/523 2333/2433 1731/2434
f 817/523 135/494 1734/2429 2333/2433
f 2333/2433 1734/2429 584/464 1765/462
f 1731/2434 2333/2433 1765/462 582/404
f 132/542 819/541 2334/2435 806/2406
f 819/541 130/540 804/2436 2334/2435
f 2334/2435 804/2436 591/450 1766/457
f 806/2406 2334/2435 1766/457 592/456
f 130/540 821/554 2335/2437 804/2436
f 821/554 128/553 802/2438 2335/2437
f 2335/2437 802/2438 590/444 1767/451
f 804/2436 2335/2437 1767/451 591/450
f 128/553 823/566 2336/2439 802/2438
f 823/566 126/565 800/2440 2336/2439
f 2336/2439 800/2440 576/432 1768/445
f 802/2438 2336/2439 1768/445 590/444
f 119/584 825/583 2337/2441 1727/2442
f 825/583 124/582 798/2443 2337/2441
f 2337/2441 798/2443 589/440 1769/438
f 1727/2442 2337/2441 1769/438 579/412
f 126/565 827/596 2338/2444 800/2440
f 827/596 120/595 794/2445 2338/2444
f 2338/2444 794/2445 581/417 1770/433
f 800/2440 2338/2444 1770/433 576/432
f 124/614 829/613 2339/2446 798/2447
f 829/613 112/612 786/2448 2339/2446
f 2339/2446 786/2448 587/396 1771/427
f 798/2447 2339/2446 1771/427 589/426
f 120/595 831/620 2340/2449 794/2445
f 831/620 123/512 1732/2431 2340/2449
f 2340/2449 1732/2431 583/421 1772/418
f 794/2445 2340/2449 1772/418 581/417
f 116/510 833/626 2341/2450 790/2432
f 833/626 119/584 1727/2442 2341/2450
f 2341/2450 1727/2442 579/412 1773/409
f 790/2432 2341/2450 1773/409 588/408
f 111/638 835/637 2342/2451 1729/2452
f 835/637 115/524 1731/2434 2342/2451
f 2342/2451 1731/2434 582/404 1774/402
f 1729/2452 2342/2451 1774/402 580/391
f 112/612 837/650 2343/2453 786/2448
f 837/650 108/649 782/2454 2343/2453
f 2343/2453 782/2454 586/387 1775/397
f 786/2448 2343/2453 1775/397 587/396
f 108/649 839/656 2344/2455 782/2454
f 839/656 111/638 1729/2452 2344/2455
f 2344/2455 1729/2452 580/391 1776/388
f 782/2454 2344/2455 1776/388 586/387
f 2411/2456 3045/2457 4121/2458 3044/2459
f 3044/2459 4121/2458 3393/2460 2410/2461
f 4121/2458 3390/2462 2572/2463 3393/2460
f 3045/2457 2345/2464 3390/2462 4121/2458
f 2575/2465 3391/2466 4122/2467 3359/2468
f 3359/2468 4122/2467 3392/2469 2573/2470
f 4122/2467 2949/2471 2347/2472 3392/2469
f 3391/2466 2348/2473 2949/2471 4122/2467
f 2572/2463 3362/2474 4123/2475 3393/2460
f 3393/2460 4123/2475 3884/2476 2410/2461
f 4123/2475 3396/2477 2390/2478 3884/2476
f 3362/2474 2577/2479 3396/2477 4123/2475
f 2577/2479 3365/2480 4124/2481 3396/2477
f 3396/2477 4124/2481 3012/2482 2390/2478
f 4124/2481 3397/2483 2392/2484 3012/2482
f 3365/2480 2578/2485 3397/2483 4124/2481
f 2364/2486 3014/2487 4125/2488 3399/2489
f 3399/2489 4125/2488 3368/2490 2580/2491
f 4125/2488 3397/2483 2578/2485 3368/2490
f 3014/2487 2392/2484 3397/2483 4125/2488
f 2582/2492 3401/2493 4126/2494 3371/2495
f 3371/2495 4126/2494 3399/2489 2580/2491
f 4126/2494 2970/2496 2364/2486 3399/2489
f 3401/2493 2366/2497 2970/2496 4126/2494
f 2582/2492 3374/2498 4127/2499 3401/2493
f 3401/2493 4127/2499 2991/2500 2366/2497
f 4127/2499 3403/2501 2380/2502 2991/2500
f 3374/2498 2584/2503 3403/2501 4127/2499
f 2586/2504 3405/2505 4128/2506 3377/2507
f 3377/2507 4128/2506 3403/2501 2584/2503
f 4128/2506 3026/2508 2380/2502 3403/2501
f 3405/2505 2400/2509 3026/2508 4128/2506
f 2588/2510 3407/2511 4129/2512 3380/2513
f 3380/2513 4129/2512 3405/2505 2586/2504
f 4129/2512 3027/2514 2400/2509 3405/2505
f 3407/2511 2401/2515 3027/2514 4129/2512
f 2591/2516 3411/2517 4130/2518 3384/2519
f 3384/2519 4130/2518 3409/2520 2593/2521
f 4130/2518 3029/2522 2402/2523 3409/2520
f 3411/2517 2403/2524 3029/2522 4130/2518
f 2593/2521 3409/2520 4131/2525 3387/2526
f 3387/2526 4131/2525 3407/2511 2588/2510
f 4131/2525 3028/2527 2401/2515 3407/2511
f 3409/2520 2402/2523 3028/2527 4131/2525
f 2359/2528 2962/2529 4132/2530 2959/2531
f 2959/2531 4132/2530 2961/2532 2358/2533
f 4132/2530 2960/2534 2360/2535 2961/2532
f 2962/2529 2361/2536 2960/2534 4132/2530
f 2358/2533 2964/2537 4133/2538 2959/2531
f 2959/2531 4133/2538 2965/2539 2359/2528
f 4133/2538 2963/2540 2363/2541 2965/2539
f 2964/2537 2362/2542 2963/2540 4133/2538
f 2367/2543 2967/2544 4134/2545 2971/2546
f 2971/2546 4134/2545 2966/2547 2365/2548
f 4134/2545 2962/2529 2359/2528 2966/2547
f 2967/2544 2361/2536 2962/2529 4134/2545
f 2352/2549 2954/2550 4135/2551 3400/2552
f 3400/2552 4135/2551 3376/2553 2583/2554
f 4135/2551 3402/2555 2585/2556 3376/2553
f 2954/2550 2353/2557 3402/2555 4135/2551
f 2366/2497 2969/2558 4136/2559 2970/2496
f 2970/2496 4136/2559 2968/2560 2364/2486
f 4136/2559 2971/2546 2365/2548 2968/2560
f 2969/2558 2367/2543 2971/2546 4136/2559
f 2362/2542 2973/2561 4137/2562 2963/2540
f 2963/2540 4137/2562 2974/2563 2363/2541
f 4137/2562 2972/2564 2369/2565 2974/2563
f 2973/2561 2368/2566 2972/2564 4137/2562
f 2368/2566 2976/2567 4138/2568 2972/2564
f 2972/2564 4138/2568 2977/2569 2369/2565
f 4138/2568 2975/2570 2371/2571 2977/2569
f 2976/2567 2370/2572 2975/2570 4138/2568
f 2370/2572 2979/2573 4139/2574 2975/2570
f 2975/2570 4139/2574 2980/2575 2371/2571
f 4139/2574 2978/2576 2373/2577 2980/2575
f 2979/2573 2372/2578 2978/2576 4139/2574
f 2372/2578 2982/2579 4140/2580 2978/2576
f 2978/2576 4140/2580 2983/2581 2373/2577
f 4140/2580 2981/2582 2375/2583 2983/2581
f 2982/2579 2374/2584 2981/2582 4140/2580
f 2374/2585 2985/2586 4141/2587 2981/2588
f 2981/2588 4141/2587 2986/2589 2375/2590
f 4141/2587 2984/2591 2377/2592 2986/2589
f 2985/2586 2376/2593 2984/2591 4141/2587
f 2361/2536 2988/2594 4142/2595 2960/2534
f 2960/2534 4142/2595 2989/2596 2360/2535
f 4142/2595 2987/2597 2378/2598 2989/2596
f 2988/2594 2379/2599 2987/2597 4142/2595
f 2366/2497 2991/2500 4143/2600 2969/2558
f 2969/2558 4143/2600 2992/2601 2367/2543
f 4143/2600 2990/2602 2381/2603 2992/2601
f 2991/2500 2380/2502 2990/2602 4143/2600
f 2353/2557 2955/2604 4144/2605 3402/2555
f 3402/2555 4144/2605 3379/2606 2585/2556
f 4144/2605 3404/2607 2587/2608 3379/2606
f 2955/2604 2354/2609 3404/2607 4144/2605
f 2367/2543 2992/2601 4145/2610 2967/2544
f 2967/2544 4145/2610 2988/2594 2361/2536
f 4145/2610 2993/2611 2379/2599 2988/2594
f 2992/2601 2381/2603 2993/2611 4145/2610
f 2379/2599 2995/2612 4146/2613 2987/2597
f 2987/2597 4146/2613 2996/2614 2378/2598
f 4146/2613 2994/2615 2382/2616 2996/2614
f 2995/2612 2383/2617 2994/2615 4146/2613
f 2383/2617 2998/2618 4147/2619 2994/2615
f 2994/2615 4147/2619 2999/2620 2382/2616
f 4147/2619 2997/2621 2384/2622 2999/2620
f 2998/2618 2385/2623 2997/2621 4147/2619
f 2385/2623 3001/2624 4148/2625 2997/2621
f 2997/2621 4148/2625 3002/2626 2384/2622
f 4148/2625 3000/2627 2386/2628 3002/2626
f 3001/2624 2387/2629 3000/2627 4148/2625
f 2389/2630 3004/2631 4149/2632 3007/2633
f 3007/2633 4149/2632 3003/2634 2388/2635
f 4149/2632 3000/2627 2387/2629 3003/2634
f 3004/2631 2386/2628 3000/2627 4149/2632
f 2376/2593 3006/2636 4150/2637 2984/2591
f 2984/2591 4150/2637 3005/2638 2377/2592
f 4150/2637 3007/2633 2388/2635 3005/2638
f 3006/2636 2389/2630 3007/2633 4150/2637
f 2391/2639 3013/2640 4151/2641 3008/2642
f 3008/2642 4151/2641 2974/2563 2369/2565
f 4151/2641 3009/2643 2363/2541 2974/2563
f 3013/2640 2393/2644 3009/2643 4151/2641
f 2350/2645 2952/2646 4152/2647 3395/2648
f 3395/2648 4152/2647 3370/2649 2579/2650
f 4152/2647 3398/2651 2581/2652 3370/2649
f 2952/2646 2351/2653 3398/2651 4152/2647
f 2390/2478 3012/2482 4153/2654 3010/2655
f 3010/2655 4153/2654 3013/2640 2391/2639
f 4153/2654 3011/2656 2393/2644 3013/2640
f 3012/2482 2392/2484 3011/2656 4153/2654
f 2351/2653 2953/2657 4154/2658 3398/2651
f 3398/2651 4154/2658 3373/2659 2581/2652
f 4154/2658 3400/2552 2583/2554 3373/2659
f 2953/2657 2352/2549 3400/2552 4154/2658
f 2365/2548 3015/2660 4155/2661 2968/2560
f 2968/2560 4155/2661 3014/2487 2364/2486
f 4155/2661 3011/2656 2392/2484 3014/2487
f 3015/2660 2393/2644 3011/2656 4155/2661
f 2359/2528 2965/2539 4156/2662 2966/2547
f 2966/2547 4156/2662 3015/2660 2365/2548
f 4156/2662 3009/2643 2393/2644 3015/2660
f 2965/2539 2363/2541 3009/2643 4156/2662
f 2383/2617 3017/2663 4157/2664 2998/2618
f 2998/2618 4157/2664 3018/2665 2385/2623
f 4157/2664 3016/2666 2395/2667 3018/2665
f 3017/2663 2394/2668 3016/2666 4157/2664
f 2394/2668 3020/2669 4158/2670 3016/2666
f 3016/2666 4158/2670 3021/2671 2395/2667
f 4158/2670 3019/2672 2397/2673 3021/2671
f 3020/2669 2396/2674 3019/2672 4158/2670
f 2396/2674 3023/2675 4159/2676 3019/2672
f 3019/2672 4159/2676 3024/2677 2397/2673
f 4159/2676 3022/2678 2399/2679 3024/2677
f 3023/2675 2398/2680 3022/2678 4159/2676
f 2381/2603 3025/2681 4160/2682 2993/2611
f 2993/2611 4160/2682 2995/2612 2379/2599
f 4160/2682 3017/2663 2383/2617 2995/2612
f 3025/2681 2394/2668 3017/2663 4160/2682
f 2354/2609 2956/2683 4161/2684 3404/2607
f 3404/2607 4161/2684 3382/2685 2587/2608
f 4161/2684 3406/2686 2589/2687 3382/2685
f 2956/2683 2355/2688 3406/2686 4161/2684
f 2355/2688 2957/2689 4162/2690 3406/2686
f 3406/2686 4162/2690 3388/2691 2589/2687
f 4162/2690 3408/2692 2592/2693 3388/2691
f 2957/2689 2357/2694 3408/2692 4162/2690
f 2357/2694 2958/2695 4163/2696 3408/2692
f 3408/2692 4163/2696 3386/2697 2592/2693
f 4163/2696 3410/2698 2590/2699 3386/2697
f 2958/2695 2356/2700 3410/2698 4163/2696
f 2381/2603 2990/2602 4164/2701 3025/2681
f 3025/2681 4164/2701 3020/2669 2394/2668
f 4164/2701 3030/2702 2396/2674 3020/2669
f 2990/2602 2380/2502 3030/2702 4164/2701
f 2398/2680 3023/2675 4165/2703 3031/2704
f 3031/2704 4165/2703 3026/2508 2400/2509
f 4165/2703 3030/2702 2380/2502 3026/2508
f 3023/2675 2396/2674 3030/2702 4165/2703
f 2398/2680 3034/2705 4166/2706 3022/2678
f 3022/2678 4166/2706 3033/2707 2399/2679
f 4166/2706 3032/2708 2405/2709 3033/2707
f 3034/2705 2404/2710 3032/2708 4166/2706
f 2404/2710 3037/2711 4167/2712 3032/2708
f 3032/2708 4167/2712 3036/2713 2405/2709
f 4167/2712 3035/2714 2407/2715 3036/2713
f 3037/2711 2406/2716 3035/2714 4167/2712
f 2406/2716 3040/2717 4168/2718 3035/2714
f 3035/2714 4168/2718 3039/2719 2407/2715
f 4168/2718 3038/2720 2409/2721 3039/2719
f 3040/2717 2408/2722 3038/2720 4168/2718
f 2401/2515 3041/2723 4169/2724 3027/2514
f 3027/2514 4169/2724 3031/2704 2400/2509
f 4169/2724 3034/2705 2398/2680 3031/2704
f 3041/2723 2404/2710 3034/2705 4169/2724
f 2402/2523 3042/2725 4170/2726 3028/2527
f 3028/2527 4170/2726 3041/2723 2401/2515
f 4170/2726 3037/2711 2404/2710 3041/2723
f 3042/2725 2406/2716 3037/2711 4170/2726
f 2403/2524 3043/2727 4171/2728 3029/2522
f 3029/2522 4171/2728 3042/2725 2402/2523
f 4171/2728 3040/2717 2406/2716 3042/2725
f 3043/2727 2408/2722 3040/2717 4171/2728
f 2349/2729 2951/2730 4172/2731 3394/2732
f 3394/2732 4172/2731 3367/2733 2576/2734
f 4172/2731 3395/2648 2579/2650 3367/2733
f 2951/2730 2350/2645 3395/2648 4172/2731
f 2347/2472 2950/2735 4173/2736 3392/2469
f 3392/2469 4173/2736 3364/2737 2573/2470
f 4173/2736 3394/2732 2576/2734 3364/2737
f 2950/2735 2349/2729 3394/2732 4173/2736
f 2410/2461 3048/2738 4174/2739 3044/2459
f 3044/2459 4174/2739 3047/2740 2411/2456
f 4174/2739 3046/2741 2413/2742 3047/2740
f 3048/2738 2412/2743 3046/2741 4174/2739
f 2410/2461 3884/2476 4175/2744 3048/2738
f 3048/2738 4175/2744 3049/2745 2412/2743
f 4175/2744 3010/2655 2391/2639 3049/2745
f 3884/2476 2390/2478 3010/2655 4175/2744
f 2371/2571 3050/2746 4176/2747 2977/2569
f 2977/2569 4176/2747 3008/2642 2369/2565
f 4176/2747 3049/2745 2391/2639 3008/2642
f 3050/2746 2412/2743 3049/2745 4176/2747
f 2413/2742 3046/2741 4177/2748 3052/2749
f 3052/2749 4177/2748 3051/2750 2414/2751
f 4177/2748 3050/2746 2371/2571 3051/2750
f 3046/2741 2412/2743 3050/2746 4177/2748
f 2387/2629 3055/2752 4178/2753 3003/2634
f 3003/2634 4178/2753 3054/2754 2388/2635
f 4178/2753 3053/2755 2416/2756 3054/2754
f 3055/2752 2415/2757 3053/2755 4178/2753
f 2415/2757 3058/2758 4179/2759 3053/2755
f 3053/2755 4179/2759 3057/2760 2416/2756
f 4179/2759 3056/2761 2418/2762 3057/2760
f 3058/2758 2417/2763 3056/2761 4179/2759
f 2417/2763 3061/2764 4180/2765 3056/2761
f 3056/2761 4180/2765 3060/2766 2418/2762
f 4180/2765 3059/2767 2420/2768 3060/2766
f 3061/2764 2419/2769 3059/2767 4180/2765
f 2419/2769 3064/2770 4181/2771 3059/2767
f 3059/2767 4181/2771 3063/2772 2420/2768
f 4181/2771 3062/2773 2422/2774 3063/2772
f 3064/2770 2421/2775 3062/2773 4181/2771
f 2421/2775 3067/2776 4182/2777 3062/2773
f 3062/2773 4182/2777 3066/2778 2422/2774
f 4182/2777 3065/2779 2424/2780 3066/2778
f 3067/2776 2423/2781 3065/2779 4182/2777
f 2423/2781 3070/2782 4183/2783 3065/2779
f 3065/2779 4183/2783 3069/2784 2424/2780
f 4183/2783 3068/2785 2426/2786 3069/2784
f 3070/2782 2425/2787 3068/2785 4183/2783
f 2395/2667 3071/2788 4184/2789 3018/2665
f 3018/2665 4184/2789 3001/2624 2385/2623
f 4184/2789 3055/2752 2387/2629 3001/2624
f 3071/2788 2415/2757 3055/2752 4184/2789
f 2397/2673 3072/2790 4185/2791 3021/2671
f 3021/2671 4185/2791 3071/2788 2395/2667
f 4185/2791 3058/2758 2415/2757 3071/2788
f 3072/2790 2417/2763 3058/2758 4185/2791
f 2399/2679 3073/2792 4186/2793 3024/2677
f 3024/2677 4186/2793 3072/2790 2397/2673
f 4186/2793 3061/2764 2417/2763 3072/2790
f 3073/2792 2419/2769 3061/2764 4186/2793
f 2405/2709 3074/2794 4187/2795 3033/2707
f 3033/2707 4187/2795 3073/2792 2399/2679
f 4187/2795 3064/2770 2419/2769 3073/2792
f 3074/2794 2421/2775 3064/2770 4187/2795
f 2407/2715 3075/2796 4188/2797 3036/2713
f 3036/2713 4188/2797 3074/2794 2405/2709
f 4188/2797 3067/2776 2421/2775 3074/2794
f 3075/2796 2423/2781 3067/2776 4188/2797
f 2409/2721 3076/2798 4189/2799 3039/2719
f 3039/2719 4189/2799 3075/2796 2407/2715
f 4189/2799 3070/2782 2423/2781 3075/2796
f 3076/2798 2425/2787 3070/2782 4189/2799
f 2377/2592 3080/2800 4190/2801 2986/2589
f 2986/2589 4190/2801 3079/2802 2375/2590
f 4190/2801 3078/2803 2428/2804 3079/2802
f 3080/2800 2429/2805 3078/2803 4190/2801
f 2375/2583 3079/2806 4191/2807 2983/2581
f 2983/2581 4191/2807 3081/2808 2373/2577
f 4191/2807 3077/2809 2427/2810 3081/2808
f 3079/2806 2428/2811 3077/2809 4191/2807
f 2373/2577 3081/2808 4192/2812 2980/2575
f 2980/2575 4192/2812 3051/2750 2371/2571
f 4192/2812 3082/2813 2414/2751 3051/2750
f 3081/2808 2427/2810 3082/2813 4192/2812
f 2418/2762 3090/2814 4193/2815 3057/2760
f 3057/2760 4193/2815 3089/2816 2416/2756
f 4193/2815 3084/2817 2431/2818 3089/2816
f 3090/2814 2432/2819 3084/2817 4193/2815
f 2424/2780 3092/2820 4194/2821 3066/2778
f 3066/2778 4194/2821 3091/2822 2422/2774
f 4194/2821 3087/2823 2434/2824 3091/2822
f 3092/2820 2435/2825 3087/2823 4194/2821
f 2422/2774 3091/2822 4195/2826 3063/2772
f 3063/2772 4195/2826 3093/2827 2420/2768
f 4195/2826 3086/2828 2433/2829 3093/2827
f 3091/2822 2434/2824 3086/2828 4195/2826
f 2420/2768 3093/2827 4196/2830 3060/2766
f 3060/2766 4196/2830 3090/2814 2418/2762
f 4196/2830 3085/2831 2432/2819 3090/2814
f 3093/2827 2433/2829 3085/2831 4196/2830
f 2426/2786 3094/2832 4197/2833 3069/2784
f 3069/2784 4197/2833 3092/2820 2424/2780
f 4197/2833 3088/2834 2435/2825 3092/2820
f 3094/2832 2436/2835 3088/2834 4197/2833
f 2388/2635 3095/2836 4198/2837 3005/2638
f 3005/2638 4198/2837 3080/2800 2377/2592
f 4198/2837 3083/2838 2429/2805 3080/2800
f 3095/2836 2430/2839 3083/2838 4198/2837
f 2388/2635 3054/2754 4199/2840 3095/2836
f 3095/2836 4199/2840 3096/2841 2430/2839
f 4199/2840 3089/2816 2431/2818 3096/2841
f 3054/2754 2416/2756 3089/2816 4199/2840
f 2930/2842 4080/2843 4200/2844 4120/2845
f 4120/2845 4200/2844 3112/2846 2924/2847
f 4200/2844 3100/2848 2440/2849 3112/2846
f 4080/2843 2441/2850 3100/2848 4200/2844
f 2931/2851 4081/2852 4201/2853 4119/2854
f 4119/2854 4201/2853 4080/2843 2930/2842
f 4201/2853 3103/2855 2441/2850 4080/2843
f 4081/2852 2442/2856 3103/2855 4201/2853
f 2924/2847 3112/2846 4202/2857 4118/2858
f 4118/2858 4202/2857 3114/2859 2926/2860
f 4202/2857 3099/2861 2439/2862 3114/2859
f 3112/2846 2440/2849 3099/2861 4202/2857
f 2932/2863 4083/2864 4203/2865 4117/2866
f 4117/2866 4203/2865 3116/2867 2923/2868
f 4203/2865 3104/2869 2444/2870 3116/2867
f 4083/2864 2445/2871 3104/2869 4203/2865
f 2925/2872 4074/2873 4204/2874 4116/2875
f 4116/2875 4204/2874 3118/2876 2927/2877
f 4204/2874 3105/2878 2446/2879 3118/2876
f 4074/2873 2447/2880 3105/2878 4204/2874
f 2933/2881 4085/2882 4205/2883 4115/2884
f 4115/2884 4205/2883 4081/2852 2931/2851
f 4205/2883 3101/2885 2442/2856 4081/2852
f 4085/2882 2443/2886 3101/2885 4205/2883
f 2920/2887 4068/2888 4206/2889 4114/2890
f 4114/2890 4206/2889 4074/2873 2925/2872
f 4206/2889 3106/2891 2447/2880 4074/2873
f 4068/2888 2448/2892 3106/2891 4206/2889
f 2923/2868 3116/2867 4207/2893 4113/2894
f 4113/2894 4207/2893 4085/2895 2933/2896
f 4207/2893 3102/2897 2443/2898 4085/2895
f 3116/2867 2444/2870 3102/2897 4207/2893
f 2934/2899 4086/2900 4208/2901 4112/2902
f 4112/2902 4208/2901 4068/2888 2920/2887
f 4208/2901 3107/2903 2448/2892 4068/2888
f 4086/2900 2449/2904 3107/2903 4208/2901
f 2935/2905 4087/2906 4209/2907 4111/2908
f 4111/2908 4209/2907 4086/2900 2934/2899
f 4209/2907 3108/2909 2449/2904 4086/2900
f 4087/2906 2450/2910 3108/2909 4209/2907
f 2936/2911 4088/2912 4210/2913 4110/2914
f 4110/2914 4210/2913 4087/2906 2935/2905
f 4210/2913 3109/2915 2450/2910 4087/2906
f 4088/2912 2451/2916 3109/2915 4210/2913
f 2926/2860 3114/2859 4211/2917 4109/2918
f 4109/2918 4211/2917 3124/2919 2928/2920
f 4211/2917 3098/2921 2437/2922 3124/2919
f 3114/2859 2439/2862 3098/2921 4211/2917
f 2927/2877 3118/2876 4212/2923 4108/2924
f 4108/2924 4212/2923 4083/2864 2932/2863
f 4212/2923 3110/2925 2445/2871 4083/2864
f 3118/2876 2446/2879 3110/2925 4212/2923
f 2928/2920 3124/2919 4213/2926 4107/2927
f 4107/2927 4213/2926 3125/2928 2929/2929
f 4213/2926 3097/2930 2438/2931 3125/2928
f 3124/2919 2437/2922 3097/2930 4213/2926
f 2905/2932 3152/2933 4214/2934 4064/2935
f 4064/2935 4214/2934 3154/2936 2908/2937
f 4214/2934 3156/2938 2480/2939 3154/2936
f 3152/2933 2478/2940 3156/2938 4214/2934
f 2881/2941 3153/2942 4215/2943 4008/2944
f 4008/2944 4215/2943 3155/2945 2882/2946
f 4215/2943 3157/2947 2481/2948 3155/2945
f 3153/2942 2479/2949 3157/2947 4215/2943
f 2907/2950 3140/2951 4216/2952 4063/2953
f 4063/2953 4216/2952 4015/2954 2886/2955
f 4216/2952 3158/2956 2461/2957 4015/2954
f 3140/2951 2466/2958 3158/2956 4216/2952
f 2876/2959 3141/2960 4217/2961 4007/2962
f 4007/2962 4217/2961 3955/2963 2866/2964
f 4217/2961 3159/2965 2460/2966 3955/2963
f 3141/2960 2467/2967 3159/2965 4217/2961
f 2904/2968 3132/2969 4218/2970 4062/2971
f 4062/2971 4218/2970 3152/2933 2905/2932
f 4218/2970 3160/2972 2478/2940 3152/2933
f 3132/2969 2458/2973 3160/2972 4218/2970
f 2871/2974 3133/2975 4219/2976 4006/2977
f 4006/2977 4219/2976 3153/2942 2881/2941
f 4219/2976 3161/2978 2479/2949 3153/2942
f 3133/2975 2459/2979 3161/2978 4219/2976
f 2902/2980 4026/2981 4220/2982 4061/2983
f 4061/2983 4220/2982 4025/2984 2901/2985
f 4220/2982 3162/2986 2475/2987 4025/2984
f 4026/2981 2477/2988 3162/2986 4220/2982
f 2880/2989 3974/2990 4221/2991 4005/2992
f 4005/2992 4221/2991 3973/2993 2879/2994
f 4221/2991 3163/2995 2474/2996 3973/2993
f 3974/2990 2476/2997 3163/2995 4221/2991
f 2901/2985 4025/2984 4222/2998 4060/2999
f 4060/2999 4222/2998 4024/3000 2900/3001
f 4222/2998 3164/3002 2473/3003 4024/3000
f 4025/2984 2475/2987 3164/3002 4222/2998
f 2879/2994 3973/2993 4223/3004 4004/3005
f 4004/3005 4223/3004 3972/3006 2878/3007
f 4223/3004 3165/3008 2472/3009 3972/3006
f 3973/2993 2474/2996 3165/3008 4223/3004
f 2900/3001 4024/3000 4224/3010 4059/3011
f 4059/3011 4224/3010 4023/3012 2899/3013
f 4224/3010 3166/3014 2471/3015 4023/3012
f 4024/3000 2473/3003 3166/3014 4224/3010
f 2878/3007 3972/3006 4225/3016 4003/3017
f 4003/3017 4225/3016 3968/3018 2875/3019
f 4225/3016 3167/3020 2470/3021 3968/3018
f 3972/3006 2472/3009 3167/3020 4225/3016
f 2906/3022 3136/3023 4226/3024 4058/3025
f 4058/3025 4226/3024 4022/3026 2898/3027
f 4226/3024 3168/3028 2469/3029 4022/3026
f 3136/3023 2462/3030 3168/3028 4226/3024
f 2873/3031 3137/3032 4227/3033 4002/3034
f 4002/3034 4227/3033 3971/3035 2877/3036
f 4227/3033 3169/3037 2468/3038 3971/3035
f 3137/3032 2463/3039 3169/3037 4227/3033
f 2899/3013 4023/3012 4228/3040 4057/3041
f 4057/3041 4228/3040 4020/3042 2897/3043
f 4228/3040 3170/3044 2465/3045 4020/3042
f 4023/3012 2471/3015 3170/3044 4228/3040
f 2875/3019 3968/3018 4229/3046 4001/3047
f 4001/3047 4229/3046 3958/3048 2865/3049
f 4229/3046 3171/3050 2464/3051 3958/3048
f 3968/3018 2470/3021 3171/3050 4229/3046
f 2898/3052 4022/3053 4230/3054 4056/3055
f 4056/3055 4230/3054 4019/3056 2896/3057
f 4230/3054 3172/3058 2457/3059 4019/3056
f 4022/3053 2469/3060 3172/3058 4230/3054
f 2877/3061 3971/3062 4231/3063 4000/3064
f 4000/3064 4231/3063 3964/3065 2870/3066
f 4231/3063 3173/3067 2456/3068 3964/3065
f 3971/3062 2468/3069 3173/3067 4231/3063
f 2897/3043 4020/3042 4232/3070 4055/3071
f 4055/3071 4232/3070 3140/2951 2907/2950
f 4232/3070 3174/3072 2466/2958 3140/2951
f 4020/3042 2465/3045 3174/3072 4232/3070
f 2865/3049 3958/3048 4233/3073 3999/3074
f 3999/3074 4233/3073 3141/2960 2876/2959
f 4233/3073 3175/3075 2467/2967 3141/2960
f 3958/3048 2464/3051 3175/3075 4233/3073
f 2886/2955 4015/2954 4234/3076 4054/3077
f 4054/3077 4234/3076 3136/3023 2906/3022
f 4234/3076 3176/3078 2462/3030 3136/3023
f 4015/2954 2461/2957 3176/3078 4234/3076
f 2866/2964 3955/2963 4235/3079 3998/3080
f 3998/3080 4235/3079 3137/3032 2873/3031
f 4235/3079 3177/3081 2463/3039 3137/3032
f 3955/2963 2460/2966 3177/3081 4235/3079
f 2903/3082 3128/3083 4236/3084 4053/3085
f 4053/3085 4236/3084 3132/2969 2904/2968
f 4236/3084 3178/3086 2458/2973 3132/2969
f 3128/3083 2454/3087 3178/3086 4236/3084
f 2869/3088 3129/3089 4237/3090 3997/3091
f 3997/3091 4237/3090 3133/2975 2871/2974
f 4237/3090 3179/3092 2459/2979 3133/2975
f 3129/3089 2455/3093 3179/3092 4237/3090
f 2896/3057 4019/3056 4238/3094 4052/3095
f 4052/3095 4238/3094 4017/3096 2888/3097
f 4238/3094 3180/3098 2453/3099 4017/3096
f 4019/3056 2457/3059 3180/3098 4238/3094
f 2870/3066 3964/3065 4239/3100 3996/3101
f 3996/3101 4239/3100 3961/3102 2867/3103
f 4239/3100 3181/3104 2452/3105 3961/3102
f 3964/3065 2456/3068 3181/3104 4239/3100
f 2888/3097 4017/3096 4240/3106 4051/3107
f 4051/3107 4240/3106 3128/3083 2903/3082
f 4240/3106 3182/3108 2454/3087 3128/3083
f 4017/3096 2453/3099 3182/3108 4240/3106
f 2867/3103 3961/3102 4241/3109 3995/3110
f 3995/3110 4241/3109 3129/3089 2869/3088
f 4241/3109 3183/3111 2455/3093 3129/3089
f 3961/3102 2452/3105 3183/3111 4241/3109
f 2502/3112 3218/3113 4242/3114 3357/3115
f 3357/3115 4242/3114 3198/3116 2501/3117
f 4242/3114 3194/3118 2493/3119 3198/3116
f 3218/3113 2494/3120 3194/3118 4242/3114
f 2512/3121 3228/3122 4243/3123 3352/3124
f 3352/3124 4243/3123 3200/3125 2511/3126
f 4243/3123 3187/3127 2485/3128 3200/3125
f 3228/3122 2486/3129 3187/3127 4243/3123
f 2517/3130 3233/3131 4244/3132 3347/3133
f 3347/3133 4244/3132 3218/3113 2502/3112
f 4244/3132 3195/3134 2494/3120 3218/3113
f 3233/3131 2495/3135 3195/3134 4244/3132
f 2527/3136 3243/3137 4245/3138 3342/3139
f 3342/3139 4245/3138 3203/3140 2526/3141
f 4245/3138 3188/3142 2487/3143 3203/3140
f 3243/3137 2488/3144 3188/3142 4245/3138
f 2532/3145 3248/3146 4246/3147 3337/3148
f 3337/3148 4246/3147 3233/3131 2517/3130
f 4246/3147 3196/3149 2495/3135 3233/3131
f 3248/3146 2496/3150 3196/3149 4246/3147
f 2537/3151 3253/3152 4247/3153 3332/3154
f 3332/3154 4247/3153 3243/3155 2527/3156
f 4247/3153 3189/3157 2488/3158 3243/3155
f 3253/3152 2489/3159 3189/3157 4247/3153
f 2547/3160 3263/3161 4248/3162 3327/3163
f 3327/3163 4248/3162 3207/3164 2546/3165
f 4248/3162 3197/3166 2490/3167 3207/3164
f 3263/3161 2491/3168 3197/3166 4248/3162
f 2526/3141 3203/3140 4249/3169 3322/3170
f 3322/3170 4249/3169 3228/3122 2512/3121
f 4249/3169 3190/3171 2486/3129 3228/3122
f 3203/3140 2487/3143 3190/3171 4249/3169
f 2546/3165 3207/3164 4250/3172 3317/3173
f 3317/3173 4250/3172 3253/3152 2537/3151
f 4250/3172 3191/3174 2489/3159 3253/3152
f 3207/3164 2490/3167 3191/3174 4250/3172
f 2557/3175 3273/3176 4251/3177 3312/3178
f 3312/3178 4251/3177 3209/3179 2556/3180
f 4251/3177 3184/3181 2483/3182 3209/3179
f 3273/3176 2482/3183 3184/3181 4251/3177
f 2562/3184 3278/3185 4252/3186 3307/3187
f 3307/3187 4252/3186 3263/3161 2547/3160
f 4252/3186 3192/3188 2491/3168 3263/3161
f 3278/3185 2492/3189 3192/3188 4252/3186
f 2567/3190 3283/3191 4253/3192 3302/3193
f 3302/3193 4253/3192 3273/3176 2557/3175
f 4253/3192 3185/3194 2482/3183 3273/3176
f 3283/3191 2484/3195 3185/3194 4253/3192
f 2501/3117 3198/3116 4254/3196 3297/3197
f 3297/3197 4254/3196 3278/3185 2562/3184
f 4254/3196 3193/3198 2492/3189 3278/3185
f 3198/3116 2493/3119 3193/3198 4254/3196
f 2511/3126 3200/3125 4255/3199 3292/3200
f 3292/3200 4255/3199 3283/3191 2567/3190
f 4255/3199 3186/3201 2484/3195 3283/3191
f 3200/3125 2485/3128 3186/3201 4255/3199
f 2440/2849 3223/3202 4256/3203 3099/2861
f 3099/2861 4256/3203 3212/3204 2439/2862
f 4256/3203 3288/3205 2571/3206 3212/3204
f 3223/3202 2507/3207 3288/3205 4256/3203
f 2507/3207 3224/3208 4257/3209 3288/3205
f 3288/3205 4257/3209 3287/3210 2571/3206
f 4257/3209 3289/3211 2570/3212 3287/3210
f 3224/3208 2508/3213 3289/3211 4257/3209
f 2508/3213 3225/3214 4258/3215 3289/3211
f 3289/3211 4258/3215 3286/3216 2570/3212
f 4258/3215 3290/3217 2569/3218 3286/3216
f 3225/3214 2509/3219 3290/3217 4258/3215
f 2509/3219 3226/3220 4259/3221 3290/3217
f 3290/3217 4259/3221 3285/3222 2569/3218
f 4259/3221 3291/3223 2568/3224 3285/3222
f 3226/3220 2510/3225 3291/3223 4259/3221
f 2510/3225 3227/3226 4260/3227 3291/3223
f 3291/3223 4260/3227 3284/3228 2568/3224
f 4260/3227 3292/3200 2567/3190 3284/3228
f 3227/3226 2511/3126 3292/3200 4260/3227
f 2448/2892 3213/3229 4261/3230 3106/2891
f 3106/2891 4261/3230 3211/3231 2447/2880
f 4261/3230 3293/3232 2566/3233 3211/3231
f 3213/3229 2497/3234 3293/3232 4261/3230
f 2497/3234 3214/3235 4262/3236 3293/3232
f 3293/3232 4262/3236 3282/3237 2566/3233
f 4262/3236 3294/3238 2565/3239 3282/3237
f 3214/3235 2498/3240 3294/3238 4262/3236
f 2498/3240 3215/3241 4263/3242 3294/3238
f 3294/3238 4263/3242 3281/3243 2565/3239
f 4263/3242 3295/3244 2564/3245 3281/3243
f 3215/3241 2499/3246 3295/3244 4263/3242
f 2499/3246 3216/3247 4264/3248 3295/3244
f 3295/3244 4264/3248 3280/3249 2564/3245
f 4264/3248 3296/3250 2563/3251 3280/3249
f 3216/3247 2500/3252 3296/3250 4264/3248
f 2500/3252 3217/3253 4265/3254 3296/3250
f 3296/3250 4265/3254 3279/3255 2563/3251
f 4265/3254 3297/3197 2562/3184 3279/3255
f 3217/3253 2501/3117 3297/3197 4265/3254
f 2439/2862 3212/3204 4266/3256 3098/2921
f 3098/2921 4266/3256 3210/3257 2437/2922
f 4266/3256 3298/3258 2561/3259 3210/3257
f 3212/3204 2571/3206 3298/3258 4266/3256
f 2571/3206 3287/3210 4267/3260 3298/3258
f 3298/3258 4267/3260 3277/3261 2561/3259
f 4267/3260 3299/3262 2560/3263 3277/3261
f 3287/3210 2570/3212 3299/3262 4267/3260
f 2570/3212 3286/3216 4268/3264 3299/3262
f 3299/3262 4268/3264 3276/3265 2560/3263
f 4268/3264 3300/3266 2559/3267 3276/3265
f 3286/3216 2569/3218 3300/3266 4268/3264
f 2569/3218 3285/3222 4269/3268 3300/3266
f 3300/3266 4269/3268 3275/3269 2559/3267
f 4269/3268 3301/3270 2558/3271 3275/3269
f 3285/3222 2568/3224 3301/3270 4269/3268
f 2568/3224 3284/3228 4270/3272 3301/3270
f 3301/3270 4270/3272 3274/3273 2558/3271
f 4270/3272 3302/3193 2557/3175 3274/3273
f 3284/3228 2567/3190 3302/3193 4270/3272
f 2447/2880 3211/3231 4271/3274 3105/2878
f 3105/2878 4271/3274 3208/3275 2446/2879
f 4271/3274 3303/3276 2551/3277 3208/3275
f 3211/3231 2566/3233 3303/3276 4271/3274
f 2566/3233 3282/3237 4272/3278 3303/3276
f 3303/3276 4272/3278 3267/3279 2551/3277
f 4272/3278 3304/3280 2550/3281 3267/3279
f 3282/3237 2565/3239 3304/3280 4272/3278
f 2565/3239 3281/3243 4273/3282 3304/3280
f 3304/3280 4273/3282 3266/3283 2550/3281
f 4273/3282 3305/3284 2549/3285 3266/3283
f 3281/3243 2564/3245 3305/3284 4273/3282
f 2564/3245 3280/3249 4274/3286 3305/3284
f 3305/3284 4274/3286 3265/3287 2549/3285
f 4274/3286 3306/3288 2548/3289 3265/3287
f 3280/3249 2563/3251 3306/3288 4274/3286
f 2563/3251 3279/3255 4275/3290 3306/3288
f 3306/3288 4275/3290 3264/3291 2548/3289
f 4275/3290 3307/3187 2547/3160 3264/3291
f 3279/3255 2562/3184 3307/3187 4275/3290
f 2437/2922 3210/3257 4276/3292 3097/2930
f 3097/2930 4276/3292 3268/3293 2438/2931
f 4276/3292 3308/3294 2552/3295 3268/3293
f 3210/3257 2561/3259 3308/3294 4276/3292
f 2561/3259 3277/3261 4277/3296 3308/3294
f 3308/3294 4277/3296 3269/3297 2552/3295
f 4277/3296 3309/3298 2553/3299 3269/3297
f 3277/3261 2560/3263 3309/3298 4277/3296
f 2560/3263 3276/3265 4278/3300 3309/3298
f 3309/3298 4278/3300 3270/3301 2553/3299
f 4278/3300 3310/3302 2554/3303 3270/3301
f 3276/3265 2559/3267 3310/3302 4278/3300
f 2559/3267 3275/3269 4279/3304 3310/3302
f 3310/3302 4279/3304 3271/3305 2554/3303
f 4279/3304 3311/3306 2555/3307 3271/3305
f 3275/3269 2558/3271 3311/3306 4279/3304
f 2558/3271 3274/3273 4280/3308 3311/3306
f 3311/3306 4280/3308 3272/3309 2555/3307
f 4280/3308 3312/3178 2556/3180 3272/3309
f 3274/3273 2557/3175 3312/3178 4280/3308
f 2445/2871 3258/3310 4281/3311 3104/2869
f 3104/2869 4281/3311 3206/3312 2444/2870
f 4281/3311 3313/3313 2541/3314 3206/3312
f 3258/3310 2542/3315 3313/3313 4281/3311
f 2542/3315 3259/3316 4282/3317 3313/3313
f 3313/3313 4282/3317 3257/3318 2541/3314
f 4282/3317 3314/3319 2540/3320 3257/3318
f 3259/3316 2543/3321 3314/3319 4282/3317
f 2543/3321 3260/3322 4283/3323 3314/3319
f 3314/3319 4283/3323 3256/3324 2540/3320
f 4283/3323 3315/3325 2539/3326 3256/3324
f 3260/3322 2544/3327 3315/3325 4283/3323
f 2544/3327 3261/3328 4284/3329 3315/3325
f 3315/3325 4284/3329 3255/3330 2539/3326
f 4284/3329 3316/3331 2538/3332 3255/3330
f 3261/3328 2545/3333 3316/3331 4284/3329
f 2545/3333 3262/3334 4285/3335 3316/3331
f 3316/3331 4285/3335 3254/3336 2538/3332
f 4285/3335 3317/3173 2537/3151 3254/3336
f 3262/3334 2546/3165 3317/3173 4285/3335
f 2442/2856 3238/3337 4286/3338 3103/2855
f 3103/2855 4286/3338 3201/3339 2441/2850
f 4286/3338 3318/3340 2516/3341 3201/3339
f 3238/3337 2522/3342 3318/3340 4286/3338
f 2522/3342 3239/3343 4287/3344 3318/3340
f 3318/3340 4287/3344 3232/3345 2516/3341
f 4287/3344 3319/3346 2515/3347 3232/3345
f 3239/3343 2523/3348 3319/3346 4287/3344
f 2523/3348 3240/3349 4288/3350 3319/3346
f 3319/3346 4288/3350 3231/3351 2515/3347
f 4288/3350 3320/3352 2514/3353 3231/3351
f 3240/3349 2524/3354 3320/3352 4288/3350
f 2524/3354 3241/3355 4289/3356 3320/3352
f 3320/3352 4289/3356 3230/3357 2514/3353
f 4289/3356 3321/3358 2513/3359 3230/3357
f 3241/3355 2525/3360 3321/3358 4289/3356
f 2525/3360 3242/3361 4290/3362 3321/3358
f 3321/3358 4290/3362 3229/3363 2513/3359
f 4290/3362 3322/3170 2512/3121 3229/3363
f 3242/3361 2526/3141 3322/3170 4290/3362
f 2446/2879 3208/3275 4291/3364 3110/2925
f 3110/2925 4291/3364 3258/3310 2445/2871
f 4291/3364 3323/3365 2542/3315 3258/3310
f 3208/3275 2551/3277 3323/3365 4291/3364
f 2551/3277 3267/3279 4292/3366 3323/3365
f 3323/3365 4292/3366 3259/3316 2542/3315
f 4292/3366 3324/3367 2543/3321 3259/3316
f 3267/3279 2550/3281 3324/3367 4292/3366
f 2550/3281 3266/3283 4293/3368 3324/3367
f 3324/3367 4293/3368 3260/3322 2543/3321
f 4293/3368 3325/3369 2544/3327 3260/3322
f 3266/3283 2549/3285 3325/3369 4293/3368
f 2549/3285 3265/3287 4294/3370 3325/3369
f 3325/3369 4294/3370 3261/3328 2544/3327
f 4294/3370 3326/3371 2545/3333 3261/3328
f 3265/3287 2548/3289 3326/3371 4294/3370
f 2548/3289 3264/3291 4295/3372 3326/3371
f 3326/3371 4295/3372 3262/3334 2545/3333
f 4295/3372 3327/3163 2546/3165 3262/3334
f 3264/3291 2547/3160 3327/3163 4295/3372
f 2444/2870 3206/3312 4296/3373 3102/2897
f 3102/2897 4296/3373 3204/3374 2443/2898
f 4296/3373 3328/3375 2531/3376 3204/3374
f 3206/3312 2541/3314 3328/3375 4296/3373
f 2541/3314 3257/3318 4297/3377 3328/3375
f 3328/3375 4297/3377 3247/3378 2531/3376
f 4297/3377 3329/3379 2530/3380 3247/3378
f 3257/3318 2540/3320 3329/3379 4297/3377
f 2540/3320 3256/3324 4298/3381 3329/3379
f 3329/3379 4298/3381 3246/3382 2530/3380
f 4298/3381 3330/3383 2529/3384 3246/3382
f 3256/3324 2539/3326 3330/3383 4298/3381
f 2539/3326 3255/3330 4299/3385 3330/3383
f 3330/3383 4299/3385 3245/3386 2529/3384
f 4299/3385 3331/3387 2528/3388 3245/3386
f 3255/3330 2538/3332 3331/3387 4299/3385
f 2538/3332 3254/3336 4300/3389 3331/3387
f 3331/3387 4300/3389 3244/3390 2528/3388
f 4300/3389 3332/3154 2527/3156 3244/3390
f 3254/3336 2537/3151 3332/3154 4300/3389
f 2451/2916 3205/3391 4301/3392 3109/2915
f 3109/2915 4301/3392 3202/3393 2450/2910
f 4301/3392 3333/3394 2521/3395 3202/3393
f 3205/3391 2536/3396 3333/3394 4301/3392
f 2536/3396 3252/3397 4302/3398 3333/3394
f 3333/3394 4302/3398 3237/3399 2521/3395
f 4302/3398 3334/3400 2520/3401 3237/3399
f 3252/3397 2535/3402 3334/3400 4302/3398
f 2535/3402 3251/3403 4303/3404 3334/3400
f 3334/3400 4303/3404 3236/3405 2520/3401
f 4303/3404 3335/3406 2519/3407 3236/3405
f 3251/3403 2534/3408 3335/3406 4303/3404
f 2534/3408 3250/3409 4304/3410 3335/3406
f 3335/3406 4304/3410 3235/3411 2519/3407
f 4304/3410 3336/3412 2518/3413 3235/3411
f 3250/3409 2533/3414 3336/3412 4304/3410
f 2533/3414 3249/3415 4305/3416 3336/3412
f 3336/3412 4305/3416 3234/3417 2518/3413
f 4305/3416 3337/3148 2517/3130 3234/3417
f 3249/3415 2532/3145 3337/3148 4305/3416
f 2443/2886 3204/3418 4306/3419 3101/2885
f 3101/2885 4306/3419 3238/3337 2442/2856
f 4306/3419 3338/3420 2522/3342 3238/3337
f 3204/3418 2531/3421 3338/3420 4306/3419
f 2531/3421 3247/3422 4307/3423 3338/3420
f 3338/3420 4307/3423 3239/3343 2522/3342
f 4307/3423 3339/3424 2523/3348 3239/3343
f 3247/3422 2530/3425 3339/3424 4307/3423
f 2530/3425 3246/3426 4308/3427 3339/3424
f 3339/3424 4308/3427 3240/3349 2523/3348
f 4308/3427 3340/3428 2524/3354 3240/3349
f 3246/3426 2529/3429 3340/3428 4308/3427
f 2529/3429 3245/3430 4309/3431 3340/3428
f 3340/3428 4309/3431 3241/3355 2524/3354
f 4309/3431 3341/3432 2525/3360 3241/3355
f 3245/3430 2528/3433 3341/3432 4309/3431
f 2528/3433 3244/3434 4310/3435 3341/3432
f 3341/3432 4310/3435 3242/3361 2525/3360
f 4310/3435 3342/3139 2526/3141 3242/3361
f 3244/3434 2527/3136 3342/3139 4310/3435
f 2450/2910 3202/3393 4311/3436 3108/2909
f 3108/2909 4311/3436 3199/3437 2449/2904
f 4311/3436 3343/3438 2506/3439 3199/3437
f 3202/3393 2521/3395 3343/3438 4311/3436
f 2521/3395 3237/3399 4312/3440 3343/3438
f 3343/3438 4312/3440 3222/3441 2506/3439
f 4312/3440 3344/3442 2505/3443 3222/3441
f 3237/3399 2520/3401 3344/3442 4312/3440
f 2520/3401 3236/3405 4313/3444 3344/3442
f 3344/3442 4313/3444 3221/3445 2505/3443
f 4313/3444 3345/3446 2504/3447 3221/3445
f 3236/3405 2519/3407 3345/3446 4313/3444
f 2519/3407 3235/3411 4314/3448 3345/3446
f 3345/3446 4314/3448 3220/3449 2504/3447
f 4314/3448 3346/3450 2503/3451 3220/3449
f 3235/3411 2518/3413 3346/3450 4314/3448
f 2518/3413 3234/3417 4315/3452 3346/3450
f 3346/3450 4315/3452 3219/3453 2503/3451
f 4315/3452 3347/3133 2502/3112 3219/3453
f 3234/3417 2517/3130 3347/3133 4315/3452
f 2441/2850 3201/3339 4316/3454 3100/2848
f 3100/2848 4316/3454 3223/3202 2440/2849
f 4316/3454 3348/3455 2507/3207 3223/3202
f 3201/3339 2516/3341 3348/3455 4316/3454
f 2516/3341 3232/3345 4317/3456 3348/3455
f 3348/3455 4317/3456 3224/3208 2507/3207
f 4317/3456 3349/3457 2508/3213 3224/3208
f 3232/3345 2515/3347 3349/3457 4317/3456
f 2515/3347 3231/3351 4318/3458 3349/3457
f 3349/3457 4318/3458 3225/3214 2508/3213
f 4318/3458 3350/3459 2509/3219 3225/3214
f 3231/3351 2514/3353 3350/3459 4318/3458
f 2514/3353 3230/3357 4319/3460 3350/3459
f 3350/3459 4319/3460 3226/3220 2509/3219
f 4319/3460 3351/3461 2510/3225 3226/3220
f 3230/3357 2513/3359 3351/3461 4319/3460
f 2513/3359 3229/3363 4320/3462 3351/3461
f 3351/3461 4320/3462 3227/3226 2510/3225
f 4320/3462 3352/3124 2511/3126 3227/3226
f 3229/3363 2512/3121 3352/3124 4320/3462
f 2449/2904 3199/3437 4321/3463 3107/2903
f 3107/2903 4321/3463 3213/3229 2448/2892
f 4321/3463 3353/3464 2497/3234 3213/3229
f 3199/3437 2506/3439 3353/3464 4321/3463
f 2506/3439 3222/3441 4322/3465 3353/3464
f 3353/3464 4322/3465 3214/3235 2497/3234
f 4322/3465 3354/3466 2498/3240 3214/3235
f 3222/3441 2505/3443 3354/3466 4322/3465
f 2505/3443 3221/3445 4323/3467 3354/3466
f 3354/3466 4323/3467 3215/3241 2498/3240
f 4323/3467 3355/3468 2499/3246 3215/3241
f 3221/3445 2504/3447 3355/3468 4323/3467
f 2504/3447 3220/3449 4324/3469 3355/3468
f 3355/3468 4324/3469 3216/3247 2499/3246
f 4324/3469 3356/3470 2500/3252 3216/3247
f 3220/3449 2503/3451 3356/3470 4324/3469
f 2503/3451 3219/3453 4325/3471 3356/3470
f 3356/3470 4325/3471 3217/3253 2500/3252
f 4325/3471 3357/3115 2501/3117 3217/3253
f 3219/3453 2502/3112 3357/3115 4325/3471
f 2573/2470 3358/3472 4326/3473 3359/2468
f 3359/2468 4326/3473 3360/3474 2575/2465
f 4326/3473 3361/3475 2574/3476 3360/3474
f 3358/3472 2572/3477 3361/3475 4326/3473
f 2572/3477 3358/3472 4327/3478 3362/3479
f 3362/3479 4327/3478 3363/3480 2577/3481
f 4327/3478 3364/2737 2576/2734 3363/3480
f 3358/3472 2573/2470 3364/2737 4327/3478
f 2577/3481 3363/3480 4328/3482 3365/3483
f 3365/3483 4328/3482 3366/3484 2578/3485
f 4328/3482 3367/2733 2579/2650 3366/3484
f 3363/3480 2576/2734 3367/2733 4328/3482
f 2578/3485 3366/3484 4329/3486 3368/3487
f 3368/3487 4329/3486 3369/3488 2580/3489
f 4329/3486 3370/2649 2581/2652 3369/3488
f 3366/3484 2579/2650 3370/2649 4329/3486
f 2580/3489 3369/3488 4330/3490 3371/3491
f 3371/3491 4330/3490 3372/3492 2582/3493
f 4330/3490 3373/2659 2583/2554 3372/3492
f 3369/3488 2581/2652 3373/2659 4330/3490
f 2582/3493 3372/3492 4331/3494 3374/3495
f 3374/3495 4331/3494 3375/3496 2584/3497
f 4331/3494 3376/2553 2585/2556 3375/3496
f 3372/3492 2583/2554 3376/2553 4331/3494
f 2584/3497 3375/3496 4332/3498 3377/3499
f 3377/3499 4332/3498 3378/3500 2586/3501
f 4332/3498 3379/2606 2587/2608 3378/3500
f 3375/3496 2585/2556 3379/2606 4332/3498
f 2586/3501 3378/3500 4333/3502 3380/3503
f 3380/3503 4333/3502 3381/3504 2588/3505
f 4333/3502 3382/2685 2589/2687 3381/3504
f 3378/3500 2587/2608 3382/2685 4333/3502
f 2593/3506 3383/3507 4334/3508 3384/3509
f 3384/3509 4334/3508 3385/3510 2591/3511
f 4334/3508 3386/2697 2590/2699 3385/3510
f 3383/3507 2592/2693 3386/2697 4334/3508
f 2588/3505 3381/3504 4335/3512 3387/3513
f 3387/3513 4335/3512 3383/3507 2593/3506
f 4335/3512 3388/2691 2592/2693 3383/3507
f 3381/3504 2589/2687 3388/2691 4335/3512
f 2346/3514 3389/3515 4336/3516 2948/3517
f 2948/3517 4336/3516 3390/2462 2345/2464
f 4336/3516 3361/3518 2572/2463 3390/2462
f 3389/3515 2574/3519 3361/3518 4336/3516
f 2374/2585 3426/3520 4337/3521 2985/2586
f 2985/2586 4337/3521 3425/3522 2376/2593
f 4337/3521 3418/3523 2601/3524 3425/3522
f 3426/3520 2600/3525 3418/3523 4337/3521
f 2358/2533 3428/3526 4338/3527 2964/2537
f 2964/2537 4338/3527 3427/3528 2362/2542
f 4338/3527 3413/3529 2596/3530 3427/3528
f 3428/3526 2594/3531 3413/3529 4338/3527
f 2370/2572 3430/3532 4339/3533 2979/2573
f 2979/2573 4339/3533 3429/3534 2372/2578
f 4339/3533 3416/3535 2599/3536 3429/3534
f 3430/3532 2598/3537 3416/3535 4339/3533
f 2386/2628 3432/3538 4340/3539 3002/2626
f 3002/2626 4340/3539 3431/3540 2384/2622
f 4340/3539 3422/3541 2604/3542 3431/3540
f 3432/3538 2605/3543 3422/3541 4340/3539
f 2362/2542 3427/3528 4341/3544 2973/2561
f 2973/2561 4341/3544 3433/3545 2368/2566
f 4341/3544 3414/3546 2597/3547 3433/3545
f 3427/3528 2596/3530 3414/3546 4341/3544
f 2382/2616 3435/3548 4342/3549 2996/2614
f 2996/2614 4342/3549 3434/3550 2378/2598
f 4342/3549 3420/3551 2602/3552 3434/3550
f 3435/3548 2603/3553 3420/3551 4342/3549
f 2378/2598 3434/3550 4343/3554 2989/2596
f 2989/2596 4343/3554 3436/3555 2360/2535
f 4343/3554 3419/3556 2595/3557 3436/3555
f 3434/3550 2602/3552 3419/3556 4343/3554
f 2389/2630 3437/3558 4344/3559 3004/2631
f 3004/2631 4344/3559 3432/3538 2386/2628
f 4344/3559 3423/3560 2605/3543 3432/3538
f 3437/3558 2606/3561 3423/3560 4344/3559
f 2372/2578 3429/3534 4345/3562 2982/2579
f 2982/2579 4345/3562 3426/3563 2374/2584
f 4345/3562 3417/3564 2600/3565 3426/3563
f 3429/3534 2599/3536 3417/3564 4345/3562
f 2360/2535 3436/3555 4346/3566 2961/2532
f 2961/2532 4346/3566 3428/3526 2358/2533
f 4346/3566 3412/3567 2594/3531 3428/3526
f 3436/3555 2595/3557 3412/3567 4346/3566
f 2368/2566 3433/3545 4347/3568 2976/2567
f 2976/2567 4347/3568 3430/3532 2370/2572
f 4347/3568 3415/3569 2598/3537 3430/3532
f 3433/3545 2597/3547 3415/3569 4347/3568
f 2376/2593 3425/3522 4348/3570 3006/2636
f 3006/2636 4348/3570 3437/3558 2389/2630
f 4348/3570 3424/3571 2606/3561 3437/3558
f 3425/3522 2601/3524 3424/3571 4348/3570
f 2384/2622 3431/3540 4349/3572 2999/2620
f 2999/2620 4349/3572 3435/3548 2382/2616
f 4349/3572 3421/3573 2603/3553 3435/3548
f 3431/3540 2604/3542 3421/3573 4349/3572
f 2600/3525 3452/3574 4350/3575 3418/3523
f 3418/3523 4350/3575 3451/3576 2601/3524
f 4350/3575 3444/3577 2614/3578 3451/3576
f 3452/3574 2613/3579 3444/3577 4350/3575
f 2602/3552 3454/3580 4351/3581 3419/3556
f 3419/3556 4351/3581 3453/3582 2595/3557
f 4351/3581 3445/3583 2608/3584 3453/3582
f 3454/3580 2615/3585 3445/3583 4351/3581
f 2595/3557 3453/3582 4352/3586 3412/3567
f 3412/3567 4352/3586 3455/3587 2594/3531
f 4352/3586 3438/3588 2607/3589 3455/3587
f 3453/3582 2608/3584 3438/3588 4352/3586
f 2603/3553 3456/3590 4353/3591 3420/3551
f 3420/3551 4353/3591 3454/3580 2602/3552
f 4353/3591 3446/3592 2615/3585 3454/3580
f 3456/3590 2616/3593 3446/3592 4353/3591
f 2594/3531 3455/3587 4354/3594 3413/3529
f 3413/3529 4354/3594 3457/3595 2596/3530
f 4354/3594 3439/3596 2609/3597 3457/3595
f 3455/3587 2607/3589 3439/3596 4354/3594
f 2604/3542 3458/3598 4355/3599 3421/3573
f 3421/3573 4355/3599 3456/3590 2603/3553
f 4355/3599 3447/3600 2616/3593 3456/3590
f 3458/3598 2617/3601 3447/3600 4355/3599
f 2596/3530 3457/3595 4356/3602 3414/3546
f 3414/3546 4356/3602 3459/3603 2597/3547
f 4356/3602 3440/3604 2610/3605 3459/3603
f 3457/3595 2609/3597 3440/3604 4356/3602
f 2605/3543 3460/3606 4357/3607 3422/3541
f 3422/3541 4357/3607 3458/3598 2604/3542
f 4357/3607 3448/3608 2617/3601 3458/3598
f 3460/3606 2618/3609 3448/3608 4357/3607
f 2597/3547 3459/3603 4358/3610 3415/3569
f 3415/3569 4358/3610 3461/3611 2598/3537
f 4358/3610 3441/3612 2611/3613 3461/3611
f 3459/3603 2610/3605 3441/3612 4358/3610
f 2606/3561 3462/3614 4359/3615 3423/3560
f 3423/3560 4359/3615 3460/3606 2605/3543
f 4359/3615 3449/3616 2618/3609 3460/3606
f 3462/3614 2619/3617 3449/3616 4359/3615
f 2598/3537 3461/3611 4360/3618 3416/3535
f 3416/3535 4360/3618 3463/3619 2599/3536
f 4360/3618 3442/3620 2612/3621 3463/3619
f 3461/3611 2611/3613 3442/3620 4360/3618
f 2601/3524 3451/3576 4361/3622 3424/3571
f 3424/3571 4361/3622 3462/3614 2606/3561
f 4361/3622 3450/3623 2619/3617 3462/3614
f 3451/3576 2614/3578 3450/3623 4361/3622
f 2599/3536 3463/3619 4362/3624 3417/3564
f 3417/3564 4362/3624 3452/3625 2600/3565
f 4362/3624 3443/3626 2613/3627 3452/3625
f 3463/3619 2612/3621 3443/3626 4362/3624
f 2680/3628 3558/3629 4363/3630 3559/3631
f 3559/3631 4363/3630 3880/3632 2620/3633
f 4363/3630 3882/3634 2820/3635 3880/3632
f 3558/3629 2679/3636 3882/3634 4363/3630
f 2575/3637 3852/3638 4364/3639 3391/3640
f 3391/3640 4364/3639 3465/3641 2348/3642
f 4364/3639 3881/3643 2621/3644 3465/3641
f 3852/3638 2821/3645 3881/3643 4364/3639
f 2820/3635 3882/3634 4365/3646 3854/3647
f 3854/3647 4365/3646 3886/3648 2823/3649
f 4365/3646 3952/3650 2662/3651 3886/3648
f 3882/3634 2679/3636 3952/3650 4365/3646
f 2823/3649 3886/3648 4366/3652 3857/3653
f 3857/3653 4366/3652 3887/3654 2824/3655
f 4366/3652 3528/3656 2664/3657 3887/3654
f 3886/3648 2662/3651 3528/3656 4366/3652
f 2636/3658 3889/3659 4367/3660 3530/3661
f 3530/3661 4367/3660 3887/3654 2664/3657
f 4367/3660 3860/3662 2824/3655 3887/3654
f 3889/3659 2826/3663 3860/3662 4367/3660
f 2828/3664 3863/3665 4368/3666 3891/3667
f 3891/3667 4368/3666 3486/3668 2638/3669
f 4368/3666 3889/3659 2636/3658 3486/3668
f 3863/3665 2826/3663 3889/3659 4368/3666
f 2828/3664 3891/3667 4369/3670 3866/3671
f 3866/3671 4369/3670 3893/3672 2830/3673
f 4369/3670 3507/3674 2652/3675 3893/3672
f 3891/3667 2638/3669 3507/3674 4369/3670
f 2832/3676 3869/3677 4370/3678 3895/3679
f 3895/3679 4370/3678 3542/3680 2672/3681
f 4370/3678 3893/3672 2652/3675 3542/3680
f 3869/3677 2830/3673 3893/3672 4370/3678
f 2834/3682 3872/3683 4371/3684 3897/3685
f 3897/3685 4371/3684 3543/3686 2673/3687
f 4371/3684 3895/3679 2672/3681 3543/3686
f 3872/3683 2832/3676 3895/3679 4371/3684
f 2591/2516 3876/3688 4372/3689 3411/2517
f 3411/2517 4372/3689 3545/3690 2403/2524
f 4372/3689 3899/3691 2674/3692 3545/3690
f 3876/3688 2837/3693 3899/3691 4372/3689
f 2837/3693 3878/3694 4373/3695 3899/3691
f 3899/3691 4373/3695 3544/3696 2674/3692
f 4373/3695 3897/3685 2673/3687 3544/3696
f 3878/3694 2834/3682 3897/3685 4373/3695
f 2631/3697 3475/3698 4374/3699 3478/3700
f 3478/3700 4374/3699 3476/3701 2633/3702
f 4374/3699 3477/3703 2632/3704 3476/3701
f 3475/3698 2630/3705 3477/3703 4374/3699
f 2630/3705 3475/3698 4375/3706 3480/3707
f 3480/3707 4375/3706 3479/3708 2634/3709
f 4375/3706 3481/3710 2635/3711 3479/3708
f 3475/3698 2631/3697 3481/3710 4375/3706
f 2639/3712 3487/3713 4376/3714 3483/3715
f 3483/3715 4376/3714 3478/3700 2633/3702
f 4376/3714 3482/3716 2631/3697 3478/3700
f 3487/3713 2637/3717 3482/3716 4376/3714
f 2625/3718 3890/3719 4377/3720 3470/3721
f 3470/3721 4377/3720 3892/3722 2626/3723
f 4377/3720 3868/3724 2831/3725 3892/3722
f 3890/3719 2829/3726 3868/3724 4377/3720
f 2638/3669 3486/3668 4378/3727 3485/3728
f 3485/3728 4378/3727 3487/3713 2639/3712
f 4378/3727 3484/3729 2637/3717 3487/3713
f 3486/3668 2636/3658 3484/3729 4378/3727
f 2634/3709 3479/3708 4379/3730 3489/3731
f 3489/3731 4379/3730 3488/3732 2640/3733
f 4379/3730 3490/3734 2641/3735 3488/3732
f 3479/3708 2635/3711 3490/3734 4379/3730
f 2640/3733 3488/3732 4380/3736 3492/3737
f 3492/3737 4380/3736 3491/3738 2642/3739
f 4380/3736 3493/3740 2643/3741 3491/3738
f 3488/3732 2641/3735 3493/3740 4380/3736
f 2642/3739 3491/3738 4381/3742 3495/3743
f 3495/3743 4381/3742 3494/3744 2644/3745
f 4381/3742 3496/3746 2645/3747 3494/3744
f 3491/3738 2643/3741 3496/3746 4381/3742
f 2644/3745 3494/3744 4382/3748 3498/3749
f 3498/3749 4382/3748 3497/3750 2646/3751
f 4382/3748 3499/3752 2647/3753 3497/3750
f 3494/3744 2645/3747 3499/3752 4382/3748
f 2646/3754 3497/3755 4383/3756 3501/3757
f 3501/3757 4383/3756 3500/3758 2648/3759
f 4383/3756 3502/3760 2649/3761 3500/3758
f 3497/3755 2647/3762 3502/3760 4383/3756
f 2633/3702 3476/3701 4384/3763 3504/3764
f 3504/3764 4384/3763 3503/3765 2651/3766
f 4384/3763 3505/3767 2650/3768 3503/3765
f 3476/3701 2632/3704 3505/3767 4384/3763
f 2638/3669 3485/3728 4385/3769 3507/3674
f 3507/3674 4385/3769 3506/3770 2652/3675
f 4385/3769 3508/3771 2653/3772 3506/3770
f 3485/3728 2639/3712 3508/3771 4385/3769
f 2626/3723 3892/3722 4386/3773 3471/3774
f 3471/3774 4386/3773 3894/3775 2627/3776
f 4386/3773 3871/3777 2833/3778 3894/3775
f 3892/3722 2831/3725 3871/3777 4386/3773
f 2639/3712 3483/3715 4387/3779 3508/3771
f 3508/3771 4387/3779 3509/3780 2653/3772
f 4387/3779 3504/3764 2651/3766 3509/3780
f 3483/3715 2633/3702 3504/3764 4387/3779
f 2651/3766 3503/3765 4388/3781 3511/3782
f 3511/3782 4388/3781 3510/3783 2655/3784
f 4388/3781 3512/3785 2654/3786 3510/3783
f 3503/3765 2650/3768 3512/3785 4388/3781
f 2655/3784 3510/3783 4389/3787 3514/3788
f 3514/3788 4389/3787 3513/3789 2657/3790
f 4389/3787 3515/3791 2656/3792 3513/3789
f 3510/3783 2654/3786 3515/3791 4389/3787
f 2657/3790 3513/3789 4390/3793 3517/3794
f 3517/3794 4390/3793 3516/3795 2659/3796
f 4390/3793 3518/3797 2658/3798 3516/3795
f 3513/3789 2656/3792 3518/3797 4390/3793
f 2661/3799 3523/3800 4391/3801 3520/3802
f 3520/3802 4391/3801 3516/3795 2658/3798
f 4391/3801 3519/3803 2659/3796 3516/3795
f 3523/3800 2660/3804 3519/3803 4391/3801
f 2648/3759 3500/3758 4392/3805 3522/3806
f 3522/3806 4392/3805 3523/3800 2661/3799
f 4392/3805 3521/3807 2660/3804 3523/3800
f 3500/3758 2649/3761 3521/3807 4392/3805
f 2663/3808 3524/3809 4393/3810 3529/3811
f 3529/3811 4393/3810 3525/3812 2665/3813
f 4393/3810 3490/3734 2635/3711 3525/3812
f 3524/3809 2641/3735 3490/3734 4393/3810
f 2623/3814 3885/3815 4394/3816 3468/3817
f 3468/3817 4394/3816 3888/3818 2624/3819
f 4394/3816 3862/3820 2827/3821 3888/3818
f 3885/3815 2825/3822 3862/3820 4394/3816
f 2662/3651 3526/3823 4395/3824 3528/3656
f 3528/3656 4395/3824 3527/3825 2664/3657
f 4395/3824 3529/3811 2665/3813 3527/3825
f 3526/3823 2663/3808 3529/3811 4395/3824
f 2624/3819 3888/3818 4396/3826 3469/3827
f 3469/3827 4396/3826 3890/3719 2625/3718
f 4396/3826 3865/3828 2829/3726 3890/3719
f 3888/3818 2827/3821 3865/3828 4396/3826
f 2637/3717 3484/3729 4397/3829 3531/3830
f 3531/3830 4397/3829 3527/3825 2665/3813
f 4397/3829 3530/3661 2664/3657 3527/3825
f 3484/3729 2636/3658 3530/3661 4397/3829
f 2631/3697 3482/3716 4398/3831 3481/3710
f 3481/3710 4398/3831 3525/3812 2635/3711
f 4398/3831 3531/3830 2665/3813 3525/3812
f 3482/3716 2637/3717 3531/3830 4398/3831
f 2655/3784 3514/3788 4399/3832 3533/3833
f 3533/3833 4399/3832 3532/3834 2666/3835
f 4399/3832 3534/3836 2667/3837 3532/3834
f 3514/3788 2657/3790 3534/3836 4399/3832
f 2666/3835 3532/3834 4400/3838 3536/3839
f 3536/3839 4400/3838 3535/3840 2668/3841
f 4400/3838 3537/3842 2669/3843 3535/3840
f 3532/3834 2667/3837 3537/3842 4400/3838
f 2668/3841 3535/3840 4401/3844 3539/3845
f 3539/3845 4401/3844 3538/3846 2670/3847
f 4401/3844 3540/3848 2671/3849 3538/3846
f 3535/3840 2669/3843 3540/3848 4401/3844
f 2653/3772 3509/3780 4402/3850 3541/3851
f 3541/3851 4402/3850 3533/3833 2666/3835
f 4402/3850 3511/3782 2655/3784 3533/3833
f 3509/3780 2651/3766 3511/3782 4402/3850
f 2627/3776 3894/3775 4403/3852 3472/3853
f 3472/3853 4403/3852 3896/3854 2628/3855
f 4403/3852 3874/3856 2835/3857 3896/3854
f 3894/3775 2833/3778 3874/3856 4403/3852
f 2628/3855 3896/3854 4404/3858 3473/3859
f 3473/3859 4404/3858 3898/3860 2629/3861
f 4404/3858 3879/3862 2836/3863 3898/3860
f 3896/3854 2835/3857 3879/3862 4404/3858
f 2629/3861 3898/3860 4405/3864 3474/3865
f 3474/3865 4405/3864 3410/2698 2356/2700
f 4405/3864 3877/3866 2590/2699 3410/2698
f 3898/3860 2836/3863 3877/3866 4405/3864
f 2653/3772 3541/3851 4406/3867 3506/3770
f 3506/3770 4406/3867 3546/3868 2652/3675
f 4406/3867 3536/3839 2668/3841 3546/3868
f 3541/3851 2666/3835 3536/3839 4406/3867
f 2670/3847 3547/3869 4407/3870 3539/3845
f 3539/3845 4407/3870 3546/3868 2668/3841
f 4407/3870 3542/3680 2652/3675 3546/3868
f 3547/3869 2672/3681 3542/3680 4407/3870
f 2670/3847 3538/3846 4408/3871 3550/3872
f 3550/3872 4408/3871 3548/3873 2675/3874
f 4408/3871 3549/3875 2676/3876 3548/3873
f 3538/3846 2671/3849 3549/3875 4408/3871
f 2675/3874 3548/3873 4409/3877 3553/3878
f 3553/3878 4409/3877 3551/3879 2677/3880
f 4409/3877 3552/3881 2678/3882 3551/3879
f 3548/3873 2676/3876 3552/3881 4409/3877
f 2677/3880 3551/3879 4410/3883 3555/3884
f 3555/3884 4410/3883 3038/2720 2408/2722
f 4410/3883 3554/3885 2409/2721 3038/2720
f 3551/3879 2678/3882 3554/3885 4410/3883
f 2673/3687 3543/3686 4411/3886 3556/3887
f 3556/3887 4411/3886 3550/3872 2675/3874
f 4411/3886 3547/3869 2670/3847 3550/3872
f 3543/3686 2672/3681 3547/3869 4411/3886
f 2674/3692 3544/3696 4412/3888 3557/3889
f 3557/3889 4412/3888 3553/3878 2677/3880
f 4412/3888 3556/3887 2675/3874 3553/3878
f 3544/3696 2673/3687 3556/3887 4412/3888
f 2403/2524 3545/3690 4413/3890 3043/2727
f 3043/2727 4413/3890 3555/3884 2408/2722
f 4413/3890 3557/3889 2677/3880 3555/3884
f 3545/3690 2674/3692 3557/3889 4413/3890
f 2622/3891 3883/3892 4414/3893 3467/3894
f 3467/3894 4414/3893 3885/3815 2623/3814
f 4414/3893 3859/3895 2825/3822 3885/3815
f 3883/3892 2822/3896 3859/3895 4414/3893
f 2621/3644 3881/3643 4415/3897 3466/3898
f 3466/3898 4415/3897 3883/3892 2622/3891
f 4415/3897 3856/3899 2822/3896 3883/3892
f 3881/3643 2821/3645 3856/3899 4415/3897
f 2679/3636 3558/3629 4416/3900 3562/3901
f 3562/3901 4416/3900 3560/3902 2681/3903
f 4416/3900 3561/3904 2682/3905 3560/3902
f 3558/3629 2680/3628 3561/3904 4416/3900
f 2679/3636 3562/3901 4417/3906 3952/3650
f 3952/3650 4417/3906 3526/3823 2662/3651
f 4417/3906 3563/3907 2663/3808 3526/3823
f 3562/3901 2681/3903 3563/3907 4417/3906
f 2643/3741 3493/3740 4418/3908 3564/3909
f 3564/3909 4418/3908 3563/3907 2681/3903
f 4418/3908 3524/3809 2663/3808 3563/3907
f 3493/3740 2641/3735 3524/3809 4418/3908
f 2682/3905 3566/3910 4419/3911 3560/3902
f 3560/3902 4419/3911 3564/3909 2681/3903
f 4419/3911 3565/3912 2643/3741 3564/3909
f 3566/3910 2683/3913 3565/3912 4419/3911
f 2659/3796 3519/3803 4420/3914 3569/3915
f 3569/3915 4420/3914 3567/3916 2684/3917
f 4420/3914 3568/3918 2685/3919 3567/3916
f 3519/3803 2660/3804 3568/3918 4420/3914
f 2684/3917 3567/3916 4421/3920 3572/3921
f 3572/3921 4421/3920 3570/3922 2686/3923
f 4421/3920 3571/3924 2687/3925 3570/3922
f 3567/3916 2685/3919 3571/3924 4421/3920
f 2686/3923 3570/3922 4422/3926 3575/3927
f 3575/3927 4422/3926 3573/3928 2688/3929
f 4422/3926 3574/3930 2689/3931 3573/3928
f 3570/3922 2687/3925 3574/3930 4422/3926
f 2688/3929 3573/3928 4423/3932 3578/3933
f 3578/3933 4423/3932 3576/3934 2690/3935
f 4423/3932 3577/3936 2691/3937 3576/3934
f 3573/3928 2689/3931 3577/3936 4423/3932
f 2690/3935 3576/3934 4424/3938 3581/3939
f 3581/3939 4424/3938 3579/3940 2692/3941
f 4424/3938 3580/3942 2693/3943 3579/3940
f 3576/3934 2691/3937 3580/3942 4424/3938
f 2692/3941 3579/3940 4425/3944 3583/3945
f 3583/3945 4425/3944 3068/2785 2425/2787
f 4425/3944 3582/3946 2426/2786 3068/2785
f 3579/3940 2693/3943 3582/3946 4425/3944
f 2667/3837 3534/3836 4426/3947 3584/3948
f 3584/3948 4426/3947 3569/3915 2684/3917
f 4426/3947 3517/3794 2659/3796 3569/3915
f 3534/3836 2657/3790 3517/3794 4426/3947
f 2669/3843 3537/3842 4427/3949 3585/3950
f 3585/3950 4427/3949 3572/3921 2686/3923
f 4427/3949 3584/3948 2684/3917 3572/3921
f 3537/3842 2667/3837 3584/3948 4427/3949
f 2671/3849 3540/3848 4428/3951 3586/3952
f 3586/3952 4428/3951 3575/3927 2688/3929
f 4428/3951 3585/3950 2686/3923 3575/3927
f 3540/3848 2669/3843 3585/3950 4428/3951
f 2676/3876 3549/3875 4429/3953 3587/3954
f 3587/3954 4429/3953 3578/3933 2690/3935
f 4429/3953 3586/3952 2688/3929 3578/3933
f 3549/3875 2671/3849 3586/3952 4429/3953
f 2678/3882 3552/3881 4430/3955 3588/3956
f 3588/3956 4430/3955 3581/3939 2692/3941
f 4430/3955 3587/3954 2690/3935 3581/3939
f 3552/3881 2676/3876 3587/3954 4430/3955
f 2409/2721 3554/3885 4431/3957 3076/2798
f 3076/2798 4431/3957 3583/3945 2425/2787
f 4431/3957 3588/3956 2692/3941 3583/3945
f 3554/3885 2678/3882 3588/3956 4431/3957
f 2649/3761 3502/3760 4432/3958 3592/3959
f 3592/3959 4432/3958 3590/3960 2696/3961
f 4432/3958 3591/3962 2695/3963 3590/3960
f 3502/3760 2647/3762 3591/3962 4432/3958
f 2647/3753 3499/3752 4433/3964 3591/3965
f 3591/3965 4433/3964 3589/3966 2695/3967
f 4433/3964 3593/3968 2694/3969 3589/3966
f 3499/3752 2645/3747 3593/3968 4433/3964
f 2645/3747 3496/3746 4434/3970 3593/3968
f 3593/3968 4434/3970 3594/3971 2694/3969
f 4434/3970 3565/3912 2683/3913 3594/3971
f 3496/3746 2643/3741 3565/3912 4434/3970
f 2687/3925 3571/3924 4435/3972 3602/3973
f 3602/3973 4435/3972 3596/3974 2699/3975
f 4435/3972 3601/3976 2698/3977 3596/3974
f 3571/3924 2685/3919 3601/3976 4435/3972
f 2693/3943 3580/3942 4436/3978 3604/3979
f 3604/3979 4436/3978 3599/3980 2702/3981
f 4436/3978 3603/3982 2701/3983 3599/3980
f 3580/3942 2691/3937 3603/3982 4436/3978
f 2691/3937 3577/3936 4437/3984 3603/3982
f 3603/3982 4437/3984 3598/3985 2701/3983
f 4437/3984 3605/3986 2700/3987 3598/3985
f 3577/3936 2689/3931 3605/3986 4437/3984
f 2689/3931 3574/3930 4438/3988 3605/3986
f 3605/3986 4438/3988 3597/3989 2700/3987
f 4438/3988 3602/3973 2699/3975 3597/3989
f 3574/3930 2687/3925 3602/3973 4438/3988
f 2426/2786 3582/3946 4439/3990 3094/2832
f 3094/2832 4439/3990 3600/3991 2436/2835
f 4439/3990 3604/3979 2702/3981 3600/3991
f 3582/3946 2693/3943 3604/3979 4439/3990
f 2660/3804 3521/3807 4440/3992 3606/3993
f 3606/3993 4440/3992 3595/3994 2697/3995
f 4440/3992 3592/3959 2696/3961 3595/3994
f 3521/3807 2649/3761 3592/3959 4440/3992
f 2660/3804 3606/3993 4441/3996 3568/3918
f 3568/3918 4441/3996 3601/3976 2685/3919
f 4441/3996 3607/3997 2698/3977 3601/3976
f 3606/3993 2697/3995 3607/3997 4441/3996
f 2937/3998 4106/3999 4442/4000 4089/4001
f 4089/4001 4442/4000 3611/4002 2706/4003
f 4442/4000 3623/4004 2705/4005 3611/4002
f 4106/3999 2921/4006 3623/4004 4442/4000
f 2943/4007 4105/4008 4443/4009 4095/4010
f 4095/4010 4443/4009 3614/4011 2707/4012
f 4443/4009 4089/4001 2706/4003 3614/4011
f 4105/4008 2937/3998 4089/4001 4443/4009
f 2921/4006 4104/4013 4444/4014 3623/4004
f 3623/4004 4444/4014 3610/4015 2705/4005
f 4444/4014 3625/4016 2704/4017 3610/4015
f 4104/4013 2938/4018 3625/4016 4444/4014
f 2944/4019 4103/4020 4445/4021 4097/4022
f 4097/4022 4445/4021 3615/4023 2710/4024
f 4445/4021 3627/4025 2709/4026 3615/4023
f 4103/4020 2922/4027 3627/4025 4445/4021
f 2941/4028 4098/4029 4446/4030 4093/4031
f 4093/4031 4446/4030 3616/4032 2712/4033
f 4446/4030 3629/4034 2711/4035 3616/4032
f 4098/4029 2939/4036 3629/4034 4446/4030
f 2945/4037 4077/4038 4447/4039 4099/4040
f 4099/4040 4447/4039 3612/4041 2708/4042
f 4447/4039 4095/4010 2707/4012 3612/4041
f 4077/4038 2943/4007 4095/4010 4447/4039
f 2940/4043 4096/4044 4448/4045 4069/4046
f 4069/4046 4448/4045 3617/4047 2713/4048
f 4448/4045 4093/4031 2712/4033 3617/4047
f 4096/4044 2941/4028 4093/4031 4448/4045
f 2922/4027 4067/4049 4449/4050 3627/4025
f 3627/4025 4449/4050 3613/4051 2709/4026
f 4449/4050 4099/4052 2708/4053 3613/4051
f 4067/4049 2945/4054 4099/4052 4449/4050
f 2946/4055 4084/4056 4450/4057 4100/4058
f 4100/4058 4450/4057 3618/4059 2714/4060
f 4450/4057 4069/4046 2713/4048 3618/4059
f 4084/4056 2940/4043 4069/4046 4450/4057
f 2947/4061 4065/4062 4451/4063 4102/4064
f 4102/4064 4451/4063 3619/4065 2715/4066
f 4451/4063 4100/4058 2714/4060 3619/4065
f 4065/4062 2946/4055 4100/4058 4451/4063
f 2936/2911 4101/4067 4452/4068 4088/2912
f 4088/2912 4452/4068 3620/4069 2451/2916
f 4452/4068 4102/4064 2715/4066 3620/4069
f 4101/4067 2947/4061 4102/4064 4452/4068
f 2938/4018 4092/4070 4453/4071 3625/4016
f 3625/4016 4453/4071 3609/4072 2704/4017
f 4453/4071 3634/4073 2703/4074 3609/4072
f 4092/4070 2942/4075 3634/4073 4453/4071
f 2939/4036 4082/4076 4454/4077 3629/4034
f 3629/4034 4454/4077 3621/4078 2711/4035
f 4454/4077 4097/4022 2710/4024 3621/4078
f 4082/4076 2944/4019 4097/4022 4454/4077
f 2942/4075 4070/4079 4455/4080 3634/4073
f 3634/4073 4455/4080 3608/4081 2703/4074
f 4455/4080 3125/2928 2438/2931 3608/4081
f 4070/4079 2929/2929 3125/2928 4455/4080
f 2919/4082 4050/4083 4456/4084 3659/4085
f 3659/4085 4456/4084 3661/4086 2740/4087
f 4456/4084 3154/2936 2480/2939 3661/4086
f 4050/4083 2908/2937 3154/2936 4456/4084
f 2895/4088 3994/4089 4457/4090 3660/4091
f 3660/4091 4457/4090 3662/4092 2741/4093
f 4457/4090 3155/2945 2481/2948 3662/4092
f 3994/4089 2882/2946 3155/2945 4457/4090
f 2918/4094 4049/4095 4458/4096 3649/4097
f 3649/4097 4458/4096 3663/4098 2730/4099
f 4458/4096 4012/4100 2725/4101 3663/4098
f 4049/4095 2864/4102 4012/4100 4458/4096
f 2890/4103 3993/4104 4459/4105 3650/4106
f 3650/4106 4459/4105 3664/4107 2731/4108
f 4459/4105 3966/4109 2724/4110 3664/4107
f 3993/4104 2872/4111 3966/4109 4459/4105
f 2916/4112 4048/4113 4460/4114 3641/4115
f 3641/4115 4460/4114 3665/4116 2722/4117
f 4460/4114 3659/4085 2740/4087 3665/4116
f 4048/4113 2919/4082 3659/4085 4460/4114
f 2885/4118 3992/4119 4461/4120 3642/4121
f 3642/4121 4461/4120 3666/4122 2723/4123
f 4461/4120 3660/4091 2741/4093 3666/4122
f 3992/4119 2895/4088 3660/4091 4461/4120
f 2902/2980 4047/4124 4462/4125 4026/2981
f 4026/2981 4462/4125 3667/4126 2477/2988
f 4462/4125 4041/4127 2739/4128 3667/4126
f 4047/4124 2915/4129 4041/4127 4462/4125
f 2880/2989 3991/4130 4463/4131 3974/2990
f 3974/2990 4463/4131 3668/4132 2476/2997
f 4463/4131 3989/4133 2738/4134 3668/4132
f 3991/4130 2894/4135 3989/4133 4463/4131
f 2915/4129 4036/4136 4464/4137 4041/4127
f 4041/4127 4464/4137 3669/4138 2739/4128
f 4464/4137 4039/4139 2737/4140 3669/4138
f 4036/4136 2914/4141 4039/4139 4464/4137
f 2894/4135 3960/4142 4465/4143 3989/4133
f 3989/4133 4465/4143 3670/4144 2738/4134
f 4465/4143 3987/4145 2736/4146 3670/4144
f 3960/4142 2892/4147 3987/4145 4465/4143
f 2914/4141 4011/4148 4466/4149 4039/4139
f 4039/4139 4466/4149 3671/4150 2737/4140
f 4466/4149 4038/4151 2735/4152 3671/4150
f 4011/4148 2913/4153 4038/4151 4466/4149
f 2892/4147 3977/4154 4467/4155 3987/4145
f 3987/4145 4467/4155 3672/4156 2736/4146
f 4467/4155 3983/4157 2734/4158 3672/4156
f 3977/4154 2889/4159 3983/4157 4467/4155
f 2917/4160 4029/4161 4468/4162 3645/4163
f 3645/4163 4468/4162 3673/4164 2726/4165
f 4468/4162 4037/4166 2733/4167 3673/4164
f 4029/4161 2912/4168 4037/4166 4468/4162
f 2887/4169 3956/4170 4469/4171 3646/4172
f 3646/4172 4469/4171 3674/4173 2727/4174
f 4469/4171 3986/4175 2732/4176 3674/4173
f 3956/4170 2891/4177 3986/4175 4469/4171
f 2913/4153 4009/4178 4470/4179 4038/4151
f 4038/4151 4470/4179 3675/4180 2735/4152
f 4470/4179 4035/4181 2729/4182 3675/4180
f 4009/4178 2910/4183 4035/4181 4470/4179
f 2889/4159 3969/4184 4471/4185 3983/4157
f 3983/4157 4471/4185 3676/4186 2734/4158
f 4471/4185 3959/4187 2728/4188 3676/4186
f 3969/4184 2868/4189 3959/4187 4471/4185
f 2912/4190 4013/4191 4472/4192 4037/4193
f 4037/4193 4472/4192 3677/4194 2733/4195
f 4472/4192 4034/4196 2721/4197 3677/4194
f 4013/4191 2909/4198 4034/4196 4472/4192
f 2891/4199 3988/4200 4473/4201 3986/4202
f 3986/4202 4473/4201 3678/4203 2732/4204
f 4473/4201 3979/4205 2720/4206 3678/4203
f 3988/4200 2884/4207 3979/4205 4473/4201
f 2910/4183 4043/4208 4474/4209 4035/4181
f 4035/4181 4474/4209 3679/4210 2729/4182
f 4474/4209 3649/4097 2730/4099 3679/4210
f 4043/4208 2918/4094 3649/4097 4474/4209
f 2868/4189 3953/4211 4475/4212 3959/4187
f 3959/4187 4475/4212 3680/4213 2728/4188
f 4475/4212 3650/4106 2731/4108 3680/4213
f 3953/4211 2890/4103 3650/4106 4475/4212
f 2864/4102 4021/4214 4476/4215 4012/4100
f 4012/4100 4476/4215 3681/4216 2725/4101
f 4476/4215 3645/4163 2726/4165 3681/4216
f 4021/4214 2917/4160 3645/4163 4476/4215
f 2872/4111 3957/4217 4477/4218 3966/4109
f 3966/4109 4477/4218 3682/4219 2724/4110
f 4477/4218 3646/4172 2727/4174 3682/4219
f 3957/4217 2887/4169 3646/4172 4477/4218
f 2911/4220 4016/4221 4478/4222 3637/4223
f 3637/4223 4478/4222 3683/4224 2718/4225
f 4478/4222 3641/4115 2722/4117 3683/4224
f 4016/4221 2916/4112 3641/4115 4478/4222
f 2883/4226 3981/4227 4479/4228 3638/4229
f 3638/4229 4479/4228 3684/4230 2719/4231
f 4479/4228 3642/4121 2723/4123 3684/4230
f 3981/4227 2885/4118 3642/4121 4479/4228
f 2909/4198 4040/4232 4480/4233 4034/4196
f 4034/4196 4480/4233 3685/4234 2721/4197
f 4480/4233 4018/4235 2717/4236 3685/4234
f 4040/4232 2893/4237 4018/4235 4480/4233
f 2884/4207 3954/4238 4481/4239 3979/4205
f 3979/4205 4481/4239 3686/4240 2720/4206
f 4481/4239 3962/4241 2716/4242 3686/4240
f 3954/4238 2874/4243 3962/4241 4481/4239
f 2893/4237 4014/4244 4482/4245 4018/4235
f 4018/4235 4482/4245 3687/4246 2717/4236
f 4482/4245 3637/4223 2718/4225 3687/4246
f 4014/4244 2911/4220 3637/4223 4482/4245
f 2874/4243 3984/4247 4483/4248 3962/4241
f 3962/4241 4483/4248 3688/4249 2716/4242
f 4483/4248 3638/4229 2719/4231 3688/4249
f 3984/4247 2883/4226 3638/4229 4483/4248
f 2760/4250 3850/4251 4484/4252 3721/4253
f 3721/4253 4484/4252 3699/4254 2753/4255
f 4484/4252 3703/4256 2752/4257 3699/4254
f 3850/4251 2759/4258 3703/4256 4484/4252
f 2770/4259 3845/4260 4485/4261 3731/4262
f 3731/4262 4485/4261 3692/4263 2745/4264
f 4485/4261 3705/4265 2744/4266 3692/4263
f 3845/4260 2769/4267 3705/4265 4485/4261
f 2775/4268 3840/4269 4486/4270 3736/4271
f 3736/4271 4486/4270 3700/4272 2754/4273
f 4486/4270 3721/4253 2753/4255 3700/4272
f 3840/4269 2760/4250 3721/4253 4486/4270
f 2785/4274 3835/4275 4487/4276 3746/4277
f 3746/4277 4487/4276 3693/4278 2747/4279
f 4487/4276 3708/4280 2746/4281 3693/4278
f 3835/4275 2784/4282 3708/4280 4487/4276
f 2532/3145 3830/4283 4488/4284 3248/3146
f 3248/3146 4488/4284 3701/4285 2496/3150
f 4488/4284 3736/4271 2754/4273 3701/4285
f 3830/4283 2775/4268 3736/4271 4488/4284
f 2790/4286 3825/4287 4489/4288 3751/4289
f 3751/4289 4489/4288 3694/4290 2748/4291
f 4489/4288 3746/4292 2747/4293 3694/4290
f 3825/4287 2785/4294 3746/4292 4489/4288
f 2800/4295 3820/4296 4490/4297 3761/4298
f 3761/4298 4490/4297 3702/4299 2750/4300
f 4490/4297 3711/4301 2749/4302 3702/4299
f 3820/4296 2799/4303 3711/4301 4490/4297
f 2784/4282 3815/4304 4491/4305 3708/4280
f 3708/4280 4491/4305 3695/4306 2746/4281
f 4491/4305 3731/4262 2745/4264 3695/4306
f 3815/4304 2770/4259 3731/4262 4491/4305
f 2799/4303 3810/4307 4492/4308 3711/4301
f 3711/4301 4492/4308 3696/4309 2749/4302
f 4492/4308 3751/4289 2748/4291 3696/4309
f 3810/4307 2790/4286 3751/4289 4492/4308
f 2805/4310 3805/4311 4493/4312 3766/4313
f 3766/4313 4493/4312 3689/4314 2742/4315
f 4493/4312 3209/3179 2483/3182 3689/4314
f 3805/4311 2556/3180 3209/3179 4493/4312
f 2810/4316 3800/4317 4494/4318 3771/4319
f 3771/4319 4494/4318 3697/4320 2751/4321
f 4494/4318 3761/4298 2750/4300 3697/4320
f 3800/4317 2800/4295 3761/4298 4494/4318
f 2815/4322 3795/4323 4495/4324 3776/4325
f 3776/4325 4495/4324 3690/4326 2743/4327
f 4495/4324 3766/4313 2742/4315 3690/4326
f 3795/4323 2805/4310 3766/4313 4495/4324
f 2759/4258 3790/4328 4496/4329 3703/4256
f 3703/4256 4496/4329 3698/4330 2752/4257
f 4496/4329 3771/4319 2751/4321 3698/4330
f 3790/4328 2810/4316 3771/4319 4496/4329
f 2769/4267 3785/4331 4497/4332 3705/4265
f 3705/4265 4497/4332 3691/4333 2744/4266
f 4497/4332 3776/4325 2743/4327 3691/4333
f 3785/4331 2815/4322 3776/4325 4497/4332
f 2705/4005 3610/4015 4498/4334 3726/4335
f 3726/4335 4498/4334 3781/4336 2765/4337
f 4498/4334 3715/4338 2819/4339 3781/4336
f 3610/4015 2704/4017 3715/4338 4498/4334
f 2765/4337 3781/4336 4499/4340 3727/4341
f 3727/4341 4499/4340 3782/4342 2766/4343
f 4499/4340 3780/4344 2818/4345 3782/4342
f 3781/4336 2819/4339 3780/4344 4499/4340
f 2766/4343 3782/4342 4500/4346 3728/4347
f 3728/4347 4500/4346 3783/4348 2767/4349
f 4500/4346 3779/4350 2817/4351 3783/4348
f 3782/4342 2818/4345 3779/4350 4500/4346
f 2767/4349 3783/4348 4501/4352 3729/4353
f 3729/4353 4501/4352 3784/4354 2768/4355
f 4501/4352 3778/4356 2816/4357 3784/4354
f 3783/4348 2817/4351 3778/4356 4501/4352
f 2768/4355 3784/4354 4502/4358 3730/4359
f 3730/4359 4502/4358 3785/4331 2769/4267
f 4502/4358 3777/4360 2815/4322 3785/4331
f 3784/4354 2816/4357 3777/4360 4502/4358
f 2713/4048 3617/4047 4503/4361 3716/4362
f 3716/4362 4503/4361 3786/4363 2755/4364
f 4503/4361 3714/4365 2814/4366 3786/4363
f 3617/4047 2712/4033 3714/4365 4503/4361
f 2755/4364 3786/4363 4504/4367 3717/4368
f 3717/4368 4504/4367 3787/4369 2756/4370
f 4504/4367 3775/4371 2813/4372 3787/4369
f 3786/4363 2814/4366 3775/4371 4504/4367
f 2756/4370 3787/4369 4505/4373 3718/4374
f 3718/4374 4505/4373 3788/4375 2757/4376
f 4505/4373 3774/4377 2812/4378 3788/4375
f 3787/4369 2813/4372 3774/4377 4505/4373
f 2757/4376 3788/4375 4506/4379 3719/4380
f 3719/4380 4506/4379 3789/4381 2758/4382
f 4506/4379 3773/4383 2811/4384 3789/4381
f 3788/4375 2812/4378 3773/4383 4506/4379
f 2758/4382 3789/4381 4507/4385 3720/4386
f 3720/4386 4507/4385 3790/4328 2759/4258
f 4507/4385 3772/4387 2810/4316 3790/4328
f 3789/4381 2811/4384 3772/4387 4507/4385
f 2704/4017 3609/4072 4508/4388 3715/4338
f 3715/4338 4508/4388 3791/4389 2819/4339
f 4508/4388 3713/4390 2809/4391 3791/4389
f 3609/4072 2703/4074 3713/4390 4508/4388
f 2819/4339 3791/4389 4509/4392 3780/4344
f 3780/4344 4509/4392 3792/4393 2818/4345
f 4509/4392 3770/4394 2808/4395 3792/4393
f 3791/4389 2809/4391 3770/4394 4509/4392
f 2818/4345 3792/4393 4510/4396 3779/4350
f 3779/4350 4510/4396 3793/4397 2817/4351
f 4510/4396 3769/4398 2807/4399 3793/4397
f 3792/4393 2808/4395 3769/4398 4510/4396
f 2817/4351 3793/4397 4511/4400 3778/4356
f 3778/4356 4511/4400 3794/4401 2816/4357
f 4511/4400 3768/4402 2806/4403 3794/4401
f 3793/4397 2807/4399 3768/4402 4511/4400
f 2816/4357 3794/4401 4512/4404 3777/4360
f 3777/4360 4512/4404 3795/4323 2815/4322
f 4512/4404 3767/4405 2805/4310 3795/4323
f 3794/4401 2806/4403 3767/4405 4512/4404
f 2712/4033 3616/4032 4513/4406 3714/4365
f 3714/4365 4513/4406 3796/4407 2814/4366
f 4513/4406 3712/4408 2804/4409 3796/4407
f 3616/4032 2711/4035 3712/4408 4513/4406
f 2814/4366 3796/4407 4514/4410 3775/4371
f 3775/4371 4514/4410 3797/4411 2813/4372
f 4514/4410 3765/4412 2803/4413 3797/4411
f 3796/4407 2804/4409 3765/4412 4514/4410
f 2813/4372 3797/4411 4515/4414 3774/4377
f 3774/4377 4515/4414 3798/4415 2812/4378
f 4515/4414 3764/4416 2802/4417 3798/4415
f 3797/4411 2803/4413 3764/4416 4515/4414
f 2812/4378 3798/4415 4516/4418 3773/4383
f 3773/4383 4516/4418 3799/4419 2811/4384
f 4516/4418 3763/4420 2801/4421 3799/4419
f 3798/4415 2802/4417 3763/4420 4516/4418
f 2811/4384 3799/4419 4517/4422 3772/4387
f 3772/4387 4517/4422 3800/4317 2810/4316
f 4517/4422 3762/4423 2800/4295 3800/4317
f 3799/4419 2801/4421 3762/4423 4517/4422
f 2703/4074 3608/4081 4518/4424 3713/4390
f 3713/4390 4518/4424 3801/4425 2809/4391
f 4518/4424 3268/3293 2552/3295 3801/4425
f 3608/4081 2438/2931 3268/3293 4518/4424
f 2809/4391 3801/4425 4519/4426 3770/4394
f 3770/4394 4519/4426 3802/4427 2808/4395
f 4519/4426 3269/3297 2553/3299 3802/4427
f 3801/4425 2552/3295 3269/3297 4519/4426
f 2808/4395 3802/4427 4520/4428 3769/4398
f 3769/4398 4520/4428 3803/4429 2807/4399
f 4520/4428 3270/3301 2554/3303 3803/4429
f 3802/4427 2553/3299 3270/3301 4520/4428
f 2807/4399 3803/4429 4521/4430 3768/4402
f 3768/4402 4521/4430 3804/4431 2806/4403
f 4521/4430 3271/3305 2555/3307 3804/4431
f 3803/4429 2554/3303 3271/3305 4521/4430
f 2806/4403 3804/4431 4522/4432 3767/4405
f 3767/4405 4522/4432 3805/4311 2805/4310
f 4522/4432 3272/3309 2556/3180 3805/4311
f 3804/4431 2555/3307 3272/3309 4522/4432
f 2710/4024 3615/4023 4523/4433 3756/4434
f 3756/4434 4523/4433 3806/4435 2795/4436
f 4523/4433 3710/4437 2794/4438 3806/4435
f 3615/4023 2709/4026 3710/4437 4523/4433
f 2795/4436 3806/4435 4524/4439 3757/4440
f 3757/4440 4524/4439 3807/4441 2796/4442
f 4524/4439 3755/4443 2793/4444 3807/4441
f 3806/4435 2794/4438 3755/4443 4524/4439
f 2796/4442 3807/4441 4525/4445 3758/4446
f 3758/4446 4525/4445 3808/4447 2797/4448
f 4525/4445 3754/4449 2792/4450 3808/4447
f 3807/4441 2793/4444 3754/4449 4525/4445
f 2797/4448 3808/4447 4526/4451 3759/4452
f 3759/4452 4526/4451 3809/4453 2798/4454
f 4526/4451 3753/4455 2791/4456 3809/4453
f 3808/4447 2792/4450 3753/4455 4526/4451
f 2798/4454 3809/4453 4527/4457 3760/4458
f 3760/4458 4527/4457 3810/4307 2799/4303
f 4527/4457 3752/4459 2790/4286 3810/4307
f 3809/4453 2791/4456 3752/4459 4527/4457
f 2707/4012 3614/4011 4528/4460 3741/4461
f 3741/4461 4528/4460 3811/4462 2780/4463
f 4528/4460 3706/4464 2774/4465 3811/4462
f 3614/4011 2706/4003 3706/4464 4528/4460
f 2780/4463 3811/4462 4529/4466 3742/4467
f 3742/4467 4529/4466 3812/4468 2781/4469
f 4529/4466 3735/4470 2773/4471 3812/4468
f 3811/4462 2774/4465 3735/4470 4529/4466
f 2781/4469 3812/4468 4530/4472 3743/4473
f 3743/4473 4530/4472 3813/4474 2782/4475
f 4530/4472 3734/4476 2772/4477 3813/4474
f 3812/4468 2773/4471 3734/4476 4530/4472
f 2782/4475 3813/4474 4531/4478 3744/4479
f 3744/4479 4531/4478 3814/4480 2783/4481
f 4531/4478 3733/4482 2771/4483 3814/4480
f 3813/4474 2772/4477 3733/4482 4531/4478
f 2783/4481 3814/4480 4532/4484 3745/4485
f 3745/4485 4532/4484 3815/4304 2784/4282
f 4532/4484 3732/4486 2770/4259 3815/4304
f 3814/4480 2771/4483 3732/4486 4532/4484
f 2711/4035 3621/4078 4533/4487 3712/4408
f 3712/4408 4533/4487 3816/4488 2804/4409
f 4533/4487 3756/4434 2795/4436 3816/4488
f 3621/4078 2710/4024 3756/4434 4533/4487
f 2804/4409 3816/4488 4534/4489 3765/4412
f 3765/4412 4534/4489 3817/4490 2803/4413
f 4534/4489 3757/4440 2796/4442 3817/4490
f 3816/4488 2795/4436 3757/4440 4534/4489
f 2803/4413 3817/4490 4535/4491 3764/4416
f 3764/4416 4535/4491 3818/4492 2802/4417
f 4535/4491 3758/4446 2797/4448 3818/4492
f 3817/4490 2796/4442 3758/4446 4535/4491
f 2802/4417 3818/4492 4536/4493 3763/4420
f 3763/4420 4536/4493 3819/4494 2801/4421
f 4536/4493 3759/4452 2798/4454 3819/4494
f 3818/4492 2797/4448 3759/4452 4536/4493
f 2801/4421 3819/4494 4537/4495 3762/4423
f 3762/4423 4537/4495 3820/4296 2800/4295
f 4537/4495 3760/4458 2799/4303 3820/4296
f 3819/4494 2798/4454 3760/4458 4537/4495
f 2709/4026 3613/4051 4538/4496 3710/4437
f 3710/4437 4538/4496 3821/4497 2794/4438
f 4538/4496 3709/4498 2789/4499 3821/4497
f 3613/4051 2708/4053 3709/4498 4538/4496
f 2794/4438 3821/4497 4539/4500 3755/4443
f 3755/4443 4539/4500 3822/4501 2793/4444
f 4539/4500 3750/4502 2788/4503 3822/4501
f 3821/4497 2789/4499 3750/4502 4539/4500
f 2793/4444 3822/4501 4540/4504 3754/4449
f 3754/4449 4540/4504 3823/4505 2792/4450
f 4540/4504 3749/4506 2787/4507 3823/4505
f 3822/4501 2788/4503 3749/4506 4540/4504
f 2792/4450 3823/4505 4541/4508 3753/4455
f 3753/4455 4541/4508 3824/4509 2791/4456
f 4541/4508 3748/4510 2786/4511 3824/4509
f 3823/4505 2787/4507 3748/4510 4541/4508
f 2791/4456 3824/4509 4542/4512 3752/4459
f 3752/4459 4542/4512 3825/4287 2790/4286
f 4542/4512 3747/4513 2785/4294 3825/4287
f 3824/4509 2786/4511 3747/4513 4542/4512
f 2451/2916 3620/4069 4543/4514 3205/3391
f 3205/3391 4543/4514 3826/4515 2536/3396
f 4543/4514 3707/4516 2779/4517 3826/4515
f 3620/4069 2715/4066 3707/4516 4543/4514
f 2536/3396 3826/4515 4544/4518 3252/3397
f 3252/3397 4544/4518 3827/4519 2535/3402
f 4544/4518 3740/4520 2778/4521 3827/4519
f 3826/4515 2779/4517 3740/4520 4544/4518
f 2535/3402 3827/4519 4545/4522 3251/3403
f 3251/3403 4545/4522 3828/4523 2534/3408
f 4545/4522 3739/4524 2777/4525 3828/4523
f 3827/4519 2778/4521 3739/4524 4545/4522
f 2534/3408 3828/4523 4546/4526 3250/3409
f 3250/3409 4546/4526 3829/4527 2533/3414
f 4546/4526 3738/4528 2776/4529 3829/4527
f 3828/4523 2777/4525 3738/4528 4546/4526
f 2533/3414 3829/4527 4547/4530 3249/3415
f 3249/3415 4547/4530 3830/4283 2532/3145
f 4547/4530 3737/4531 2775/4268 3830/4283
f 3829/4527 2776/4529 3737/4531 4547/4530
f 2708/4042 3612/4041 4548/4532 3709/4533
f 3709/4533 4548/4532 3831/4534 2789/4535
f 4548/4532 3741/4461 2780/4463 3831/4534
f 3612/4041 2707/4012 3741/4461 4548/4532
f 2789/4535 3831/4534 4549/4536 3750/4537
f 3750/4537 4549/4536 3832/4538 2788/4539
f 4549/4536 3742/4467 2781/4469 3832/4538
f 3831/4534 2780/4463 3742/4467 4549/4536
f 2788/4539 3832/4538 4550/4540 3749/4541
f 3749/4541 4550/4540 3833/4542 2787/4543
f 4550/4540 3743/4473 2782/4475 3833/4542
f 3832/4538 2781/4469 3743/4473 4550/4540
f 2787/4543 3833/4542 4551/4544 3748/4545
f 3748/4545 4551/4544 3834/4546 2786/4547
f 4551/4544 3744/4479 2783/4481 3834/4546
f 3833/4542 2782/4475 3744/4479 4551/4544
f 2786/4547 3834/4546 4552/4548 3747/4549
f 3747/4549 4552/4548 3835/4275 2785/4274
f 4552/4548 3745/4485 2784/4282 3835/4275
f 3834/4546 2783/4481 3745/4485 4552/4548
f 2715/4066 3619/4065 4553/4550 3707/4516
f 3707/4516 4553/4550 3836/4551 2779/4517
f 4553/4550 3704/4552 2764/4553 3836/4551
f 3619/4065 2714/4060 3704/4552 4553/4550
f 2779/4517 3836/4551 4554/4554 3740/4520
f 3740/4520 4554/4554 3837/4555 2778/4521
f 4554/4554 3725/4556 2763/4557 3837/4555
f 3836/4551 2764/4553 3725/4556 4554/4554
f 2778/4521 3837/4555 4555/4558 3739/4524
f 3739/4524 4555/4558 3838/4559 2777/4525
f 4555/4558 3724/4560 2762/4561 3838/4559
f 3837/4555 2763/4557 3724/4560 4555/4558
f 2777/4525 3838/4559 4556/4562 3738/4528
f 3738/4528 4556/4562 3839/4563 2776/4529
f 4556/4562 3723/4564 2761/4565 3839/4563
f 3838/4559 2762/4561 3723/4564 4556/4562
f 2776/4529 3839/4563 4557/4566 3737/4531
f 3737/4531 4557/4566 3840/4269 2775/4268
f 4557/4566 3722/4567 2760/4250 3840/4269
f 3839/4563 2761/4565 3722/4567 4557/4566
f 2706/4003 3611/4002 4558/4568 3706/4464
f 3706/4464 4558/4568 3841/4569 2774/4465
f 4558/4568 3726/4335 2765/4337 3841/4569
f 3611/4002 2705/4005 3726/4335 4558/4568
f 2774/4465 3841/4569 4559/4570 3735/4470
f 3735/4470 4559/4570 3842/4571 2773/4471
f 4559/4570 3727/4341 2766/4343 3842/4571
f 3841/4569 2765/4337 3727/4341 4559/4570
f 2773/4471 3842/4571 4560/4572 3734/4476
f 3734/4476 4560/4572 3843/4573 2772/4477
f 4560/4572 3728/4347 2767/4349 3843/4573
f 3842/4571 2766/4343 3728/4347 4560/4572
f 2772/4477 3843/4573 4561/4574 3733/4482
f 3733/4482 4561/4574 3844/4575 2771/4483
f 4561/4574 3729/4353 2768/4355 3844/4575
f 3843/4573 2767/4349 3729/4353 4561/4574
f 2771/4483 3844/4575 4562/4576 3732/4486
f 3732/4486 4562/4576 3845/4260 2770/4259
f 4562/4576 3730/4359 2769/4267 3845/4260
f 3844/4575 2768/4355 3730/4359 4562/4576
f 2714/4060 3618/4059 4563/4577 3704/4552
f 3704/4552 4563/4577 3846/4578 2764/4553
f 4563/4577 3716/4362 2755/4364 3846/4578
f 3618/4059 2713/4048 3716/4362 4563/4577
f 2764/4553 3846/4578 4564/4579 3725/4556
f 3725/4556 4564/4579 3847/4580 2763/4557
f 4564/4579 3717/4368 2756/4370 3847/4580
f 3846/4578 2755/4364 3717/4368 4564/4579
f 2763/4557 3847/4580 4565/4581 3724/4560
f 3724/4560 4565/4581 3848/4582 2762/4561
f 4565/4581 3718/4374 2757/4376 3848/4582
f 3847/4580 2756/4370 3718/4374 4565/4581
f 2762/4561 3848/4582 4566/4583 3723/4564
f 3723/4564 4566/4583 3849/4584 2761/4565
f 4566/4583 3719/4380 2758/4382 3849/4584
f 3848/4582 2757/4376 3719/4380 4566/4583
f 2761/4565 3849/4584 4567/4585 3722/4567
f 3722/4567 4567/4585 3850/4251 2760/4250
f 4567/4585 3720/4386 2759/4258 3850/4251
f 3849/4584 2758/4382 3720/4386 4567/4585
f 2821/3645 3852/3638 4568/4586 3851/4587
f 3851/4587 4568/4586 3853/4588 2820/4589
f 4568/4586 3360/4590 2574/4591 3853/4588
f 3852/3638 2575/3637 3360/4590 4568/4586
f 2820/4589 3854/4592 4569/4593 3851/4587
f 3851/4587 4569/4593 3856/3899 2821/3645
f 4569/4593 3855/4594 2822/3896 3856/3899
f 3854/4592 2823/4595 3855/4594 4569/4593
f 2823/4595 3857/4596 4570/4597 3855/4594
f 3855/4594 4570/4597 3859/3895 2822/3896
f 4570/4597 3858/4598 2825/3822 3859/3895
f 3857/4596 2824/4599 3858/4598 4570/4597
f 2824/4599 3860/4600 4571/4601 3858/4598
f 3858/4598 4571/4601 3862/3820 2825/3822
f 4571/4601 3861/4602 2827/3821 3862/3820
f 3860/4600 2826/4603 3861/4602 4571/4601
f 2826/4603 3863/4604 4572/4605 3861/4602
f 3861/4602 4572/4605 3865/3828 2827/3821
f 4572/4605 3864/4606 2829/3726 3865/3828
f 3863/4604 2828/4607 3864/4606 4572/4605
f 2828/4607 3866/4608 4573/4609 3864/4606
f 3864/4606 4573/4609 3868/3724 2829/3726
f 4573/4609 3867/4610 2831/3725 3868/3724
f 3866/4608 2830/4611 3867/4610 4573/4609
f 2830/4611 3869/4612 4574/4613 3867/4610
f 3867/4610 4574/4613 3871/3777 2831/3725
f 4574/4613 3870/4614 2833/3778 3871/3777
f 3869/4612 2832/4615 3870/4614 4574/4613
f 2832/4615 3872/4616 4575/4617 3870/4614
f 3870/4614 4575/4617 3874/3856 2833/3778
f 4575/4617 3873/4618 2835/3857 3874/3856
f 3872/4616 2834/4619 3873/4618 4575/4617
f 2837/4620 3876/4621 4576/4622 3875/4623
f 3875/4623 4576/4622 3877/3866 2836/3863
f 4576/4622 3385/3510 2590/2699 3877/3866
f 3876/4621 2591/3511 3385/3510 4576/4622
f 2834/4619 3878/4624 4577/4625 3873/4618
f 3873/4618 4577/4625 3879/3862 2835/3857
f 4577/4625 3875/4623 2836/3863 3879/3862
f 3878/4624 2837/4620 3875/4623 4577/4625
f 2346/3514 3464/4626 4578/4627 3389/3515
f 3389/3515 4578/4627 3853/4628 2574/3519
f 4578/4627 3880/3632 2820/3635 3853/4628
f 3464/4626 2620/3633 3880/3632 4578/4627
f 2646/3754 3501/3757 4579/4629 3914/4630
f 3914/4630 4579/4629 3906/4631 2844/4632
f 4579/4629 3913/4633 2845/4634 3906/4631
f 3501/3757 2648/3759 3913/4633 4579/4629
f 2630/3705 3480/3707 4580/4635 3916/4636
f 3916/4636 4580/4635 3901/4637 2838/4638
f 4580/4635 3915/4639 2840/4640 3901/4637
f 3480/3707 2634/3709 3915/4639 4580/4635
f 2642/3739 3495/3743 4581/4641 3918/4642
f 3918/4642 4581/4641 3904/4643 2842/4644
f 4581/4641 3917/4645 2843/4646 3904/4643
f 3495/3743 2644/3745 3917/4645 4581/4641
f 2658/3798 3518/3797 4582/4647 3920/4648
f 3920/4648 4582/4647 3910/4649 2849/4650
f 4582/4647 3919/4651 2848/4652 3910/4649
f 3518/3797 2656/3792 3919/4651 4582/4647
f 2634/3709 3489/3731 4583/4653 3915/4639
f 3915/4639 4583/4653 3902/4654 2840/4640
f 4583/4653 3921/4655 2841/4656 3902/4654
f 3489/3731 2640/3733 3921/4655 4583/4653
f 2654/3786 3512/3785 4584/4657 3923/4658
f 3923/4658 4584/4657 3908/4659 2847/4660
f 4584/4657 3922/4661 2846/4662 3908/4659
f 3512/3785 2650/3768 3922/4661 4584/4657
f 2650/3768 3505/3767 4585/4663 3922/4661
f 3922/4661 4585/4663 3907/4664 2846/4662
f 4585/4663 3924/4665 2839/4666 3907/4664
f 3505/3767 2632/3704 3924/4665 4585/4663
f 2661/3799 3520/3802 4586/4667 3925/4668
f 3925/4668 4586/4667 3911/4669 2850/4670
f 4586/4667 3920/4648 2849/4650 3911/4669
f 3520/3802 2658/3798 3920/4648 4586/4667
f 2644/3745 3498/3749 4587/4671 3917/4645
f 3917/4645 4587/4671 3905/4672 2843/4646
f 4587/4671 3914/4673 2844/4674 3905/4672
f 3498/3749 2646/3751 3914/4673 4587/4671
f 2632/3704 3477/3703 4588/4675 3924/4665
f 3924/4665 4588/4675 3900/4676 2839/4666
f 4588/4675 3916/4636 2838/4638 3900/4676
f 3477/3703 2630/3705 3916/4636 4588/4675
f 2640/3733 3492/3737 4589/4677 3921/4655
f 3921/4655 4589/4677 3903/4678 2841/4656
f 4589/4677 3918/4642 2842/4644 3903/4678
f 3492/3737 2642/3739 3918/4642 4589/4677
f 2648/3759 3522/3806 4590/4679 3913/4633
f 3913/4633 4590/4679 3912/4680 2845/4634
f 4590/4679 3925/4668 2850/4670 3912/4680
f 3522/3806 2661/3799 3925/4668 4590/4679
f 2656/3792 3515/3791 4591/4681 3919/4651
f 3919/4651 4591/4681 3909/4682 2848/4652
f 4591/4681 3923/4658 2847/4660 3909/4682
f 3515/3791 2654/3786 3923/4658 4591/4681
f 2844/4632 3906/4631 4592/4683 3940/4684
f 3940/4684 4592/4683 3932/4685 2857/4686
f 4592/4683 3939/4687 2858/4688 3932/4685
f 3906/4631 2845/4634 3939/4687 4592/4683
f 2846/4662 3907/4664 4593/4689 3942/4690
f 3942/4690 4593/4689 3933/4691 2859/4692
f 4593/4689 3941/4693 2852/4694 3933/4691
f 3907/4664 2839/4666 3941/4693 4593/4689
f 2839/4666 3900/4676 4594/4695 3941/4693
f 3941/4693 4594/4695 3926/4696 2852/4694
f 4594/4695 3943/4697 2851/4698 3926/4696
f 3900/4676 2838/4638 3943/4697 4594/4695
f 2847/4660 3908/4659 4595/4699 3944/4700
f 3944/4700 4595/4699 3934/4701 2860/4702
f 4595/4699 3942/4690 2859/4692 3934/4701
f 3908/4659 2846/4662 3942/4690 4595/4699
f 2838/4638 3901/4637 4596/4703 3943/4697
f 3943/4697 4596/4703 3927/4704 2851/4698
f 4596/4703 3945/4705 2853/4706 3927/4704
f 3901/4637 2840/4640 3945/4705 4596/4703
f 2848/4652 3909/4682 4597/4707 3946/4708
f 3946/4708 4597/4707 3935/4709 2861/4710
f 4597/4707 3944/4700 2860/4702 3935/4709
f 3909/4682 2847/4660 3944/4700 4597/4707
f 2840/4640 3902/4654 4598/4711 3945/4705
f 3945/4705 4598/4711 3928/4712 2853/4706
f 4598/4711 3947/4713 2854/4714 3928/4712
f 3902/4654 2841/4656 3947/4713 4598/4711
f 2849/4650 3910/4649 4599/4715 3948/4716
f 3948/4716 4599/4715 3936/4717 2862/4718
f 4599/4715 3946/4708 2861/4710 3936/4717
f 3910/4649 2848/4652 3946/4708 4599/4715
f 2841/4656 3903/4678 4600/4719 3947/4713
f 3947/4713 4600/4719 3929/4720 2854/4714
f 4600/4719 3949/4721 2855/4722 3929/4720
f 3903/4678 2842/4644 3949/4721 4600/4719
f 2850/4670 3911/4669 4601/4723 3950/4724
f 3950/4724 4601/4723 3937/4725 2863/4726
f 4601/4723 3948/4716 2862/4718 3937/4725
f 3911/4669 2849/4650 3948/4716 4601/4723
f 2842/4644 3904/4643 4602/4727 3949/4721
f 3949/4721 4602/4727 3930/4728 2855/4722
f 4602/4727 3951/4729 2856/4730 3930/4728
f 3904/4643 2843/4646 3951/4729 4602/4727
f 2845/4634 3912/4680 4603/4731 3939/4687
f 3939/4687 4603/4731 3938/4732 2858/4688
f 4603/4731 3950/4724 2863/4726 3938/4732
f 3912/4680 2850/4670 3950/4724 4603/4731
f 2843/4646 3905/4672 4604/4733 3951/4729
f 3951/4729 4604/4733 3931/4734 2856/4730
f 4604/4733 3940/4735 2857/4736 3931/4734
f 3905/4672 2844/4674 3940/4735 4604/4733
f 2717/4236 3687/4246 4605/4737 3636/4738
f 3636/4738 4605/4737 3984/4247 2874/4243
f 4605/4737 3978/4739 2883/4226 3984/4247
f 3687/4246 2718/4225 3978/4739 4605/4737
f 2721/4197 3685/4234 4606/4740 3640/4741
f 3640/4741 4606/4740 3954/4238 2884/4207
f 4606/4740 3636/4738 2874/4243 3954/4238
f 3685/4234 2717/4236 3636/4738 4606/4740
f 2718/4225 3683/4224 4607/4742 3978/4739
f 3978/4739 4607/4742 3981/4227 2883/4226
f 4607/4742 3980/4743 2885/4118 3981/4227
f 3683/4224 2722/4117 3980/4743 4607/4742
f 2725/4101 3681/4216 4608/4744 3644/4745
f 3644/4745 4608/4744 3957/4217 2872/4111
f 4608/4744 3982/4746 2887/4169 3957/4217
f 3681/4216 2726/4165 3982/4746 4608/4744
f 2729/4182 3679/4210 4609/4747 3648/4748
f 3648/4748 4609/4747 3953/4211 2868/4189
f 4609/4747 3985/4749 2890/4103 3953/4211
f 3679/4210 2730/4099 3985/4749 4609/4747
f 2733/4195 3677/4194 4610/4750 3652/4751
f 3652/4751 4610/4750 3988/4200 2891/4199
f 4610/4750 3640/4741 2884/4207 3988/4200
f 3677/4194 2721/4197 3640/4741 4610/4750
f 2735/4152 3675/4180 4611/4752 3654/4753
f 3654/4753 4611/4752 3969/4184 2889/4159
f 4611/4752 3648/4748 2868/4189 3969/4184
f 3675/4180 2729/4182 3648/4748 4611/4752
f 2726/4165 3673/4164 4612/4754 3982/4746
f 3982/4746 4612/4754 3956/4170 2887/4169
f 4612/4754 3652/4755 2891/4177 3956/4170
f 3673/4164 2733/4167 3652/4755 4612/4754
f 2737/4140 3671/4150 4613/4756 3656/4757
f 3656/4757 4613/4756 3977/4154 2892/4147
f 4613/4756 3654/4753 2889/4159 3977/4154
f 3671/4150 2735/4152 3654/4753 4613/4756
f 2739/4128 3669/4138 4614/4758 3658/4759
f 3658/4759 4614/4758 3960/4142 2894/4135
f 4614/4758 3656/4757 2892/4147 3960/4142
f 3669/4138 2737/4140 3656/4757 4614/4758
f 2477/2988 3667/4126 4615/4760 3151/4761
f 3151/4761 4615/4760 3991/4130 2880/2989
f 4615/4760 3658/4759 2894/4135 3991/4130
f 3667/4126 2739/4128 3658/4759 4615/4760
f 2722/4117 3665/4116 4616/4762 3980/4743
f 3980/4743 4616/4762 3992/4119 2885/4118
f 4616/4762 3990/4763 2895/4088 3992/4119
f 3665/4116 2740/4087 3990/4763 4616/4762
f 2730/4099 3663/4098 4617/4764 3985/4749
f 3985/4749 4617/4764 3993/4104 2890/4103
f 4617/4764 3644/4745 2872/4111 3993/4104
f 3663/4098 2725/4101 3644/4745 4617/4764
f 2740/4087 3661/4086 4618/4765 3990/4763
f 3990/4763 4618/4765 3994/4089 2895/4088
f 4618/4765 3976/4766 2882/2946 3994/4089
f 3661/4086 2480/2939 3976/4766 4618/4765
f 2453/3099 3127/4767 4619/4768 3182/3108
f 3182/3108 4619/4768 3963/4769 2454/3087
f 4619/4768 3995/3110 2869/3088 3963/4769
f 3127/4767 2867/3103 3995/3110 4619/4768
f 2457/3059 3131/4770 4620/4771 3180/3098
f 3180/3098 4620/4771 3127/4767 2453/3099
f 4620/4771 3996/3101 2867/3103 3127/4767
f 3131/4770 2870/3066 3996/3101 4620/4771
f 2454/3087 3963/4769 4621/4772 3178/3086
f 3178/3086 4621/4772 3965/4773 2458/2973
f 4621/4772 3997/3091 2871/2974 3965/4773
f 3963/4769 2869/3088 3997/3091 4621/4772
f 2461/2957 3135/4774 4622/4775 3176/3078
f 3176/3078 4622/4775 3967/4776 2462/3030
f 4622/4775 3998/3080 2873/3031 3967/4776
f 3135/4774 2866/2964 3998/3080 4622/4775
f 2465/3045 3139/4777 4623/4778 3174/3072
f 3174/3072 4623/4778 3970/4779 2466/2958
f 4623/4778 3999/3074 2876/2959 3970/4779
f 3139/4777 2865/3049 3999/3074 4623/4778
f 2469/3060 3143/4780 4624/4781 3172/3058
f 3172/3058 4624/4781 3131/4770 2457/3059
f 4624/4781 4000/3064 2870/3066 3131/4770
f 3143/4780 2877/3061 4000/3064 4624/4781
f 2471/3015 3145/4782 4625/4783 3170/3044
f 3170/3044 4625/4783 3139/4777 2465/3045
f 4625/4783 4001/3047 2865/3049 3139/4777
f 3145/4782 2875/3019 4001/3047 4625/4783
f 2462/3030 3967/4776 4626/4784 3168/3028
f 3168/3028 4626/4784 3143/4785 2469/3029
f 4626/4784 4002/3034 2877/3036 3143/4785
f 3967/4776 2873/3031 4002/3034 4626/4784
f 2473/3003 3147/4786 4627/4787 3166/3014
f 3166/3014 4627/4787 3145/4782 2471/3015
f 4627/4787 4003/3017 2875/3019 3145/4782
f 3147/4786 2878/3007 4003/3017 4627/4787
f 2475/2987 3149/4788 4628/4789 3164/3002
f 3164/3002 4628/4789 3147/4786 2473/3003
f 4628/4789 4004/3005 2878/3007 3147/4786
f 3149/4788 2879/2994 4004/3005 4628/4789
f 2477/2988 3151/4761 4629/4790 3162/2986
f 3162/2986 4629/4790 3149/4788 2475/2987
f 4629/4790 4005/2992 2879/2994 3149/4788
f 3151/4761 2880/2989 4005/2992 4629/4790
f 2458/2973 3965/4773 4630/4791 3160/2972
f 3160/2972 4630/4791 3975/4792 2478/2940
f 4630/4791 4006/2977 2881/2941 3975/4792
f 3965/4773 2871/2974 4006/2977 4630/4791
f 2466/2958 3970/4779 4631/4793 3158/2956
f 3158/2956 4631/4793 3135/4774 2461/2957
f 4631/4793 4007/2962 2866/2964 3135/4774
f 3970/4779 2876/2959 4007/2962 4631/4793
f 2478/2940 3975/4792 4632/4794 3156/2938
f 3156/2938 4632/4794 3976/4766 2480/2939
f 4632/4794 4008/2944 2882/2946 3976/4766
f 3975/4792 2881/2941 4008/2944 4632/4794
f 2683/3913 3566/3910 4633/4795 3622/4796
f 3622/4796 4633/4795 4014/4244 2893/4237
f 4633/4795 4033/4797 2911/4220 4014/4244
f 3566/3910 2682/3905 4033/4797 4633/4795
f 2694/3969 3594/3971 4634/4798 3624/4799
f 3624/4799 4634/4798 4040/4232 2909/4198
f 4634/4798 3622/4796 2893/4237 4040/4232
f 3594/3971 2683/3913 3622/4796 4634/4798
f 2682/3905 3561/3904 4635/4800 4033/4797
f 4033/4797 4635/4800 4016/4221 2911/4220
f 4635/4800 4042/4801 2916/4112 4016/4221
f 3561/3904 2680/3628 4042/4801 4635/4800
f 2697/3995 3595/3994 4636/4802 3626/4803
f 3626/4803 4636/4802 4021/4214 2864/4102
f 4636/4802 4044/4804 2917/4160 4021/4214
f 3595/3994 2696/3961 4044/4804 4636/4802
f 2699/3975 3596/3974 4637/4805 3628/4806
f 3628/4806 4637/4805 4043/4208 2910/4183
f 4637/4805 4045/4807 2918/4094 4043/4208
f 3596/3974 2698/3977 4045/4807 4637/4805
f 2695/3967 3589/3966 4638/4808 3630/4809
f 3630/4809 4638/4808 4013/4191 2912/4190
f 4638/4808 3624/4799 2909/4198 4013/4191
f 3589/3966 2694/3969 3624/4799 4638/4808
f 2700/3987 3597/3989 4639/4810 3631/4811
f 3631/4811 4639/4810 4009/4178 2913/4153
f 4639/4810 3628/4806 2910/4183 4009/4178
f 3597/3989 2699/3975 3628/4806 4639/4810
f 2696/3961 3590/3960 4640/4812 4044/4804
f 4044/4804 4640/4812 4029/4161 2917/4160
f 4640/4812 3630/4813 2912/4168 4029/4161
f 3590/3960 2695/3963 3630/4813 4640/4812
f 2701/3983 3598/3985 4641/4814 3632/4815
f 3632/4815 4641/4814 4011/4148 2914/4141
f 4641/4814 3631/4811 2913/4153 4011/4148
f 3598/3985 2700/3987 3631/4811 4641/4814
f 2702/3981 3599/3980 4642/4816 3633/4817
f 3633/4817 4642/4816 4036/4136 2915/4129
f 4642/4816 3632/4815 2914/4141 4036/4136
f 3599/3980 2701/3983 3632/4815 4642/4816
f 2436/2835 3600/3991 4643/4818 3123/4819
f 3123/4819 4643/4818 4047/4124 2902/2980
f 4643/4818 3633/4817 2915/4129 4047/4124
f 3600/3991 2702/3981 3633/4817 4643/4818
f 2680/3628 3559/3631 4644/4820 4042/4801
f 4042/4801 4644/4820 4048/4113 2916/4112
f 4644/4820 4046/4821 2919/4082 4048/4113
f 3559/3631 2620/3633 4046/4821 4644/4820
f 2698/3977 3607/3997 4645/4822 4045/4807
f 4045/4807 4645/4822 4049/4095 2918/4094
f 4645/4822 3626/4803 2864/4102 4049/4095
f 3607/3997 2697/3995 3626/4803 4645/4822
f 2620/3633 3464/4626 4646/4823 4046/4821
f 4046/4821 4646/4823 4050/4083 2919/4082
f 4646/4823 4032/4824 2908/2937 4050/4083
f 3464/4626 2346/3514 4032/4824 4646/4823
f 2414/2751 3111/4825 4647/4826 3052/2749
f 3052/2749 4647/4826 4027/4827 2413/2742
f 4647/4826 4051/3107 2903/3082 4027/4827
f 3111/4825 2888/3097 4051/3107 4647/4826
f 2427/2810 3113/4828 4648/4829 3082/2813
f 3082/2813 4648/4829 3111/4825 2414/2751
f 4648/4829 4052/3095 2888/3097 3111/4825
f 3113/4828 2896/3057 4052/3095 4648/4829
f 2413/2742 4027/4827 4649/4830 3047/2740
f 3047/2740 4649/4830 4028/4831 2411/2456
f 4649/4830 4053/3085 2904/2968 4028/4831
f 4027/4827 2903/3082 4053/3085 4649/4830
f 2430/2839 3115/4832 4650/4833 3083/2838
f 3083/2838 4650/4833 4030/4834 2429/2805
f 4650/4833 4054/3077 2906/3022 4030/4834
f 3115/4832 2886/2955 4054/3077 4650/4833
f 2432/2819 3117/4835 4651/4836 3084/2817
f 3084/2817 4651/4836 4031/4837 2431/2818
f 4651/4836 4055/3071 2907/2950 4031/4837
f 3117/4835 2897/3043 4055/3071 4651/4836
f 2428/2811 3119/4838 4652/4839 3077/2809
f 3077/2809 4652/4839 3113/4828 2427/2810
f 4652/4839 4056/3055 2896/3057 3113/4828
f 3119/4838 2898/3052 4056/3055 4652/4839
f 2433/2829 3120/4840 4653/4841 3085/2831
f 3085/2831 4653/4841 3117/4835 2432/2819
f 4653/4841 4057/3041 2897/3043 3117/4835
f 3120/4840 2899/3013 4057/3041 4653/4841
f 2429/2805 4030/4834 4654/4842 3078/2803
f 3078/2803 4654/4842 3119/4843 2428/2804
f 4654/4842 4058/3025 2898/3027 3119/4843
f 4030/4834 2906/3022 4058/3025 4654/4842
f 2434/2824 3121/4844 4655/4845 3086/2828
f 3086/2828 4655/4845 3120/4840 2433/2829
f 4655/4845 4059/3011 2899/3013 3120/4840
f 3121/4844 2900/3001 4059/3011 4655/4845
f 2435/2825 3122/4846 4656/4847 3087/2823
f 3087/2823 4656/4847 3121/4844 2434/2824
f 4656/4847 4060/2999 2900/3001 3121/4844
f 3122/4846 2901/2985 4060/2999 4656/4847
f 2436/2835 3123/4819 4657/4848 3088/2834
f 3088/2834 4657/4848 3122/4846 2435/2825
f 4657/4848 4061/2983 2901/2985 3122/4846
f 3123/4819 2902/2980 4061/2983 4657/4848
f 2411/2456 4028/4831 4658/4849 3045/2457
f 3045/2457 4658/4849 4010/4850 2345/2464
f 4658/4849 4062/2971 2905/2932 4010/4850
f 4028/4831 2904/2968 4062/2971 4658/4849
f 2431/2818 4031/4837 4659/4851 3096/2841
f 3096/2841 4659/4851 3115/4832 2430/2839
f 4659/4851 4063/2953 2886/2955 3115/4832
f 4031/4837 2907/2950 4063/2953 4659/4851
f 2345/2464 4010/4850 4660/4852 2948/3517
f 2948/3517 4660/4852 4032/4824 2346/3514
f 4660/4852 4064/2935 2908/2937 4032/4824
f 4010/4850 2905/2932 4064/2935 4660/4852
f 2741/4093 3662/4092 4661/4853 4094/4854
f 4094/4854 4661/4853 4070/4079 2942/4075
f 4661/4853 4079/4855 2929/2929 4070/4079
f 3662/4092 2481/2948 4079/4855 4661/4853
f 2731/4108 3664/4107 4662/4856 4091/4857
f 4091/4857 4662/4856 4082/4076 2939/4036
f 4662/4856 3643/4858 2944/4019 4082/4076
f 3664/4107 2724/4110 3643/4858 4662/4856
f 2723/4123 3666/4122 4663/4859 4090/4860
f 4090/4860 4663/4859 4092/4070 2938/4018
f 4663/4859 4094/4854 2942/4075 4092/4070
f 3666/4122 2741/4093 4094/4854 4663/4859
f 2476/2997 3668/4132 4664/4861 3150/4862
f 3150/4862 4664/4861 4101/4067 2936/2911
f 4664/4861 3657/4863 2947/4061 4101/4067
f 3668/4132 2738/4134 3657/4863 4664/4861
f 2738/4134 3670/4144 4665/4864 3657/4863
f 3657/4863 4665/4864 4065/4062 2947/4061
f 4665/4864 3655/4865 2946/4055 4065/4062
f 3670/4144 2736/4146 3655/4865 4665/4864
f 2736/4146 3672/4156 4666/4866 3655/4865
f 3655/4865 4666/4866 4084/4056 2946/4055
f 4666/4866 3653/4867 2940/4043 4084/4056
f 3672/4156 2734/4158 3653/4867 4666/4866
f 2727/4174 3674/4173 4667/4868 4066/4869
f 4066/4869 4667/4868 4067/4049 2922/4027
f 4667/4868 3651/4870 2945/4054 4067/4049
f 3674/4173 2732/4176 3651/4870 4667/4868
f 2734/4158 3676/4186 4668/4871 3653/4867
f 3653/4867 4668/4871 4096/4044 2940/4043
f 4668/4871 3647/4872 2941/4028 4096/4044
f 3676/4186 2728/4188 3647/4872 4668/4871
f 2732/4204 3678/4203 4669/4873 3651/4874
f 3651/4874 4669/4873 4077/4038 2945/4037
f 4669/4873 3639/4875 2943/4007 4077/4038
f 3678/4203 2720/4206 3639/4875 4669/4873
f 2728/4188 3680/4213 4670/4876 3647/4872
f 3647/4872 4670/4876 4098/4029 2941/4028
f 4670/4876 4091/4857 2939/4036 4098/4029
f 3680/4213 2731/4108 4091/4857 4670/4876
f 2724/4110 3682/4219 4671/4877 3643/4858
f 3643/4858 4671/4877 4103/4020 2944/4019
f 4671/4877 4066/4869 2922/4027 4103/4020
f 3682/4219 2727/4174 4066/4869 4671/4877
f 2719/4231 3684/4230 4672/4878 4072/4879
f 4072/4879 4672/4878 4104/4013 2921/4006
f 4672/4878 4090/4860 2938/4018 4104/4013
f 3684/4230 2723/4123 4090/4860 4672/4878
f 2720/4206 3686/4240 4673/4880 3639/4875
f 3639/4875 4673/4880 4105/4008 2943/4007
f 4673/4880 3635/4881 2937/3998 4105/4008
f 3686/4240 2716/4242 3635/4881 4673/4880
f 2716/4242 3688/4249 4674/4882 3635/4881
f 3635/4881 4674/4882 4106/3999 2937/3998
f 4674/4882 4072/4879 2921/4006 4106/3999
f 3688/4249 2719/4231 4072/4879 4674/4882
f 2479/2949 4078/4883 4675/4884 3157/2947
f 3157/2947 4675/4884 4079/4855 2481/2948
f 4675/4884 4107/2927 2929/2929 4079/4855
f 4078/4883 2928/2920 4107/2927 4675/4884
f 2467/2967 4076/4885 4676/4886 3159/2965
f 3159/2965 4676/4886 3134/4887 2460/2966
f 4676/4886 4108/2924 2932/2863 3134/4887
f 4076/4885 2927/2877 4108/2924 4676/4886
f 2459/2979 4075/4888 4677/4889 3161/2978
f 3161/2978 4677/4889 4078/4883 2479/2949
f 4677/4889 4109/2918 2928/2920 4078/4883
f 4075/4888 2926/2860 4109/2918 4677/4889
f 2476/2997 3150/4862 4678/4890 3163/2995
f 3163/2995 4678/4890 3148/4891 2474/2996
f 4678/4890 4110/2914 2935/2905 3148/4891
f 3150/4862 2936/2911 4110/2914 4678/4890
f 2474/2996 3148/4891 4679/4892 3165/3008
f 3165/3008 4679/4892 3146/4893 2472/3009
f 4679/4892 4111/2908 2934/2899 3146/4893
f 3148/4891 2935/2905 4111/2908 4679/4892
f 2472/3009 3146/4893 4680/4894 3167/3020
f 3167/3020 4680/4894 3144/4895 2470/3021
f 4680/4894 4112/2902 2920/2887 3144/4895
f 3146/4893 2934/2899 4112/2902 4680/4894
f 2463/3039 4071/4896 4681/4897 3169/3037
f 3169/3037 4681/4897 3142/4898 2468/3038
f 4681/4897 4113/2894 2933/2896 3142/4898
f 4071/4896 2923/2868 4113/2894 4681/4897
f 2470/3021 3144/4895 4682/4899 3171/3050
f 3171/3050 4682/4899 3138/4900 2464/3051
f 4682/4899 4114/2890 2925/2872 3138/4900
f 3144/4895 2920/2887 4114/2890 4682/4899
f 2468/3069 3142/4901 4683/4902 3173/3067
f 3173/3067 4683/4902 3130/4903 2456/3068
f 4683/4902 4115/2884 2931/2851 3130/4903
f 3142/4901 2933/2881 4115/2884 4683/4902
f 2464/3051 3138/4900 4684/4904 3175/3075
f 3175/3075 4684/4904 4076/4885 2467/2967
f 4684/4904 4116/2875 2927/2877 4076/4885
f 3138/4900 2925/2872 4116/2875 4684/4904
f 2460/2966 3134/4887 4685/4905 3177/3081
f 3177/3081 4685/4905 4071/4896 2463/3039
f 4685/4905 4117/2866 2923/2868 4071/4896
f 3134/4887 2932/2863 4117/2866 4685/4905
f 2455/3093 4073/4906 4686/4907 3179/3092
f 3179/3092 4686/4907 4075/4888 2459/2979
f 4686/4907 4118/2858 2926/2860 4075/4888
f 4073/4906 2924/2847 4118/2858 4686/4907
f 2456/3068 3130/4903 4687/4908 3181/3104
f 3181/3104 4687/4908 3126/4909 2452/3105
f 4687/4908 4119/2854 2930/2842 3126/4909
f 3130/4903 2931/2851 4119/2854 4687/4908
f 2452/3105 3126/4909 4688/4910 3183/3111
f 3183/3111 4688/4910 4073/4906 2455/3093
f 4688/4910 4120/2845 2924/2847 4073/4906
f 3126/4909 2930/2842 4120/2845 4688/4910
f 4/18 605/17 2949/2471 2348/2473
f 605/17 3/16 2347/2472 2949/2471
f 606/281 5/274 2349/2729 2950/2735
f 3/16 606/281 2950/2735 2347/2472
f 607/277 6/190 2350/2645 2951/2730
f 5/274 607/277 2951/2730 2349/2729
f 608/193 7/198 2351/2653 2952/2646
f 6/190 608/193 2952/2646 2350/2645
f 609/203 8/94 2352/2549 2953/2657
f 7/198 609/203 2953/2657 2351/2653
f 610/97 9/102 2353/2557 2954/2550
f 8/94 610/97 2954/2550 2352/2549
f 611/150 10/154 2354/2609 2955/2604
f 9/102 611/150 2955/2604 2353/2557
f 612/229 11/233 2355/2688 2956/2683
f 10/154 612/229 2956/2683 2354/2609
f 613/235 13/239 2357/2694 2957/2689
f 11/233 613/235 2957/2689 2355/2688
f 614/241 12/245 2356/2700 2958/2695
f 13/239 614/241 2958/2695 2357/2694
f 138/728 840/727 3184/727 2482/728
f 840/727 139/726 2483/726 3184/727
f 841/739 138/728 2482/728 3185/739
f 140/740 841/739 3185/739 2484/740
f 842/746 140/740 2484/740 3186/746
f 141/672 842/746 3186/746 2485/672
f 843/673 141/672 2485/672 3187/673
f 142/674 843/673 3187/673 2486/674
f 844/688 143/687 2487/687 3188/688
f 144/689 844/688 3188/688 2488/689
f 845/703 144/702 2488/702 3189/703
f 145/704 845/703 3189/703 2489/704
f 846/716 142/674 2486/674 3190/716
f 143/687 846/716 3190/716 2487/687
f 847/719 145/704 2489/704 3191/719
f 146/711 847/719 3191/719 2490/711
f 848/733 147/713 2491/713 3192/733
f 148/734 848/733 3192/733 2492/734
f 849/743 148/734 2492/734 3193/743
f 149/663 849/743 3193/743 2493/663
f 850/664 149/663 2493/663 3194/664
f 150/665 850/664 3194/664 2494/665
f 851/679 150/665 2494/665 3195/679
f 151/680 851/679 3195/679 2495/680
f 852/694 151/680 2495/680 3196/694
f 152/695 852/694 3196/694 2496/695
f 147/713 853/712 3197/712 2491/713
f 853/712 146/711 2490/711 3197/712
f 264/1128 1094/1134 3438/1134 2608/1128
f 1094/1134 263/1133 2607/1133 3438/1134
f 1095/1142 265/1141 2609/1141 3439/1142
f 263/1133 1095/1142 3439/1142 2607/1133
f 1096/1150 266/1149 2610/1149 3440/1150
f 265/1141 1096/1150 3440/1150 2609/1141
f 1097/1158 267/1157 2611/1157 3441/1158
f 266/1149 1097/1158 3441/1158 2610/1149
f 1098/1166 268/1165 2612/1165 3442/1166
f 267/1157 1098/1166 3442/1166 2611/1157
f 1099/1172 269/1171 2613/1171 3443/1172
f 268/1165 1099/1172 3443/1172 2612/1165
f 1100/1123 270/1122 2614/1122 3444/1123
f 269/1124 1100/1123 3444/1123 2613/1124
f 1101/1129 264/1128 2608/1128 3445/1129
f 271/1130 1101/1129 3445/1129 2615/1130
f 1102/1137 271/1130 2615/1130 3446/1137
f 272/1138 1102/1137 3446/1137 2616/1138
f 1103/1145 272/1138 2616/1138 3447/1145
f 273/1146 1103/1145 3447/1145 2617/1146
f 1104/1153 273/1146 2617/1146 3448/1153
f 274/1154 1104/1153 3448/1153 2618/1154
f 275/1162 1105/1161 3449/1161 2619/1162
f 1105/1161 274/1154 2618/1154 3449/1161
f 270/1122 1106/1168 3450/1168 2614/1122
f 1106/1168 275/1162 2619/1162 3450/1168
f 1121/1187 4/1186 2348/3642 3465/3641
f 277/1188 1121/1187 3465/3641 2621/3644
f 278/1436 1122/1442 3466/3898 2622/3891
f 1122/1442 277/1188 2621/3644 3466/3898
f 279/1359 1123/1437 3467/3894 2623/3814
f 1123/1437 278/1436 2622/3891 3467/3894
f 280/1363 1124/1360 3468/3817 2624/3819
f 1124/1360 279/1359 2623/3814 3468/3817
f 281/1263 1125/1371 3469/3827 2625/3718
f 1125/1371 280/1363 2624/3819 3469/3827
f 282/1267 1126/1264 3470/3721 2626/3723
f 1126/1264 281/1263 2625/3718 3470/3721
f 283/1320 1127/1318 3471/3774 2627/3776
f 1127/1318 282/1267 2626/3723 3471/3774
f 284/1399 1128/1397 3472/3853 2628/3855
f 1128/1397 283/1320 2627/3776 3472/3853
f 285/1405 1129/1403 3473/3859 2629/3861
f 1129/1403 284/1399 2628/3855 3473/3859
f 12/245 1130/1409 3474/3865 2356/2700
f 1130/1409 285/1405 2629/3861 3474/3865
f 1345/1860 398/1859 2742/1859 3689/1860
f 139/726 1345/1860 3689/1860 2483/726
f 398/1859 1346/1872 3690/1872 2742/1859
f 1346/1872 399/1871 2743/1871 3690/1872
f 399/1871 1347/1878 3691/1878 2743/1871
f 1347/1878 400/1810 2744/1810 3691/1878
f 400/1810 1348/1809 3692/1809 2744/1810
f 1348/1809 401/1808 2745/1808 3692/1809
f 402/1825 1349/1824 3693/1824 2746/1825
f 1349/1824 403/1823 2747/1823 3693/1824
f 403/1837 1350/1836 3694/1836 2747/1837
f 1350/1836 404/1835 2748/1835 3694/1836
f 401/1808 1351/1851 3695/1851 2745/1808
f 1351/1851 402/1825 2746/1825 3695/1851
f 404/1835 1352/1854 3696/1854 2748/1835
f 1352/1854 405/1846 2749/1846 3696/1854
f 406/1844 1353/1866 3697/1866 2750/1844
f 1353/1866 407/1865 2751/1865 3697/1866
f 407/1865 1354/1875 3698/1875 2751/1865
f 1354/1875 408/1801 2752/1801 3698/1875
f 408/1801 1355/1800 3699/1800 2752/1801
f 1355/1800 409/1799 2753/1799 3699/1800
f 409/1799 1356/1818 3700/1818 2753/1799
f 1356/1818 410/1817 2754/1817 3700/1818
f 410/1817 1357/1830 3701/1830 2754/1817
f 1357/1830 152/695 2496/695 3701/1830
f 1358/1845 406/1844 2750/1844 3702/1845
f 405/1846 1358/1845 3702/1845 2749/1846
f 1582/2241 508/2238 2852/2238 3926/2241
f 507/2242 1582/2241 3926/2241 2851/2242
f 509/2250 1583/2249 3927/2249 2853/2250
f 1583/2249 507/2242 2851/2242 3927/2249
f 510/2258 1584/2257 3928/2257 2854/2258
f 1584/2257 509/2250 2853/2250 3928/2257
f 511/2266 1585/2265 3929/2265 2855/2266
f 1585/2265 510/2258 2854/2258 3929/2265
f 512/2274 1586/2273 3930/2273 2856/2274
f 1586/2273 511/2266 2855/2266 3930/2273
f 513/2280 1587/2279 3931/2279 2857/2280
f 1587/2279 512/2274 2856/2274 3931/2279
f 514/2232 1588/2231 3932/2231 2858/2232
f 1588/2231 513/2230 2857/2230 3932/2231
f 508/2238 1589/2237 3933/2237 2852/2238
f 1589/2237 515/2236 2859/2236 3933/2237
f 515/2236 1590/2247 3934/2247 2859/2236
f 1590/2247 516/2246 2860/2246 3934/2247
f 516/2246 1591/2255 3935/2255 2860/2246
f 1591/2255 517/2254 2861/2254 3935/2255
f 517/2254 1592/2263 3936/2263 2861/2254
f 1592/2263 518/2262 2862/2262 3936/2263
f 1593/2271 519/2270 2863/2270 3937/2271
f 518/2262 1593/2271 3937/2271 2862/2262
f 1594/2277 514/2232 2858/2232 3938/2277
f 519/2270 1594/2277 3938/2277 2863/2270
